"file_name","pop","count"
vi201102.001,root,4320
vi201102.001,Bacteria,42
vi201102.001,HNA_Bacteria,35
vi201102.001,LNA_Bacteria,7
vi201102.001,Viruses,2773
vi201102.001,V1,2705
vi201102.001,V2,43
vi201102.001,V3,0
vi201102.002,root,95715
vi201102.002,Bacteria,88
vi201102.002,HNA_Bacteria,68
vi201102.002,LNA_Bacteria,20
vi201102.002,Viruses,1615
vi201102.002,V1,1105
vi201102.002,V2,24
vi201102.002,V3,0
vi201102.003,root,1950
vi201102.003,Bacteria,12
vi201102.003,HNA_Bacteria,11
vi201102.003,LNA_Bacteria,1
vi201102.003,Viruses,1117
vi201102.003,V1,1088
vi201102.003,V2,17
vi201102.003,V3,0
vi201102.004,root,1680
vi201102.004,Bacteria,12
vi201102.004,HNA_Bacteria,11
vi201102.004,LNA_Bacteria,1
vi201102.004,Viruses,778
vi201102.004,V1,767
vi201102.004,V2,4
vi201102.004,V3,0
vi201102.005,root,1215
vi201102.005,Bacteria,3
vi201102.005,HNA_Bacteria,1
vi201102.005,LNA_Bacteria,2
vi201102.005,Viruses,675
vi201102.005,V1,656
vi201102.005,V2,9
vi201102.005,V3,1
vi201102.006,root,1275
vi201102.006,Bacteria,8
vi201102.006,HNA_Bacteria,8
vi201102.006,LNA_Bacteria,0
vi201102.006,Viruses,690
vi201102.006,V1,668
vi201102.006,V2,15
vi201102.006,V3,1
vi201102.021,root,34710
vi201102.021,Bacteria,19
vi201102.021,HNA_Bacteria,10
vi201102.021,LNA_Bacteria,9
vi201102.021,Viruses,33535
vi201102.021,V1,26785
vi201102.021,V2,5856
vi201102.021,V3,933
vi201102.022,root,30705
vi201102.022,Bacteria,9
vi201102.022,HNA_Bacteria,2
vi201102.022,LNA_Bacteria,7
vi201102.022,Viruses,29794
vi201102.022,V1,23838
vi201102.022,V2,5151
vi201102.022,V3,799
vi201102.023,root,33105
vi201102.023,Bacteria,11
vi201102.023,HNA_Bacteria,7
vi201102.023,LNA_Bacteria,4
vi201102.023,Viruses,32452
vi201102.023,V1,25710
vi201102.023,V2,5780
vi201102.023,V3,975
vi201102.024,root,28110
vi201102.024,Bacteria,11
vi201102.024,HNA_Bacteria,8
vi201102.024,LNA_Bacteria,3
vi201102.024,Viruses,27307
vi201102.024,V1,21915
vi201102.024,V2,4577
vi201102.024,V3,783
vi201102.025,root,27195
vi201102.025,Bacteria,17
vi201102.025,HNA_Bacteria,5
vi201102.025,LNA_Bacteria,12
vi201102.025,Viruses,26459
vi201102.025,V1,21215
vi201102.025,V2,4476
vi201102.025,V3,750
vi201102.026,root,28455
vi201102.026,Bacteria,11
vi201102.026,HNA_Bacteria,4
vi201102.026,LNA_Bacteria,7
vi201102.026,Viruses,27830
vi201102.026,V1,22616
vi201102.026,V2,4482
vi201102.026,V3,734
vi201102.027,root,1290
vi201102.027,Bacteria,6
vi201102.027,HNA_Bacteria,5
vi201102.027,LNA_Bacteria,1
vi201102.027,Viruses,645
vi201102.027,V1,622
vi201102.027,V2,16
vi201102.027,V3,0
vi201102.028,root,1080
vi201102.028,Bacteria,5
vi201102.028,HNA_Bacteria,5
vi201102.028,LNA_Bacteria,0
vi201102.028,Viruses,627
vi201102.028,V1,607
vi201102.028,V2,13
vi201102.028,V3,1
vi201102.029,root,97530
vi201102.029,Bacteria,74
vi201102.029,HNA_Bacteria,60
vi201102.029,LNA_Bacteria,14
vi201102.029,Viruses,904
vi201102.029,V1,693
vi201102.029,V2,23
vi201102.029,V3,0
vi201102.030,root,1140
vi201102.030,Bacteria,8
vi201102.030,HNA_Bacteria,5
vi201102.030,LNA_Bacteria,3
vi201102.030,Viruses,839
vi201102.030,V1,811
vi201102.030,V2,22
vi201102.030,V3,1
vi201102.031,root,1170
vi201102.031,Bacteria,10
vi201102.031,HNA_Bacteria,8
vi201102.031,LNA_Bacteria,2
vi201102.031,Viruses,605
vi201102.031,V1,584
vi201102.031,V2,20
vi201102.031,V3,0
vi201102.032,root,1485
vi201102.032,Bacteria,68
vi201102.032,HNA_Bacteria,66
vi201102.032,LNA_Bacteria,2
vi201102.032,Viruses,531
vi201102.032,V1,513
vi201102.032,V2,9
vi201102.032,V3,0
vi201102.033,root,915
vi201102.033,Bacteria,4
vi201102.033,HNA_Bacteria,4
vi201102.033,LNA_Bacteria,0
vi201102.033,Viruses,578
vi201102.033,V1,559
vi201102.033,V2,14
vi201102.033,V3,0
vi201102.036,root,23865
vi201102.036,Bacteria,3004
vi201102.036,HNA_Bacteria,2232
vi201102.036,LNA_Bacteria,772
vi201102.036,Viruses,18905
vi201102.036,V1,14367
vi201102.036,V2,2862
vi201102.036,V3,1312
vi201102.037,root,22740
vi201102.037,Bacteria,2867
vi201102.037,HNA_Bacteria,2143
vi201102.037,LNA_Bacteria,724
vi201102.037,Viruses,17867
vi201102.037,V1,13374
vi201102.037,V2,2770
vi201102.037,V3,1437
vi201102.038,root,23310
vi201102.038,Bacteria,3017
vi201102.038,HNA_Bacteria,2245
vi201102.038,LNA_Bacteria,772
vi201102.038,Viruses,18410
vi201102.038,V1,13758
vi201102.038,V2,2809
vi201102.038,V3,1561
vi201102.039,root,23640
vi201102.039,Bacteria,3144
vi201102.039,HNA_Bacteria,2388
vi201102.039,LNA_Bacteria,756
vi201102.039,Viruses,18214
vi201102.039,V1,13739
vi201102.039,V2,2696
vi201102.039,V3,1457
vi201102.040,root,23145
vi201102.040,Bacteria,3161
vi201102.040,HNA_Bacteria,2343
vi201102.040,LNA_Bacteria,818
vi201102.040,Viruses,18064
vi201102.040,V1,13250
vi201102.040,V2,2955
vi201102.040,V3,1563
vi201102.041,root,22350
vi201102.041,Bacteria,3146
vi201102.041,HNA_Bacteria,2354
vi201102.041,LNA_Bacteria,792
vi201102.041,Viruses,17443
vi201102.041,V1,12876
vi201102.041,V2,2695
vi201102.041,V3,1572
vi201102.043,root,20970
vi201102.043,Bacteria,14
vi201102.043,HNA_Bacteria,10
vi201102.043,LNA_Bacteria,4
vi201102.043,Viruses,20573
vi201102.043,V1,9279
vi201102.043,V2,10557
vi201102.043,V3,804
vi201102.044,root,11190
vi201102.044,Bacteria,15
vi201102.044,HNA_Bacteria,10
vi201102.044,LNA_Bacteria,5
vi201102.044,Viruses,10848
vi201102.044,V1,5240
vi201102.044,V2,5220
vi201102.044,V3,398
vi201102.045,root,5580
vi201102.045,Bacteria,8
vi201102.045,HNA_Bacteria,8
vi201102.045,LNA_Bacteria,0
vi201102.045,Viruses,5290
vi201102.045,V1,2879
vi201102.045,V2,2197
vi201102.045,V3,201
vi201102.046,root,4080
vi201102.046,Bacteria,4
vi201102.046,HNA_Bacteria,4
vi201102.046,LNA_Bacteria,0
vi201102.046,Viruses,3831
vi201102.046,V1,2231
vi201102.046,V2,1491
vi201102.046,V3,116
vi201102.047,root,9630
vi201102.047,Bacteria,13
vi201102.047,HNA_Bacteria,11
vi201102.047,LNA_Bacteria,2
vi201102.047,Viruses,9221
vi201102.047,V1,5205
vi201102.047,V2,3757
vi201102.047,V3,271
vi201102.049,root,22155
vi201102.049,Bacteria,2842
vi201102.049,HNA_Bacteria,2163
vi201102.049,LNA_Bacteria,679
vi201102.049,Viruses,17106
vi201102.049,V1,12988
vi201102.049,V2,2581
vi201102.049,V3,1231
vi201102.050,root,22215
vi201102.050,Bacteria,2967
vi201102.050,HNA_Bacteria,2262
vi201102.050,LNA_Bacteria,705
vi201102.050,Viruses,16861
vi201102.050,V1,12654
vi201102.050,V2,2630
vi201102.050,V3,1304
vi201102.051,root,19920
vi201102.051,Bacteria,2640
vi201102.051,HNA_Bacteria,2052
vi201102.051,LNA_Bacteria,588
vi201102.051,Viruses,15256
vi201102.051,V1,11446
vi201102.051,V2,2427
vi201102.051,V3,1153
vi201102.052,root,26415
vi201102.052,Bacteria,4051
vi201102.052,HNA_Bacteria,3229
vi201102.052,LNA_Bacteria,822
vi201102.052,Viruses,20293
vi201102.052,V1,15985
vi201102.052,V2,2738
vi201102.052,V3,1291
vi201102.053,root,25650
vi201102.053,Bacteria,4005
vi201102.053,HNA_Bacteria,3270
vi201102.053,LNA_Bacteria,735
vi201102.053,Viruses,19706
vi201102.053,V1,14849
vi201102.053,V2,3105
vi201102.053,V3,1501
vi201102.054,root,25650
vi201102.054,Bacteria,4075
vi201102.054,HNA_Bacteria,3363
vi201102.054,LNA_Bacteria,712
vi201102.054,Viruses,19588
vi201102.054,V1,15184
vi201102.054,V2,2836
vi201102.054,V3,1319
vi201102.055,root,1830
vi201102.055,Bacteria,14
vi201102.055,HNA_Bacteria,14
vi201102.055,LNA_Bacteria,0
vi201102.055,Viruses,1560
vi201102.055,V1,1386
vi201102.055,V2,164
vi201102.055,V3,3
vi201102.056,root,4965
vi201102.056,Bacteria,273
vi201102.056,HNA_Bacteria,236
vi201102.056,LNA_Bacteria,37
vi201102.056,Viruses,3693
vi201102.056,V1,2860
vi201102.056,V2,730
vi201102.056,V3,80
vi201102.057,root,1335
vi201102.057,Bacteria,5
vi201102.057,HNA_Bacteria,5
vi201102.057,LNA_Bacteria,0
vi201102.057,Viruses,943
vi201102.057,V1,801
vi201102.057,V2,122
vi201102.057,V3,11
vi201102.058,root,1500
vi201102.058,Bacteria,8
vi201102.058,HNA_Bacteria,6
vi201102.058,LNA_Bacteria,2
vi201102.058,Viruses,1269
vi201102.058,V1,1042
vi201102.058,V2,207
vi201102.058,V3,10
vi201102.059,root,1125
vi201102.059,Bacteria,1
vi201102.059,HNA_Bacteria,1
vi201102.059,LNA_Bacteria,0
vi201102.059,Viruses,782
vi201102.059,V1,677
vi201102.059,V2,94
vi201102.059,V3,6
vi201102.061,root,27495
vi201102.061,Bacteria,5535
vi201102.061,HNA_Bacteria,4627
vi201102.061,LNA_Bacteria,908
vi201102.061,Viruses,19155
vi201102.061,V1,14359
vi201102.061,V2,2993
vi201102.061,V3,1381
vi201102.062,root,29625
vi201102.062,Bacteria,5584
vi201102.062,HNA_Bacteria,4748
vi201102.062,LNA_Bacteria,836
vi201102.062,Viruses,21664
vi201102.062,V1,16587
vi201102.062,V2,3146
vi201102.062,V3,1546
vi201102.063,root,27420
vi201102.063,Bacteria,5443
vi201102.063,HNA_Bacteria,4632
vi201102.063,LNA_Bacteria,811
vi201102.063,Viruses,19443
vi201102.063,V1,14647
vi201102.063,V2,2992
vi201102.063,V3,1479
vi201102.064,root,34290
vi201102.064,Bacteria,6645
vi201102.064,HNA_Bacteria,5820
vi201102.064,LNA_Bacteria,825
vi201102.064,Viruses,25233
vi201102.064,V1,19649
vi201102.064,V2,3748
vi201102.064,V3,1530
vi201102.070,root,435
vi201102.070,Bacteria,21
vi201102.070,HNA_Bacteria,18
vi201102.070,LNA_Bacteria,3
vi201102.070,Viruses,275
vi201102.070,V1,256
vi201102.070,V2,9
vi201102.070,V3,2
vi201102.071,root,495
vi201102.071,Bacteria,7
vi201102.071,HNA_Bacteria,6
vi201102.071,LNA_Bacteria,1
vi201102.071,Viruses,254
vi201102.071,V1,243
vi201102.071,V2,7
vi201102.071,V3,0
vi201102.072,root,570
vi201102.072,Bacteria,6
vi201102.072,HNA_Bacteria,4
vi201102.072,LNA_Bacteria,2
vi201102.072,Viruses,305
vi201102.072,V1,298
vi201102.072,V2,4
vi201102.072,V3,0
vi201102.073,root,645
vi201102.073,Bacteria,8
vi201102.073,HNA_Bacteria,4
vi201102.073,LNA_Bacteria,4
vi201102.073,Viruses,361
vi201102.073,V1,333
vi201102.073,V2,20
vi201102.073,V3,1
vi201102.074,root,585
vi201102.074,Bacteria,1
vi201102.074,HNA_Bacteria,1
vi201102.074,LNA_Bacteria,0
vi201102.074,Viruses,307
vi201102.074,V1,287
vi201102.074,V2,15
vi201102.074,V3,1
vi201102.075,root,2865
vi201102.075,Bacteria,11
vi201102.075,HNA_Bacteria,2
vi201102.075,LNA_Bacteria,9
vi201102.075,Viruses,1403
vi201102.075,V1,1348
vi201102.075,V2,14
vi201102.075,V3,0
vi201102.076,root,2100
vi201102.076,Bacteria,73
vi201102.076,HNA_Bacteria,49
vi201102.076,LNA_Bacteria,24
vi201102.076,Viruses,1396
vi201102.076,V1,1102
vi201102.076,V2,251
vi201102.076,V3,26
vi201102.077,root,615
vi201102.077,Bacteria,3
vi201102.077,HNA_Bacteria,2
vi201102.077,LNA_Bacteria,1
vi201102.077,Viruses,333
vi201102.077,V1,311
vi201102.077,V2,17
vi201102.077,V3,0
vi201102.079,root,20490
vi201102.079,Bacteria,2779
vi201102.079,HNA_Bacteria,2110
vi201102.079,LNA_Bacteria,669
vi201102.079,Viruses,15316
vi201102.079,V1,11049
vi201102.079,V2,2669
vi201102.079,V3,1296
vi201102.080,root,21180
vi201102.080,Bacteria,2704
vi201102.080,HNA_Bacteria,1986
vi201102.080,LNA_Bacteria,718
vi201102.080,Viruses,16097
vi201102.080,V1,11727
vi201102.080,V2,2752
vi201102.080,V3,1368
vi201102.081,root,21450
vi201102.081,Bacteria,2762
vi201102.081,HNA_Bacteria,2057
vi201102.081,LNA_Bacteria,705
vi201102.081,Viruses,16129
vi201102.081,V1,11706
vi201102.081,V2,2745
vi201102.081,V3,1376
vi201102.082,root,20940
vi201102.082,Bacteria,2742
vi201102.082,HNA_Bacteria,2012
vi201102.082,LNA_Bacteria,730
vi201102.082,Viruses,16061
vi201102.082,V1,11955
vi201102.082,V2,2568
vi201102.082,V3,1260
vi201102.083,root,20205
vi201102.083,Bacteria,2628
vi201102.083,HNA_Bacteria,1914
vi201102.083,LNA_Bacteria,714
vi201102.083,Viruses,15297
vi201102.083,V1,10964
vi201102.083,V2,2741
vi201102.083,V3,1292
vi201102.084,root,20385
vi201102.084,Bacteria,2694
vi201102.084,HNA_Bacteria,2041
vi201102.084,LNA_Bacteria,653
vi201102.084,Viruses,15496
vi201102.084,V1,11469
vi201102.084,V2,2540
vi201102.084,V3,1235
vi201102.085,root,390
vi201102.085,Bacteria,11
vi201102.085,HNA_Bacteria,9
vi201102.085,LNA_Bacteria,2
vi201102.085,Viruses,270
vi201102.085,V1,258
vi201102.085,V2,8
vi201102.085,V3,1
vi201102.086,root,630
vi201102.086,Bacteria,5
vi201102.086,HNA_Bacteria,4
vi201102.086,LNA_Bacteria,1
vi201102.086,Viruses,411
vi201102.086,V1,395
vi201102.086,V2,13
vi201102.086,V3,0
vi201102.087,root,585
vi201102.087,Bacteria,0
vi201102.087,HNA_Bacteria,0
vi201102.087,LNA_Bacteria,0
vi201102.087,Viruses,337
vi201102.087,V1,325
vi201102.087,V2,10
vi201102.087,V3,0
vi201102.088,root,975
vi201102.088,Bacteria,5
vi201102.088,HNA_Bacteria,3
vi201102.088,LNA_Bacteria,2
vi201102.088,Viruses,443
vi201102.088,V1,433
vi201102.088,V2,12
vi201102.088,V3,0
vi201102.089,root,765
vi201102.089,Bacteria,4
vi201102.089,HNA_Bacteria,1
vi201102.089,LNA_Bacteria,3
vi201102.089,Viruses,451
vi201102.089,V1,434
vi201102.089,V2,17
vi201102.089,V3,0
vi201102.090,root,540
vi201102.090,Bacteria,4
vi201102.090,HNA_Bacteria,1
vi201102.090,LNA_Bacteria,3
vi201102.090,Viruses,346
vi201102.090,V1,332
vi201102.090,V2,13
vi201102.090,V3,0
vi201102.091,root,20910
vi201102.091,Bacteria,2813
vi201102.091,HNA_Bacteria,2097
vi201102.091,LNA_Bacteria,716
vi201102.091,Viruses,15615
vi201102.091,V1,11782
vi201102.091,V2,2437
vi201102.091,V3,1123
vi201102.092,root,24900
vi201102.092,Bacteria,3073
vi201102.092,HNA_Bacteria,2242
vi201102.092,LNA_Bacteria,831
vi201102.092,Viruses,18650
vi201102.092,V1,13627
vi201102.092,V2,3098
vi201102.092,V3,1539
vi201102.093,root,20115
vi201102.093,Bacteria,2653
vi201102.093,HNA_Bacteria,1951
vi201102.093,LNA_Bacteria,702
vi201102.093,Viruses,15485
vi201102.093,V1,11266
vi201102.093,V2,2484
vi201102.093,V3,1504
vi201102.094,root,20370
vi201102.094,Bacteria,2435
vi201102.094,HNA_Bacteria,1679
vi201102.094,LNA_Bacteria,756
vi201102.094,Viruses,16357
vi201102.094,V1,12043
vi201102.094,V2,2660
vi201102.094,V3,1437
vi201102.095,root,22890
vi201102.095,Bacteria,2565
vi201102.095,HNA_Bacteria,1943
vi201102.095,LNA_Bacteria,622
vi201102.095,Viruses,18141
vi201102.095,V1,13634
vi201102.095,V2,2884
vi201102.095,V3,1409
vi201102.096,root,21840
vi201102.096,Bacteria,2581
vi201102.096,HNA_Bacteria,1933
vi201102.096,LNA_Bacteria,648
vi201102.096,Viruses,16898
vi201102.096,V1,12542
vi201102.096,V2,2717
vi201102.096,V3,1358
vi201102.097,root,600
vi201102.097,Bacteria,8
vi201102.097,HNA_Bacteria,6
vi201102.097,LNA_Bacteria,2
vi201102.097,Viruses,454
vi201102.097,V1,441
vi201102.097,V2,11
vi201102.097,V3,0
vi201102.098,root,600
vi201102.098,Bacteria,7
vi201102.098,HNA_Bacteria,2
vi201102.098,LNA_Bacteria,5
vi201102.098,Viruses,356
vi201102.098,V1,324
vi201102.098,V2,4
vi201102.098,V3,0
vi201102.099,root,30300
vi201102.099,Bacteria,7173
vi201102.099,HNA_Bacteria,6215
vi201102.099,LNA_Bacteria,958
vi201102.099,Viruses,19961
vi201102.099,V1,14949
vi201102.099,V2,3143
vi201102.099,V3,1468
vi201102.100,root,27225
vi201102.100,Bacteria,6526
vi201102.100,HNA_Bacteria,5633
vi201102.100,LNA_Bacteria,893
vi201102.100,Viruses,17709
vi201102.100,V1,13014
vi201102.100,V2,2921
vi201102.100,V3,1417
vi201102.102,root,480
vi201102.102,Bacteria,4
vi201102.102,HNA_Bacteria,1
vi201102.102,LNA_Bacteria,3
vi201102.102,Viruses,282
vi201102.102,V1,274
vi201102.102,V2,6
vi201102.102,V3,0
vi201102.103,root,450
vi201102.103,Bacteria,0
vi201102.103,HNA_Bacteria,0
vi201102.103,LNA_Bacteria,0
vi201102.103,Viruses,304
vi201102.103,V1,292
vi201102.103,V2,9
vi201102.103,V3,0
vi201102.104,root,585
vi201102.104,Bacteria,1
vi201102.104,HNA_Bacteria,1
vi201102.104,LNA_Bacteria,0
vi201102.104,Viruses,301
vi201102.104,V1,291
vi201102.104,V2,10
vi201102.104,V3,0
vi201102.105,root,630
vi201102.105,Bacteria,0
vi201102.105,HNA_Bacteria,0
vi201102.105,LNA_Bacteria,0
vi201102.105,Viruses,393
vi201102.105,V1,367
vi201102.105,V2,19
vi201102.105,V3,0
vi201102.106,root,495
vi201102.106,Bacteria,2
vi201102.106,HNA_Bacteria,2
vi201102.106,LNA_Bacteria,0
vi201102.106,Viruses,318
vi201102.106,V1,305
vi201102.106,V2,12
vi201102.106,V3,0
vi201102.107,root,675
vi201102.107,Bacteria,3
vi201102.107,HNA_Bacteria,0
vi201102.107,LNA_Bacteria,3
vi201102.107,Viruses,279
vi201102.107,V1,258
vi201102.107,V2,19
vi201102.107,V3,0
vi201102.108,root,21390
vi201102.108,Bacteria,2439
vi201102.108,HNA_Bacteria,1785
vi201102.108,LNA_Bacteria,654
vi201102.108,Viruses,16997
vi201102.108,V1,12798
vi201102.108,V2,2664
vi201102.108,V3,1236
vi201102.109,root,22485
vi201102.109,Bacteria,2628
vi201102.109,HNA_Bacteria,1902
vi201102.109,LNA_Bacteria,726
vi201102.109,Viruses,17750
vi201102.109,V1,13368
vi201102.109,V2,2767
vi201102.109,V3,1322
vi201102.110,root,22440
vi201102.110,Bacteria,2583
vi201102.110,HNA_Bacteria,1866
vi201102.110,LNA_Bacteria,717
vi201102.110,Viruses,18072
vi201102.110,V1,13700
vi201102.110,V2,2757
vi201102.110,V3,1350
vi201102.111,root,21660
vi201102.111,Bacteria,2373
vi201102.111,HNA_Bacteria,1681
vi201102.111,LNA_Bacteria,692
vi201102.111,Viruses,17070
vi201102.111,V1,12875
vi201102.111,V2,2793
vi201102.111,V3,1132
vi201102.112,root,21465
vi201102.112,Bacteria,2385
vi201102.112,HNA_Bacteria,1756
vi201102.112,LNA_Bacteria,629
vi201102.112,Viruses,17176
vi201102.112,V1,12951
vi201102.112,V2,2685
vi201102.112,V3,1274
vi201102.113,root,21570
vi201102.113,Bacteria,2424
vi201102.113,HNA_Bacteria,1746
vi201102.113,LNA_Bacteria,678
vi201102.113,Viruses,17077
vi201102.113,V1,12631
vi201102.113,V2,2762
vi201102.113,V3,1457
