"Sample_Name","Staining_Protocol","Date_Measurement","Location","Expt_Date","Expt_No","Depth","Sample_Type","Timepoint","Replicate","Acquisition_Duration","Dilution","Flowrate"
"vi201102.001","Viruses",2020-11-02,"NJ2020",2020-08-04,1,1,"TE",NA,NA,60,NA,39.0833333333333
"vi201102.002","Viruses",2020-11-02,"NJ2020",2020-08-04,1,1,"TE",NA,NA,60,NA,39.0833333333333
"vi201102.003","Viruses",2020-11-02,"NJ2020",2020-08-04,1,1,"TE",NA,NA,60,NA,39.0833333333333
"vi201102.004","Viruses",2020-11-02,"NJ2020",2020-08-04,1,1,"TE",NA,NA,60,NA,39.0833333333333
"vi201102.005","Viruses",2020-11-02,"NJ2020",2020-08-04,1,1,"TE",NA,NA,60,NA,39.0833333333333
"vi201102.006","Viruses",2020-11-02,"NJ2020",2020-08-04,1,1,"TE",NA,NA,60,NA,39.0833333333333
"vi201102.021","Viruses",2020-11-02,"NJ2020",2020-08-04,1,1,"0.22",0,1,60,200,39.0833333333333
"vi201102.022","Viruses",2020-11-02,"NJ2020",2020-08-04,1,1,"0.22",0,2,60,200,39.0833333333333
"vi201102.023","Viruses",2020-11-02,"NJ2020",2020-08-04,1,1,"0.22",0,3,60,200,39.0833333333333
"vi201102.024","Viruses",2020-11-02,"NJ2020",2020-08-04,1,1,"0.22",24,1,60,200,39.0833333333333
"vi201102.025","Viruses",2020-11-02,"NJ2020",2020-08-04,1,1,"0.22",24,2,60,200,39.0833333333333
"vi201102.026","Viruses",2020-11-02,"NJ2020",2020-08-04,1,1,"0.22",24,3,60,200,39.0833333333333
"vi201102.027","Viruses",2020-11-02,"NJ2020",2020-08-04,1,1,"TE",NA,NA,60,NA,39.0833333333333
"vi201102.028","Viruses",2020-11-02,"NJ2020",2020-08-04,1,1,"TE",NA,NA,60,NA,39.0833333333333
"vi201102.029","Viruses",2020-11-02,"NJ2020",2020-08-04,1,1,"TE",NA,NA,60,NA,39.0833333333333
"vi201102.030","Viruses",2020-11-02,"NJ2020",2020-08-04,1,1,"TE",NA,NA,60,NA,39.0833333333333
"vi201102.031","Viruses",2020-11-02,"NJ2020",2020-08-04,1,1,"TE",NA,NA,60,NA,39.0833333333333
"vi201102.032","Viruses",2020-11-02,"NJ2020",2020-08-04,1,1,"TE",NA,NA,60,NA,39.0833333333333
"vi201102.033","Viruses",2020-11-02,"NJ2020",2020-08-04,1,1,"TE",NA,NA,60,NA,39.0833333333333
"vi201102.036","Viruses",2020-11-02,"NJ2020",2020-08-04,1,1,"VP",0,1,60,20,39.0833333333333
"vi201102.037","Viruses",2020-11-02,"NJ2020",2020-08-04,1,1,"VP",0,2,60,20,39.0833333333333
"vi201102.038","Viruses",2020-11-02,"NJ2020",2020-08-04,1,1,"VP",0,3,60,20,39.0833333333333
"vi201102.039","Viruses",2020-11-02,"NJ2020",2020-08-04,1,1,"VP",3,1,60,20,39.0833333333333
"vi201102.040","Viruses",2020-11-02,"NJ2020",2020-08-04,1,1,"VP",3,2,60,20,39.0833333333333
"vi201102.041","Viruses",2020-11-02,"NJ2020",2020-08-04,1,1,"VP",3,3,60,20,39.0833333333333
"vi201102.043","Viruses",2020-11-02,"NJ2020",2020-08-04,1,1,"TE",NA,NA,60,NA,39.0833333333333
"vi201102.044","Viruses",2020-11-02,"NJ2020",2020-08-04,1,1,"TE",NA,NA,60,NA,39.0833333333333
"vi201102.045","Viruses",2020-11-02,"NJ2020",2020-08-04,1,1,"TE",NA,NA,60,NA,39.0833333333333
"vi201102.046","Viruses",2020-11-02,"NJ2020",2020-08-04,1,1,"TE",NA,NA,60,NA,39.0833333333333
"vi201102.047","Viruses",2020-11-02,"NJ2020",2020-08-04,1,1,"TE",NA,NA,60,NA,39.0833333333333
"vi201102.049","Viruses",2020-11-02,"NJ2020",2020-08-04,1,1,"VP",6,1,60,20,39.0833333333333
"vi201102.050","Viruses",2020-11-02,"NJ2020",2020-08-04,1,1,"VP",6,2,60,20,39.0833333333333
"vi201102.051","Viruses",2020-11-02,"NJ2020",2020-08-04,1,1,"VP",6,3,60,20,39.0833333333333
"vi201102.052","Viruses",2020-11-02,"NJ2020",2020-08-04,1,1,"VP",17,1,60,20,39.0833333333333
"vi201102.053","Viruses",2020-11-02,"NJ2020",2020-08-04,1,1,"VP",17,2,60,20,39.0833333333333
"vi201102.054","Viruses",2020-11-02,"NJ2020",2020-08-04,1,1,"VP",17,3,60,20,39.0833333333333
"vi201102.055","Viruses",2020-11-02,"NJ2020",2020-08-04,1,1,"TE",NA,NA,60,NA,39.0833333333333
"vi201102.056","Viruses",2020-11-02,"NJ2020",2020-08-04,1,1,"TE",NA,NA,60,NA,39.0833333333333
"vi201102.057","Viruses",2020-11-02,"NJ2020",2020-08-04,1,1,"TE",NA,NA,60,NA,39.0833333333333
"vi201102.058","Viruses",2020-11-02,"NJ2020",2020-08-04,1,1,"TE",NA,NA,60,NA,39.0833333333333
"vi201102.059","Viruses",2020-11-02,"NJ2020",2020-08-04,1,1,"TE",NA,NA,60,NA,39.0833333333333
"vi201102.061","Viruses",2020-11-02,"NJ2020",2020-08-04,1,1,"VP",20,1,60,20,39.0833333333333
"vi201102.062","Viruses",2020-11-02,"NJ2020",2020-08-04,1,1,"VP",20,2,60,20,39.0833333333333
"vi201102.063","Viruses",2020-11-02,"NJ2020",2020-08-04,1,1,"VP",20,3,60,20,39.0833333333333
"vi201102.064","Viruses",2020-11-02,"NJ2020",2020-08-04,1,1,"VP",24,1,60,20,39.0833333333333
"vi201102.070","Viruses",2020-11-02,"NJ2020",2020-08-04,1,1,"TE",NA,NA,60,NA,39.0833333333333
"vi201102.071","Viruses",2020-11-02,"NJ2020",2020-08-04,1,1,"TE",NA,NA,60,NA,39.0833333333333
"vi201102.072","Viruses",2020-11-02,"NJ2020",2020-08-04,1,1,"TE",NA,NA,60,NA,39.0833333333333
"vi201102.073","Viruses",2020-11-02,"NJ2020",2020-08-04,1,1,"TE",NA,NA,60,NA,39.0833333333333
"vi201102.074","Viruses",2020-11-02,"NJ2020",2020-08-04,1,1,"TE",NA,NA,60,NA,39.0833333333333
"vi201102.075","Viruses",2020-11-02,"NJ2020",2020-08-04,1,1,"TE",NA,NA,60,NA,39.0833333333333
"vi201102.076","Viruses",2020-11-02,"NJ2020",2020-08-04,1,1,"TE",NA,NA,60,NA,39.0833333333333
"vi201102.077","Viruses",2020-11-02,"NJ2020",2020-08-04,1,1,"TE",NA,NA,60,NA,39.0833333333333
"vi201102.079","Viruses",2020-11-02,"NJ2020",2020-08-04,1,1,"VPC",0,1,60,20,39.0833333333333
"vi201102.080","Viruses",2020-11-02,"NJ2020",2020-08-04,1,1,"VPC",0,2,60,20,39.0833333333333
"vi201102.081","Viruses",2020-11-02,"NJ2020",2020-08-04,1,1,"VPC",0,3,60,20,39.0833333333333
"vi201102.082","Viruses",2020-11-02,"NJ2020",2020-08-04,1,1,"VPC",3,1,60,20,39.0833333333333
"vi201102.083","Viruses",2020-11-02,"NJ2020",2020-08-04,1,1,"VPC",3,2,60,20,39.0833333333333
"vi201102.084","Viruses",2020-11-02,"NJ2020",2020-08-04,1,1,"VPC",3,3,60,20,39.0833333333333
"vi201102.085","Viruses",2020-11-02,"NJ2020",2020-08-04,1,1,"TE",NA,NA,60,NA,39.0833333333333
"vi201102.086","Viruses",2020-11-02,"NJ2020",2020-08-04,1,1,"TE",NA,NA,60,NA,39.0833333333333
"vi201102.087","Viruses",2020-11-02,"NJ2020",2020-08-04,1,1,"TE",NA,NA,60,NA,39.0833333333333
"vi201102.088","Viruses",2020-11-02,"NJ2020",2020-08-04,1,1,"TE",NA,NA,60,NA,39.0833333333333
"vi201102.089","Viruses",2020-11-02,"NJ2020",2020-08-04,1,1,"TE",NA,NA,60,NA,39.0833333333333
"vi201102.090","Viruses",2020-11-02,"NJ2020",2020-08-04,1,1,"TE",NA,NA,60,NA,39.0833333333333
"vi201102.091","Viruses",2020-11-02,"NJ2020",2020-08-04,1,1,"VPC",6,1,60,20,39.0833333333333
"vi201102.092","Viruses",2020-11-02,"NJ2020",2020-08-04,1,1,"VPC",6,2,60,20,39.0833333333333
"vi201102.093","Viruses",2020-11-02,"NJ2020",2020-08-04,1,1,"VPC",6,3,60,20,39.0833333333333
"vi201102.094","Viruses",2020-11-02,"NJ2020",2020-08-04,1,1,"VPC",17,1,60,20,39.0833333333333
"vi201102.095","Viruses",2020-11-02,"NJ2020",2020-08-04,1,1,"VPC",17,2,60,20,39.0833333333333
"vi201102.096","Viruses",2020-11-02,"NJ2020",2020-08-04,1,1,"VPC",17,3,60,20,39.0833333333333
"vi201102.097","Viruses",2020-11-02,"NJ2020",2020-08-04,1,1,"TE",NA,NA,60,NA,39.0833333333333
"vi201102.098","Viruses",2020-11-02,"NJ2020",2020-08-04,1,1,"TE",NA,NA,60,NA,39.0833333333333
"vi201102.099","Viruses",2020-11-02,"NJ2020",2020-08-04,1,1,"VP",24,2,60,20,39.0833333333333
"vi201102.100","Viruses",2020-11-02,"NJ2020",2020-08-04,1,1,"VP",24,3,60,20,39.0833333333333
"vi201102.102","Viruses",2020-11-02,"NJ2020",2020-08-04,1,1,"TE",NA,NA,60,NA,39.0833333333333
"vi201102.103","Viruses",2020-11-02,"NJ2020",2020-08-04,1,1,"TE",NA,NA,60,NA,39.0833333333333
"vi201102.104","Viruses",2020-11-02,"NJ2020",2020-08-04,1,1,"TE",NA,NA,60,NA,39.0833333333333
"vi201102.105","Viruses",2020-11-02,"NJ2020",2020-08-04,1,1,"TE",NA,NA,60,NA,39.0833333333333
"vi201102.106","Viruses",2020-11-02,"NJ2020",2020-08-04,1,1,"TE",NA,NA,60,NA,39.0833333333333
"vi201102.107","Viruses",2020-11-02,"NJ2020",2020-08-04,1,1,"TE",NA,NA,60,NA,39.0833333333333
"vi201102.108","Viruses",2020-11-02,"NJ2020",2020-08-04,1,1,"VPC",20,1,60,20,39.0833333333333
"vi201102.109","Viruses",2020-11-02,"NJ2020",2020-08-04,1,1,"VPC",20,2,60,20,39.0833333333333
"vi201102.110","Viruses",2020-11-02,"NJ2020",2020-08-04,1,1,"VPC",20,3,60,20,39.0833333333333
"vi201102.111","Viruses",2020-11-02,"NJ2020",2020-08-04,1,1,"VPC",24,1,60,20,39.0833333333333
"vi201102.112","Viruses",2020-11-02,"NJ2020",2020-08-04,1,1,"VPC",24,2,60,20,39.0833333333333
"vi201102.113","Viruses",2020-11-02,"NJ2020",2020-08-04,1,1,"VPC",24,3,60,20,39.0833333333333
"vi201103.001","Viruses",2020-11-03,"NJ2020",2020-08-06,2,1,"TE",NA,NA,60,NA,39.0833333333333
"vi201103.002","Viruses",2020-11-03,"NJ2020",2020-08-06,2,1,"TE",NA,NA,60,NA,39.0833333333333
"vi201103.003","Viruses",2020-11-03,"NJ2020",2020-08-06,2,1,"TE",NA,NA,60,NA,39.0833333333333
"vi201103.004","Viruses",2020-11-03,"NJ2020",2020-08-06,2,1,"TE",NA,NA,60,NA,39.0833333333333
"vi201103.005","Viruses",2020-11-03,"NJ2020",2020-08-06,2,1,"TE",NA,NA,60,NA,39.0833333333333
"vi201103.006","Viruses",2020-11-03,"NJ2020",2020-08-06,2,1,"TE",NA,NA,60,NA,39.0833333333333
"vi201103.011","Viruses",2020-11-03,"NJ2020",2020-08-06,2,1,"0.22",0,1,60,20,39.0833333333333
"vi201103.013","Viruses",2020-11-03,"NJ2020",2020-08-06,2,1,"0.22",0,2,60,20,39.0833333333333
"vi201103.014","Viruses",2020-11-03,"NJ2020",2020-08-06,2,1,"0.22",0,3,60,20,39.0833333333333
"vi201103.015","Viruses",2020-11-03,"NJ2020",2020-08-06,2,1,"0.22",24,1,60,20,39.0833333333333
"vi201103.016","Viruses",2020-11-03,"NJ2020",2020-08-06,2,1,"0.22",24,2,60,20,39.0833333333333
"vi201103.017","Viruses",2020-11-03,"NJ2020",2020-08-06,2,1,"0.22",24,3,60,20,39.0833333333333
"vi201103.018","Viruses",2020-11-03,"NJ2020",2020-08-06,2,1,"TE",NA,NA,60,NA,39.0833333333333
"vi201103.019","Viruses",2020-11-03,"NJ2020",2020-08-06,2,1,"TE",NA,NA,60,NA,39.0833333333333
"vi201103.020","Viruses",2020-11-03,"NJ2020",2020-08-06,2,1,"TE",NA,NA,60,NA,39.0833333333333
"vi201103.021","Viruses",2020-11-03,"NJ2020",2020-08-06,2,1,"TE",NA,NA,60,NA,39.0833333333333
"vi201103.022","Viruses",2020-11-03,"NJ2020",2020-08-06,2,1,"TE",NA,NA,60,NA,39.0833333333333
"vi201103.023","Viruses",2020-11-03,"NJ2020",2020-08-06,2,1,"TE",NA,NA,60,NA,39.0833333333333
"vi201103.024","Viruses",2020-11-03,"NJ2020",2020-08-06,2,1,"TE",NA,NA,60,NA,39.0833333333333
"vi201103.025","Viruses",2020-11-03,"NJ2020",2020-08-06,2,1,"TE",NA,NA,60,NA,39.0833333333333
"vi201103.026","Viruses",2020-11-03,"NJ2020",2020-08-06,2,1,"TE",NA,NA,60,NA,39.0833333333333
"vi201103.027","Viruses",2020-11-03,"NJ2020",2020-08-06,2,1,"VP",0,1,60,50,39.0833333333333
"vi201103.028","Viruses",2020-11-03,"NJ2020",2020-08-06,2,1,"VP",0,2,60,50,39.0833333333333
"vi201103.029","Viruses",2020-11-03,"NJ2020",2020-08-06,2,1,"VP",0,3,60,50,39.0833333333333
"vi201103.030","Viruses",2020-11-03,"NJ2020",2020-08-06,2,1,"VP",3,1,60,50,39.0833333333333
"vi201103.031","Viruses",2020-11-03,"NJ2020",2020-08-06,2,1,"VP",3,2,60,50,39.0833333333333
"vi201103.032","Viruses",2020-11-03,"NJ2020",2020-08-06,2,1,"VP",3,3,60,50,39.0833333333333
"vi201103.033","Viruses",2020-11-03,"NJ2020",2020-08-06,2,1,"TE",NA,NA,60,NA,39.0833333333333
"vi201103.034","Viruses",2020-11-03,"NJ2020",2020-08-06,2,1,"TE",NA,NA,60,NA,39.0833333333333
"vi201103.036","Viruses",2020-11-03,"NJ2020",2020-08-06,2,1,"TE",NA,NA,60,NA,39.0833333333333
"vi201103.037","Viruses",2020-11-03,"NJ2020",2020-08-06,2,1,"TE",NA,NA,60,NA,39.0833333333333
"vi201103.038","Viruses",2020-11-03,"NJ2020",2020-08-06,2,1,"TE",NA,NA,60,NA,39.0833333333333
"vi201103.039","Viruses",2020-11-03,"NJ2020",2020-08-06,2,1,"TE",NA,NA,60,NA,39.0833333333333
"vi201103.040","Viruses",2020-11-03,"NJ2020",2020-08-06,2,1,"TE",NA,NA,60,NA,39.0833333333333
"vi201103.041","Viruses",2020-11-03,"NJ2020",2020-08-06,2,1,"TE",NA,NA,60,NA,39.0833333333333
"vi201103.042","Viruses",2020-11-03,"NJ2020",2020-08-06,2,1,"VP",6,1,60,50,39.0833333333333
"vi201103.043","Viruses",2020-11-03,"NJ2020",2020-08-06,2,1,"VP",6,2,60,50,39.0833333333333
"vi201103.044","Viruses",2020-11-03,"NJ2020",2020-08-06,2,1,"VP",6,3,60,50,39.0833333333333
"vi201103.045","Viruses",2020-11-03,"NJ2020",2020-08-06,2,1,"VP",17.5,1,60,50,39.0833333333333
"vi201103.046","Viruses",2020-11-03,"NJ2020",2020-08-06,2,1,"VP",17.5,2,60,50,39.0833333333333
"vi201103.047","Viruses",2020-11-03,"NJ2020",2020-08-06,2,1,"VP",17.5,3,60,50,39.0833333333333
"vi201103.049","Viruses",2020-11-03,"NJ2020",2020-08-06,2,1,"TE",NA,NA,60,NA,39.0833333333333
"vi201103.050","Viruses",2020-11-03,"NJ2020",2020-08-06,2,1,"TE",NA,NA,60,NA,39.0833333333333
"vi201103.051","Viruses",2020-11-03,"NJ2020",2020-08-06,2,1,"TE",NA,NA,60,NA,39.0833333333333
"vi201103.052","Viruses",2020-11-03,"NJ2020",2020-08-06,2,1,"TE",NA,NA,60,NA,39.0833333333333
"vi201103.053","Viruses",2020-11-03,"NJ2020",2020-08-06,2,1,"TE",NA,NA,60,NA,39.0833333333333
"vi201103.054","Viruses",2020-11-03,"NJ2020",2020-08-06,2,1,"TE",NA,NA,60,NA,39.0833333333333
"vi201103.056","Viruses",2020-11-03,"NJ2020",2020-08-06,2,1,"VP",20.5,1,60,100,39.0833333333333
"vi201103.057","Viruses",2020-11-03,"NJ2020",2020-08-06,2,1,"VP",20.5,2,60,100,39.0833333333333
"vi201103.058","Viruses",2020-11-03,"NJ2020",2020-08-06,2,1,"VP",20.5,3,60,100,39.0833333333333
"vi201103.059","Viruses",2020-11-03,"NJ2020",2020-08-06,2,1,"VP",24,1,60,100,39.0833333333333
"vi201103.060","Viruses",2020-11-03,"NJ2020",2020-08-06,2,1,"VP",24,2,60,100,39.0833333333333
"vi201103.061","Viruses",2020-11-03,"NJ2020",2020-08-06,2,1,"VP",24,3,60,100,39.0833333333333
"vi201103.062","Viruses",2020-11-03,"NJ2020",2020-08-06,2,1,"TE",NA,NA,60,NA,39.0833333333333
"vi201103.063","Viruses",2020-11-03,"NJ2020",2020-08-06,2,1,"TE",NA,NA,60,NA,39.0833333333333
"vi201104.001","Viruses",2020-11-03,"NJ2020",2020-08-06,2,1,"TE",NA,NA,60,NA,39.0833333333333
"vi201104.002","Viruses",2020-11-03,"NJ2020",2020-08-06,2,1,"TE",NA,NA,60,NA,39.0833333333333
"vi201104.003","Viruses",2020-11-03,"NJ2020",2020-08-06,2,1,"TE",NA,NA,60,NA,39.0833333333333
"vi201104.004","Viruses",2020-11-03,"NJ2020",2020-08-06,2,1,"TE",NA,NA,60,NA,39.0833333333333
"vi201104.005","Viruses",2020-11-03,"NJ2020",2020-08-06,2,1,"TE",NA,NA,60,NA,39.0833333333333
"vi201104.006","Viruses",2020-11-03,"NJ2020",2020-08-06,2,1,"TE",NA,NA,60,NA,39.0833333333333
"vi201104.007","Viruses",2020-11-03,"NJ2020",2020-08-06,2,1,"TE",NA,NA,60,NA,39.0833333333333
"vi201104.009","Viruses",2020-11-03,"NJ2020",2020-08-06,2,1,"VPC",0,1,60,50,39.0833333333333
"vi201104.010","Viruses",2020-11-03,"NJ2020",2020-08-06,2,1,"VPC",0,2,60,50,39.0833333333333
"vi201104.011","Viruses",2020-11-03,"NJ2020",2020-08-06,2,1,"VPC",0,3,60,50,39.0833333333333
"vi201104.012","Viruses",2020-11-03,"NJ2020",2020-08-06,2,1,"VPC",3,1,60,50,39.0833333333333
"vi201104.013","Viruses",2020-11-03,"NJ2020",2020-08-06,2,1,"VPC",3,2,60,50,39.0833333333333
"vi201104.014","Viruses",2020-11-03,"NJ2020",2020-08-06,2,1,"VPC",3,3,60,50,39.0833333333333
"vi201104.020","Viruses",2020-11-03,"NJ2020",2020-08-06,2,1,"TE",NA,NA,60,NA,39.0833333333333
"vi201104.021","Viruses",2020-11-03,"NJ2020",2020-08-06,2,1,"TE",NA,NA,60,NA,39.0833333333333
"vi201104.022","Viruses",2020-11-03,"NJ2020",2020-08-06,2,1,"TE",NA,NA,60,NA,39.0833333333333
"vi201104.023","Viruses",2020-11-03,"NJ2020",2020-08-06,2,1,"TE",NA,NA,60,NA,39.0833333333333
"vi201104.024","Viruses",2020-11-03,"NJ2020",2020-08-06,2,1,"TE",NA,NA,60,NA,39.0833333333333
"vi201104.025","Viruses",2020-11-03,"NJ2020",2020-08-06,2,1,"TE",NA,NA,60,NA,39.0833333333333
"vi201104.032","Viruses",2020-11-03,"NJ2020",2020-08-06,2,1,"VPC",6,1,60,50,39.0833333333333
"vi201104.033","Viruses",2020-11-03,"NJ2020",2020-08-06,2,1,"VPC",6,2,60,50,39.0833333333333
"vi201104.034","Viruses",2020-11-03,"NJ2020",2020-08-06,2,1,"VPC",6,3,60,50,39.0833333333333
"vi201104.035","Viruses",2020-11-03,"NJ2020",2020-08-06,2,1,"VPC",17.5,1,60,50,39.0833333333333
"vi201104.036","Viruses",2020-11-03,"NJ2020",2020-08-06,2,1,"VPC",17.5,2,60,50,39.0833333333333
"vi201104.037","Viruses",2020-11-03,"NJ2020",2020-08-06,2,1,"VPC",17.5,3,60,50,39.0833333333333
"vi201104.038","Viruses",2020-11-03,"NJ2020",2020-08-06,2,1,"TE",NA,NA,60,NA,39.0833333333333
"vi201104.039","Viruses",2020-11-03,"NJ2020",2020-08-06,2,1,"TE",NA,NA,60,NA,39.0833333333333
"vi201104.040","Viruses",2020-11-03,"NJ2020",2020-08-06,2,1,"TE",NA,NA,60,NA,39.0833333333333
"vi201104.041","Viruses",2020-11-03,"NJ2020",2020-08-06,2,1,"TE",NA,NA,60,NA,39.0833333333333
"vi201104.042","Viruses",2020-11-03,"NJ2020",2020-08-06,2,1,"TE",NA,NA,60,NA,39.0833333333333
"vi201104.047","Viruses",2020-11-03,"NJ2020",2020-08-06,2,1,"VPC",24,2,60,100,39.0833333333333
"vi201104.048","Viruses",2020-11-03,"NJ2020",2020-08-06,2,1,"VPC",24,3,60,100,39.0833333333333
"vi201104.052","Viruses",2020-11-03,"NJ2020",2020-08-06,2,1,"VPC",20.5,1,60,50,39.0833333333333
"vi201104.053","Viruses",2020-11-03,"NJ2020",2020-08-06,2,1,"VPC",20.5,2,60,50,39.0833333333333
"vi201104.054","Viruses",2020-11-03,"NJ2020",2020-08-06,2,1,"VPC",20.5,3,60,50,39.0833333333333
"vi201104.058","Viruses",2020-11-03,"NJ2020",2020-08-06,2,1,"TE",NA,NA,60,NA,39.0833333333333
"vi201104.059","Viruses",2020-11-03,"NJ2020",2020-08-06,2,1,"TE",NA,NA,60,NA,39.0833333333333
"vi201104.060","Viruses",2020-11-03,"NJ2020",2020-08-06,2,1,"VPC",24,1,60,100,39.0833333333333
"vi201105.001","Viruses",2020-11-05,"NJ2020",2020-08-18,3,1,"TE",NA,NA,60,NA,39.0833333333333
"vi201105.002","Viruses",2020-11-05,"NJ2020",2020-08-18,3,1,"TE",NA,NA,60,NA,39.0833333333333
"vi201105.003","Viruses",2020-11-05,"NJ2020",2020-08-18,3,1,"TE",NA,NA,60,NA,39.0833333333333
"vi201105.004","Viruses",2020-11-05,"NJ2020",2020-08-18,3,1,"TE",NA,NA,60,NA,39.0833333333333
"vi201105.005","Viruses",2020-11-05,"NJ2020",2020-08-18,3,1,"TE",NA,NA,60,NA,39.0833333333333
"vi201105.006","Viruses",2020-11-05,"NJ2020",2020-08-18,3,1,"TE",NA,NA,60,NA,39.0833333333333
"vi201105.008","Viruses",2020-11-05,"NJ2020",2020-08-18,3,1,"0.22",0,1,60,200,39.0833333333333
"vi201105.009","Viruses",2020-11-05,"NJ2020",2020-08-18,3,1,"0.22",0,2,60,200,39.0833333333333
"vi201105.010","Viruses",2020-11-05,"NJ2020",2020-08-18,3,1,"0.22",0,3,60,200,39.0833333333333
"vi201105.011","Viruses",2020-11-05,"NJ2020",2020-08-18,3,1,"0.22",24,1,60,200,39.0833333333333
"vi201105.012","Viruses",2020-11-05,"NJ2020",2020-08-18,3,1,"0.22",24,2,60,200,39.0833333333333
"vi201105.013","Viruses",2020-11-05,"NJ2020",2020-08-18,3,1,"0.22",24,3,60,200,39.0833333333333
"vi201105.019","Viruses",2020-11-05,"NJ2020",2020-08-18,3,1,"TE",NA,NA,60,NA,39.0833333333333
"vi201105.020","Viruses",2020-11-05,"NJ2020",2020-08-18,3,1,"TE",NA,NA,60,NA,39.0833333333333
"vi201105.021","Viruses",2020-11-05,"NJ2020",2020-08-18,3,1,"TE",NA,NA,60,NA,39.0833333333333
"vi201105.022","Viruses",2020-11-05,"NJ2020",2020-08-18,3,1,"TE",NA,NA,60,NA,39.0833333333333
"vi201105.023","Viruses",2020-11-05,"NJ2020",2020-08-18,3,1,"TE",NA,NA,60,NA,39.0833333333333
"vi201105.024","Viruses",2020-11-05,"NJ2020",2020-08-18,3,1,"TE",NA,NA,60,NA,39.0833333333333
"vi201105.025","Viruses",2020-11-05,"NJ2020",2020-08-18,3,1,"TE",NA,NA,60,NA,39.0833333333333
"vi201105.026","Viruses",2020-11-05,"NJ2020",2020-08-18,3,1,"TE",NA,NA,60,NA,39.0833333333333
"vi201105.029","Viruses",2020-11-05,"NJ2020",2020-08-18,3,1,"VP",0,1,60,20,39.0833333333333
"vi201105.030","Viruses",2020-11-05,"NJ2020",2020-08-18,3,1,"VP",0,2,60,20,39.0833333333333
"vi201105.031","Viruses",2020-11-05,"NJ2020",2020-08-18,3,1,"VP",0,3,60,20,39.0833333333333
"vi201105.032","Viruses",2020-11-05,"NJ2020",2020-08-18,3,1,"VP",3,1,60,20,39.0833333333333
"vi201105.033","Viruses",2020-11-05,"NJ2020",2020-08-18,3,1,"VP",3,2,60,20,39.0833333333333
"vi201105.034","Viruses",2020-11-05,"NJ2020",2020-08-18,3,1,"VP",3,3,60,20,39.0833333333333
"vi201105.041","Viruses",2020-11-05,"NJ2020",2020-08-18,3,1,"TE",NA,NA,60,NA,39.0833333333333
"vi201105.042","Viruses",2020-11-05,"NJ2020",2020-08-18,3,1,"TE",NA,NA,60,NA,39.0833333333333
"vi201105.043","Viruses",2020-11-05,"NJ2020",2020-08-18,3,1,"TE",NA,NA,60,NA,39.0833333333333
"vi201105.044","Viruses",2020-11-05,"NJ2020",2020-08-18,3,1,"TE",NA,NA,60,NA,39.0833333333333
"vi201105.045","Viruses",2020-11-05,"NJ2020",2020-08-18,3,1,"TE",NA,NA,60,NA,39.0833333333333
"vi201105.052","Viruses",2020-11-05,"NJ2020",2020-08-18,3,1,"VP",6,1,60,20,39.0833333333333
"vi201105.053","Viruses",2020-11-05,"NJ2020",2020-08-18,3,1,"VP",6,2,60,20,39.0833333333333
"vi201105.054","Viruses",2020-11-05,"NJ2020",2020-08-18,3,1,"VP",6,3,60,20,39.0833333333333
"vi201105.055","Viruses",2020-11-05,"NJ2020",2020-08-18,3,1,"VP",9,1,60,20,39.0833333333333
"vi201105.056","Viruses",2020-11-05,"NJ2020",2020-08-18,3,1,"VP",9,2,60,20,39.0833333333333
"vi201105.057","Viruses",2020-11-05,"NJ2020",2020-08-18,3,1,"VP",9,3,60,20,39.0833333333333
"vi201105.058","Viruses",2020-11-05,"NJ2020",2020-08-18,3,1,"TE",NA,NA,60,NA,39.0833333333333
"vi201105.059","Viruses",2020-11-05,"NJ2020",2020-08-18,3,1,"TE",NA,NA,60,NA,39.0833333333333
"vi201105.060","Viruses",2020-11-05,"NJ2020",2020-08-18,3,1,"TE",NA,NA,60,NA,39.0833333333333
"vi201105.061","Viruses",2020-11-05,"NJ2020",2020-08-18,3,1,"TE",NA,NA,60,NA,39.0833333333333
"vi201105.062","Viruses",2020-11-05,"NJ2020",2020-08-18,3,1,"TE",NA,NA,60,NA,39.0833333333333
"vi201105.063","Viruses",2020-11-05,"NJ2020",2020-08-18,3,1,"TE",NA,NA,60,NA,39.0833333333333
"vi201105.068","Viruses",2020-11-05,"NJ2020",2020-08-18,3,1,"VP",24,1,60,50,39.0833333333333
"vi201105.069","Viruses",2020-11-05,"NJ2020",2020-08-18,3,1,"VP",24,2,60,50,39.0833333333333
"vi201105.070","Viruses",2020-11-05,"NJ2020",2020-08-18,3,1,"VP",24,3,60,50,39.0833333333333
"vi201105.071","Viruses",2020-11-05,"NJ2020",2020-08-18,3,1,"VP",12,1,60,20,39.0833333333333
"vi201105.072","Viruses",2020-11-05,"NJ2020",2020-08-18,3,1,"VP",12,2,60,20,39.0833333333333
"vi201105.073","Viruses",2020-11-05,"NJ2020",2020-08-18,3,1,"VP",12,3,60,20,39.0833333333333
"vi201105.077","Viruses",2020-11-05,"NJ2020",2020-08-18,3,1,"TE",NA,NA,60,NA,39.0833333333333
"vi201105.078","Viruses",2020-11-05,"NJ2020",2020-08-18,3,1,"TE",NA,NA,60,NA,39.0833333333333
"vi201105.079","Viruses",2020-11-05,"NJ2020",2020-08-18,3,1,"TE",NA,NA,60,NA,39.0833333333333
"vi201105.080","Viruses",2020-11-05,"NJ2020",2020-08-18,3,1,"TE",NA,NA,60,NA,39.0833333333333
"vi201105.081","Viruses",2020-11-05,"NJ2020",2020-08-18,3,1,"TE",NA,NA,60,NA,39.0833333333333
"vi201105.082","Viruses",2020-11-05,"NJ2020",2020-08-18,3,1,"TE",NA,NA,60,NA,39.0833333333333
"vi201105.083","Viruses",2020-11-05,"NJ2020",2020-08-18,3,1,"TE",NA,NA,60,NA,39.0833333333333
"vi201105.086","Viruses",2020-11-05,"NJ2020",2020-08-18,3,1,"VPC",0,1,60,20,39.0833333333333
"vi201105.087","Viruses",2020-11-05,"NJ2020",2020-08-18,3,1,"VPC",0,2,60,20,39.0833333333333
"vi201105.088","Viruses",2020-11-05,"NJ2020",2020-08-18,3,1,"VPC",0,3,60,20,39.0833333333333
"vi201105.089","Viruses",2020-11-05,"NJ2020",2020-08-18,3,1,"VPC",3,1,60,20,39.0833333333333
"vi201105.090","Viruses",2020-11-05,"NJ2020",2020-08-18,3,1,"VPC",3,2,60,20,39.0833333333333
"vi201105.091","Viruses",2020-11-05,"NJ2020",2020-08-18,3,1,"VPC",3,3,60,20,39.0833333333333
"vi201105.097","Viruses",2020-11-05,"NJ2020",2020-08-18,3,1,"TE",NA,NA,60,NA,39.0833333333333
"vi201105.098","Viruses",2020-11-05,"NJ2020",2020-08-18,3,1,"TE",NA,NA,60,NA,39.0833333333333
"vi201105.099","Viruses",2020-11-05,"NJ2020",2020-08-18,3,1,"TE",NA,NA,60,NA,39.0833333333333
"vi201105.100","Viruses",2020-11-05,"NJ2020",2020-08-18,3,1,"TE",NA,NA,60,NA,39.0833333333333
"vi201105.101","Viruses",2020-11-05,"NJ2020",2020-08-18,3,1,"TE",NA,NA,60,NA,39.0833333333333
"vi201105.102","Viruses",2020-11-05,"NJ2020",2020-08-18,3,1,"TE",NA,NA,60,NA,39.0833333333333
"vi201105.109","Viruses",2020-11-05,"NJ2020",2020-08-18,3,1,"VPC",6,1,60,20,39.0833333333333
"vi201105.110","Viruses",2020-11-05,"NJ2020",2020-08-18,3,1,"VPC",6,2,60,20,39.0833333333333
"vi201105.111","Viruses",2020-11-05,"NJ2020",2020-08-18,3,1,"VPC",6,3,60,20,39.0833333333333
"vi201105.112","Viruses",2020-11-05,"NJ2020",2020-08-18,3,1,"VPC",9,1,60,20,39.0833333333333
"vi201105.113","Viruses",2020-11-05,"NJ2020",2020-08-18,3,1,"VPC",9,2,60,20,39.0833333333333
"vi201105.114","Viruses",2020-11-05,"NJ2020",2020-08-18,3,1,"VPC",9,3,60,20,39.0833333333333
"vi201105.115","Viruses",2020-11-05,"NJ2020",2020-08-18,3,1,"TE",NA,NA,60,NA,39.0833333333333
"vi201105.116","Viruses",2020-11-05,"NJ2020",2020-08-18,3,1,"TE",NA,NA,60,NA,39.0833333333333
"vi201105.117","Viruses",2020-11-05,"NJ2020",2020-08-18,3,1,"TE",NA,NA,60,NA,39.0833333333333
"vi201105.118","Viruses",2020-11-05,"NJ2020",2020-08-18,3,1,"TE",NA,NA,60,NA,39.0833333333333
"vi201105.119","Viruses",2020-11-05,"NJ2020",2020-08-18,3,1,"TE",NA,NA,60,NA,39.0833333333333
"vi201105.120","Viruses",2020-11-05,"NJ2020",2020-08-18,3,1,"TE",NA,NA,60,NA,39.0833333333333
"vi201105.127","Viruses",2020-11-05,"NJ2020",2020-08-18,3,1,"VPC",12,1,60,20,39.0833333333333
"vi201105.128","Viruses",2020-11-05,"NJ2020",2020-08-18,3,1,"VPC",12,2,60,20,39.0833333333333
"vi201105.129","Viruses",2020-11-05,"NJ2020",2020-08-18,3,1,"VPC",12,3,60,20,39.0833333333333
"vi201105.130","Viruses",2020-11-05,"NJ2020",2020-08-18,3,1,"VPC",24,1,60,20,39.0833333333333
"vi201105.131","Viruses",2020-11-05,"NJ2020",2020-08-18,3,1,"VPC",24,2,60,20,39.0833333333333
"vi201105.132","Viruses",2020-11-05,"NJ2020",2020-08-18,3,1,"VPC",24,3,60,20,39.0833333333333
"vi201109.001","Viruses",2020-11-09,"NJ2020",2020-08-20,4,1,"TE",NA,NA,60,NA,39.0833333333333
"vi201109.002","Viruses",2020-11-09,"NJ2020",2020-08-20,4,1,"TE",NA,NA,60,NA,39.0833333333333
"vi201109.003","Viruses",2020-11-09,"NJ2020",2020-08-20,4,1,"TE",NA,NA,60,NA,39.0833333333333
"vi201109.004","Viruses",2020-11-09,"NJ2020",2020-08-20,4,1,"TE",NA,NA,60,NA,39.0833333333333
"vi201109.005","Viruses",2020-11-09,"NJ2020",2020-08-20,4,1,"TE",NA,NA,60,NA,39.0833333333333
"vi201109.006","Viruses",2020-11-09,"NJ2020",2020-08-20,4,1,"TE",NA,NA,60,NA,39.0833333333333
"vi201109.007","Viruses",2020-11-09,"NJ2020",2020-08-20,4,1,"TE",NA,NA,60,NA,39.0833333333333
"vi201109.014","Viruses",2020-11-09,"NJ2020",2020-08-20,4,1,"0.22",0,1,60,100,39.0833333333333
"vi201109.015","Viruses",2020-11-09,"NJ2020",2020-08-20,4,1,"0.22",0,2,60,100,39.0833333333333
"vi201109.016","Viruses",2020-11-09,"NJ2020",2020-08-20,4,1,"0.22",0,3,60,100,39.0833333333333
"vi201109.017","Viruses",2020-11-09,"NJ2020",2020-08-20,4,1,"0.22",24,1,60,100,39.0833333333333
"vi201109.018","Viruses",2020-11-09,"NJ2020",2020-08-20,4,1,"0.22",24,2,60,100,39.0833333333333
"vi201109.019","Viruses",2020-11-09,"NJ2020",2020-08-20,4,1,"0.22",24,3,60,100,39.0833333333333
"vi201109.020","Viruses",2020-11-09,"NJ2020",2020-08-20,4,1,"TE",NA,NA,60,NA,39.0833333333333
"vi201109.021","Viruses",2020-11-09,"NJ2020",2020-08-20,4,1,"TE",NA,NA,60,NA,39.0833333333333
"vi201109.022","Viruses",2020-11-09,"NJ2020",2020-08-20,4,1,"TE",NA,NA,60,NA,39.0833333333333
"vi201109.023","Viruses",2020-11-09,"NJ2020",2020-08-20,4,1,"TE",NA,NA,60,NA,39.0833333333333
"vi201109.024","Viruses",2020-11-09,"NJ2020",2020-08-20,4,1,"TE",NA,NA,60,NA,39.0833333333333
"vi201109.025","Viruses",2020-11-09,"NJ2020",2020-08-20,4,1,"TE",NA,NA,60,NA,39.0833333333333
"vi201109.033","Viruses",2020-11-09,"NJ2020",2020-08-20,4,1,"VP",0,1,60,50,39.0833333333333
"vi201109.034","Viruses",2020-11-09,"NJ2020",2020-08-20,4,1,"VP",0,2,60,50,39.0833333333333
"vi201109.035","Viruses",2020-11-09,"NJ2020",2020-08-20,4,1,"VP",0,3,60,50,39.0833333333333
"vi201109.036","Viruses",2020-11-09,"NJ2020",2020-08-20,4,1,"VP",3,1,60,50,39.0833333333333
"vi201109.037","Viruses",2020-11-09,"NJ2020",2020-08-20,4,1,"VP",3,2,60,50,39.0833333333333
"vi201109.038","Viruses",2020-11-09,"NJ2020",2020-08-20,4,1,"VP",3,3,60,50,39.0833333333333
"vi201109.039","Viruses",2020-11-09,"NJ2020",2020-08-20,4,1,"TE",NA,NA,60,NA,39.0833333333333
"vi201109.040","Viruses",2020-11-09,"NJ2020",2020-08-20,4,1,"TE",NA,NA,60,NA,39.0833333333333
"vi201109.041","Viruses",2020-11-09,"NJ2020",2020-08-20,4,1,"TE",NA,NA,60,NA,39.0833333333333
"vi201109.042","Viruses",2020-11-09,"NJ2020",2020-08-20,4,1,"TE",NA,NA,60,NA,39.0833333333333
"vi201109.043","Viruses",2020-11-09,"NJ2020",2020-08-20,4,1,"TE",NA,NA,60,NA,39.0833333333333
"vi201109.044","Viruses",2020-11-09,"NJ2020",2020-08-20,4,1,"TE",NA,NA,60,NA,39.0833333333333
"vi201109.051","Viruses",2020-11-09,"NJ2020",2020-08-20,4,1,"VP",6,1,60,50,39.0833333333333
"vi201109.052","Viruses",2020-11-09,"NJ2020",2020-08-20,4,1,"VP",6,2,60,50,39.0833333333333
"vi201109.053","Viruses",2020-11-09,"NJ2020",2020-08-20,4,1,"VP",6,3,60,50,39.0833333333333
"vi201109.054","Viruses",2020-11-09,"NJ2020",2020-08-20,4,1,"VP",9,1,60,50,39.0833333333333
"vi201109.055","Viruses",2020-11-09,"NJ2020",2020-08-20,4,1,"VP",9,2,60,50,39.0833333333333
"vi201109.056","Viruses",2020-11-09,"NJ2020",2020-08-20,4,1,"VP",9,3,60,50,39.0833333333333
"vi201109.057","Viruses",2020-11-09,"NJ2020",2020-08-20,4,1,"TE",NA,NA,60,NA,39.0833333333333
"vi201109.058","Viruses",2020-11-09,"NJ2020",2020-08-20,4,1,"TE",NA,NA,60,NA,39.0833333333333
"vi201109.059","Viruses",2020-11-09,"NJ2020",2020-08-20,4,1,"TE",NA,NA,60,NA,39.0833333333333
"vi201109.060","Viruses",2020-11-09,"NJ2020",2020-08-20,4,1,"TE",NA,NA,60,NA,39.0833333333333
"vi201109.061","Viruses",2020-11-09,"NJ2020",2020-08-20,4,1,"TE",NA,NA,60,NA,39.0833333333333
"vi201109.062","Viruses",2020-11-09,"NJ2020",2020-08-20,4,1,"TE",NA,NA,60,NA,39.0833333333333
"vi201109.069","Viruses",2020-11-09,"NJ2020",2020-08-20,4,1,"VP",12,1,60,50,39.0833333333333
"vi201109.070","Viruses",2020-11-09,"NJ2020",2020-08-20,4,1,"VP",12,2,60,50,39.0833333333333
"vi201109.071","Viruses",2020-11-09,"NJ2020",2020-08-20,4,1,"VP",12,3,60,50,39.0833333333333
"vi201109.072","Viruses",2020-11-09,"NJ2020",2020-08-20,4,1,"VP",24,1,60,50,39.0833333333333
"vi201109.073","Viruses",2020-11-09,"NJ2020",2020-08-20,4,1,"VP",24,2,60,50,39.0833333333333
"vi201109.074","Viruses",2020-11-09,"NJ2020",2020-08-20,4,1,"VP",24,3,60,50,39.0833333333333
"vi201109.075","Viruses",2020-11-09,"NJ2020",2020-08-20,4,1,"TE",NA,NA,60,NA,39.0833333333333
"vi201109.076","Viruses",2020-11-09,"NJ2020",2020-08-20,4,1,"TE",NA,NA,60,NA,39.0833333333333
"vi201109.077","Viruses",2020-11-09,"NJ2020",2020-08-20,4,1,"TE",NA,NA,60,NA,39.0833333333333
"vi201109.078","Viruses",2020-11-09,"NJ2020",2020-08-20,4,1,"TE",NA,NA,60,NA,39.0833333333333
"vi201109.079","Viruses",2020-11-09,"NJ2020",2020-08-20,4,1,"TE",NA,NA,60,NA,39.0833333333333
"vi201109.080","Viruses",2020-11-09,"NJ2020",2020-08-20,4,1,"TE",NA,NA,60,NA,39.0833333333333
"vi201109.087","Viruses",2020-11-09,"NJ2020",2020-08-20,4,1,"VPC",0,1,60,50,39.0833333333333
"vi201109.088","Viruses",2020-11-09,"NJ2020",2020-08-20,4,1,"VPC",0,2,60,50,39.0833333333333
"vi201109.089","Viruses",2020-11-09,"NJ2020",2020-08-20,4,1,"VPC",0,3,60,50,39.0833333333333
"vi201109.090","Viruses",2020-11-09,"NJ2020",2020-08-20,4,1,"VPC",3,1,60,50,39.0833333333333
"vi201109.091","Viruses",2020-11-09,"NJ2020",2020-08-20,4,1,"VPC",3,2,60,50,39.0833333333333
"vi201109.092","Viruses",2020-11-09,"NJ2020",2020-08-20,4,1,"VPC",3,3,60,50,39.0833333333333
"vi201109.093","Viruses",2020-11-09,"NJ2020",2020-08-20,4,1,"TE",NA,NA,60,NA,39.0833333333333
"vi201109.094","Viruses",2020-11-09,"NJ2020",2020-08-20,4,1,"TE",NA,NA,60,NA,39.0833333333333
"vi201109.095","Viruses",2020-11-09,"NJ2020",2020-08-20,4,1,"TE",NA,NA,60,NA,39.0833333333333
"vi201109.096","Viruses",2020-11-09,"NJ2020",2020-08-20,4,1,"TE",NA,NA,60,NA,39.0833333333333
"vi201109.097","Viruses",2020-11-09,"NJ2020",2020-08-20,4,1,"TE",NA,NA,60,NA,39.0833333333333
"vi201109.098","Viruses",2020-11-09,"NJ2020",2020-08-20,4,1,"TE",NA,NA,60,NA,39.0833333333333
"vi201109.099","Viruses",2020-11-09,"NJ2020",2020-08-20,4,1,"TE",NA,NA,60,NA,39.0833333333333
"vi201109.106","Viruses",2020-11-09,"NJ2020",2020-08-20,4,1,"VPC",6,1,60,50,39.0833333333333
"vi201109.107","Viruses",2020-11-09,"NJ2020",2020-08-20,4,1,"VPC",6,2,60,50,39.0833333333333
"vi201109.108","Viruses",2020-11-09,"NJ2020",2020-08-20,4,1,"VPC",6,3,60,50,39.0833333333333
"vi201109.109","Viruses",2020-11-09,"NJ2020",2020-08-20,4,1,"VPC",9,1,60,50,39.0833333333333
"vi201109.110","Viruses",2020-11-09,"NJ2020",2020-08-20,4,1,"VPC",9,2,60,50,39.0833333333333
"vi201109.111","Viruses",2020-11-09,"NJ2020",2020-08-20,4,1,"VPC",9,3,60,50,39.0833333333333
"vi201109.112","Viruses",2020-11-09,"NJ2020",2020-08-20,4,1,"TE",NA,NA,60,NA,39.0833333333333
"vi201109.113","Viruses",2020-11-09,"NJ2020",2020-08-20,4,1,"TE",NA,NA,60,NA,39.0833333333333
"vi201109.114","Viruses",2020-11-09,"NJ2020",2020-08-20,4,1,"TE",NA,NA,60,NA,39.0833333333333
"vi201109.115","Viruses",2020-11-09,"NJ2020",2020-08-20,4,1,"TE",NA,NA,60,NA,39.0833333333333
"vi201109.116","Viruses",2020-11-09,"NJ2020",2020-08-20,4,1,"TE",NA,NA,60,NA,39.0833333333333
"vi201109.117","Viruses",2020-11-09,"NJ2020",2020-08-20,4,1,"TE",NA,NA,60,NA,39.0833333333333
"vi201109.118","Viruses",2020-11-09,"NJ2020",2020-08-20,4,1,"TE",NA,NA,60,NA,39.0833333333333
"vi201109.125","Viruses",2020-11-09,"NJ2020",2020-08-20,4,1,"VPC",12,1,60,50,39.0833333333333
"vi201109.126","Viruses",2020-11-09,"NJ2020",2020-08-20,4,1,"VPC",12,2,60,50,39.0833333333333
"vi201109.127","Viruses",2020-11-09,"NJ2020",2020-08-20,4,1,"VPC",12,3,60,50,39.0833333333333
"vi201109.128","Viruses",2020-11-09,"NJ2020",2020-08-20,4,1,"VPC",24,1,60,50,39.0833333333333
"vi201109.129","Viruses",2020-11-09,"NJ2020",2020-08-20,4,1,"VPC",24,2,60,50,39.0833333333333
"vi201109.130","Viruses",2020-11-09,"NJ2020",2020-08-20,4,1,"VPC",24,3,60,50,39.0833333333333
"vi201109.156","Viruses",2020-11-09,"NJ2020",2020-09-01,5,1,"TE",NA,NA,60,NA,39.0833333333333
"vi201109.157","Viruses",2020-11-09,"NJ2020",2020-09-01,5,1,"TE",NA,NA,60,NA,39.0833333333333
"vi201109.158","Viruses",2020-11-09,"NJ2020",2020-09-01,5,1,"TE",NA,NA,60,NA,39.0833333333333
"vi201109.159","Viruses",2020-11-09,"NJ2020",2020-09-01,5,1,"TE",NA,NA,60,NA,39.0833333333333
"vi201109.161","Viruses",2020-11-09,"NJ2020",2020-09-01,5,1,"0.22",0,1,60,50,39.0833333333333
"vi201109.162","Viruses",2020-11-09,"NJ2020",2020-09-01,5,1,"0.22",0,2,60,50,39.0833333333333
"vi201109.163","Viruses",2020-11-09,"NJ2020",2020-09-01,5,1,"0.22",0,3,60,50,39.0833333333333
"vi201109.164","Viruses",2020-11-09,"NJ2020",2020-09-01,5,1,"0.22",24,1,60,50,39.0833333333333
"vi201109.165","Viruses",2020-11-09,"NJ2020",2020-09-01,5,1,"0.22",24,2,60,50,39.0833333333333
"vi201109.166","Viruses",2020-11-09,"NJ2020",2020-09-01,5,1,"0.22",24,3,60,50,39.0833333333333
"vi201109.173","Viruses",2020-11-09,"NJ2020",2020-09-01,5,1,"TE",NA,NA,60,NA,39.0833333333333
"vi201109.174","Viruses",2020-11-09,"NJ2020",2020-09-01,5,1,"TE",NA,NA,60,NA,39.0833333333333
"vi201109.175","Viruses",2020-11-09,"NJ2020",2020-09-01,5,1,"TE",NA,NA,60,NA,39.0833333333333
"vi201109.176","Viruses",2020-11-09,"NJ2020",2020-09-01,5,1,"TE",NA,NA,60,NA,39.0833333333333
"vi201109.177","Viruses",2020-11-09,"NJ2020",2020-09-01,5,1,"TE",NA,NA,60,NA,39.0833333333333
"vi201109.178","Viruses",2020-11-09,"NJ2020",2020-09-01,5,1,"VP",0,1,60,50,39.0833333333333
"vi201109.179","Viruses",2020-11-09,"NJ2020",2020-09-01,5,1,"VP",0,2,60,50,39.0833333333333
"vi201109.180","Viruses",2020-11-09,"NJ2020",2020-09-01,5,1,"VP",0,3,60,50,39.0833333333333
"vi201109.181","Viruses",2020-11-09,"NJ2020",2020-09-01,5,1,"VP",3,1,60,50,39.0833333333333
"vi201109.182","Viruses",2020-11-09,"NJ2020",2020-09-01,5,1,"VP",3,2,60,50,39.0833333333333
"vi201109.183","Viruses",2020-11-09,"NJ2020",2020-09-01,5,1,"VP",3,3,60,50,39.0833333333333
"vi201109.190","Viruses",2020-11-09,"NJ2020",2020-09-01,5,1,"TE",NA,NA,60,NA,39.0833333333333
"vi201109.191","Viruses",2020-11-09,"NJ2020",2020-09-01,5,1,"TE",NA,NA,60,NA,39.0833333333333
"vi201109.192","Viruses",2020-11-09,"NJ2020",2020-09-01,5,1,"TE",NA,NA,60,NA,39.0833333333333
"vi201109.193","Viruses",2020-11-09,"NJ2020",2020-09-01,5,1,"TE",NA,NA,60,NA,39.0833333333333
"vi201109.194","Viruses",2020-11-09,"NJ2020",2020-09-01,5,1,"TE",NA,NA,60,NA,39.0833333333333
"vi201109.195","Viruses",2020-11-09,"NJ2020",2020-09-01,5,1,"TE",NA,NA,60,NA,39.0833333333333
"vi201109.202","Viruses",2020-11-09,"NJ2020",2020-09-01,5,1,"VP",6,1,60,50,39.0833333333333
"vi201109.203","Viruses",2020-11-09,"NJ2020",2020-09-01,5,1,"VP",6,2,60,50,39.0833333333333
"vi201109.204","Viruses",2020-11-09,"NJ2020",2020-09-01,5,1,"VP",6,3,60,50,39.0833333333333
"vi201109.205","Viruses",2020-11-09,"NJ2020",2020-09-01,5,1,"VP",9,1,60,50,39.0833333333333
"vi201109.206","Viruses",2020-11-09,"NJ2020",2020-09-01,5,1,"VP",9,2,60,50,39.0833333333333
"vi201109.207","Viruses",2020-11-09,"NJ2020",2020-09-01,5,1,"VP",9,3,60,50,39.0833333333333
"vi201109.208","Viruses",2020-11-09,"NJ2020",2020-09-01,5,1,"TE",NA,NA,60,NA,39.0833333333333
"vi201109.209","Viruses",2020-11-09,"NJ2020",2020-09-01,5,1,"TE",NA,NA,60,NA,39.0833333333333
"vi201109.210","Viruses",2020-11-09,"NJ2020",2020-09-01,5,1,"TE",NA,NA,60,NA,39.0833333333333
"vi201109.211","Viruses",2020-11-09,"NJ2020",2020-09-01,5,1,"TE",NA,NA,60,NA,39.0833333333333
"vi201109.212","Viruses",2020-11-09,"NJ2020",2020-09-01,5,1,"TE",NA,NA,60,NA,39.0833333333333
"vi201109.219","Viruses",2020-11-09,"NJ2020",2020-09-01,5,1,"VP",12,1,60,50,39.0833333333333
"vi201109.220","Viruses",2020-11-09,"NJ2020",2020-09-01,5,1,"VP",12,2,60,50,39.0833333333333
"vi201109.221","Viruses",2020-11-09,"NJ2020",2020-09-01,5,1,"VP",12,3,60,50,39.0833333333333
"vi201109.222","Viruses",2020-11-09,"NJ2020",2020-09-01,5,1,"VP",24,1,60,50,39.0833333333333
"vi201109.223","Viruses",2020-11-09,"NJ2020",2020-09-01,5,1,"VP",24,2,60,50,39.0833333333333
"vi201109.224","Viruses",2020-11-09,"NJ2020",2020-09-01,5,1,"VP",24,3,60,50,39.0833333333333
"vi201111.001","Viruses",2020-11-11,"NJ2020",2020-09-01,5,1,"TE",NA,NA,60,NA,39.0833333333333
"vi201111.002","Viruses",2020-11-11,"NJ2020",2020-09-01,5,1,"TE",NA,NA,60,NA,39.0833333333333
"vi201111.003","Viruses",2020-11-11,"NJ2020",2020-09-01,5,1,"TE",NA,NA,60,NA,39.0833333333333
"vi201111.004","Viruses",2020-11-11,"NJ2020",2020-09-01,5,1,"TE",NA,NA,60,NA,39.0833333333333
"vi201111.005","Viruses",2020-11-11,"NJ2020",2020-09-01,5,1,"TE",NA,NA,60,NA,39.0833333333333
"vi201111.006","Viruses",2020-11-11,"NJ2020",2020-09-01,5,1,"TE",NA,NA,60,NA,39.0833333333333
"vi201111.013","Viruses",2020-11-11,"NJ2020",2020-09-01,5,1,"VPC",0,1,60,50,39.0833333333333
"vi201111.014","Viruses",2020-11-11,"NJ2020",2020-09-01,5,1,"VPC",0,2,60,50,39.0833333333333
"vi201111.015","Viruses",2020-11-11,"NJ2020",2020-09-01,5,1,"VPC",0,3,60,50,39.0833333333333
"vi201111.016","Viruses",2020-11-11,"NJ2020",2020-09-01,5,1,"VPC",3,1,60,50,39.0833333333333
"vi201111.017","Viruses",2020-11-11,"NJ2020",2020-09-01,5,1,"VPC",3,2,60,50,39.0833333333333
"vi201111.018","Viruses",2020-11-11,"NJ2020",2020-09-01,5,1,"VPC",3,3,60,50,39.0833333333333
"vi201111.019","Viruses",2020-11-11,"NJ2020",2020-09-01,5,1,"TE",NA,NA,60,NA,39.0833333333333
"vi201111.020","Viruses",2020-11-11,"NJ2020",2020-09-01,5,1,"TE",NA,NA,60,NA,39.0833333333333
"vi201111.021","Viruses",2020-11-11,"NJ2020",2020-09-01,5,1,"TE",NA,NA,60,NA,39.0833333333333
"vi201111.022","Viruses",2020-11-11,"NJ2020",2020-09-01,5,1,"TE",NA,NA,60,NA,39.0833333333333
"vi201111.023","Viruses",2020-11-11,"NJ2020",2020-09-01,5,1,"TE",NA,NA,60,NA,39.0833333333333
"vi201111.024","Viruses",2020-11-11,"NJ2020",2020-09-01,5,1,"TE",NA,NA,60,NA,39.0833333333333
"vi201111.025","Viruses",2020-11-11,"NJ2020",2020-09-01,5,1,"TE",NA,NA,60,NA,39.0833333333333
"vi201111.033","Viruses",2020-11-11,"NJ2020",2020-09-01,5,1,"VPC",6,1,60,50,39.0833333333333
"vi201111.034","Viruses",2020-11-11,"NJ2020",2020-09-01,5,1,"VPC",6,2,60,50,39.0833333333333
"vi201111.035","Viruses",2020-11-11,"NJ2020",2020-09-01,5,1,"VPC",6,3,60,50,39.0833333333333
"vi201111.036","Viruses",2020-11-11,"NJ2020",2020-09-01,5,1,"VPC",9,1,60,50,39.0833333333333
"vi201111.037","Viruses",2020-11-11,"NJ2020",2020-09-01,5,1,"VPC",9,2,60,50,39.0833333333333
"vi201111.039","Viruses",2020-11-11,"NJ2020",2020-09-01,5,1,"VPC",9,3,60,50,39.0833333333333
"vi201111.040","Viruses",2020-11-11,"NJ2020",2020-09-01,5,1,"TE",NA,NA,60,NA,39.0833333333333
"vi201111.041","Viruses",2020-11-11,"NJ2020",2020-09-01,5,1,"TE",NA,NA,60,NA,39.0833333333333
"vi201111.042","Viruses",2020-11-11,"NJ2020",2020-09-01,5,1,"TE",NA,NA,60,NA,39.0833333333333
"vi201111.043","Viruses",2020-11-11,"NJ2020",2020-09-01,5,1,"TE",NA,NA,60,NA,39.0833333333333
"vi201111.044","Viruses",2020-11-11,"NJ2020",2020-09-01,5,1,"TE",NA,NA,60,NA,39.0833333333333
"vi201111.045","Viruses",2020-11-11,"NJ2020",2020-09-01,5,1,"TE",NA,NA,60,NA,39.0833333333333
"vi201111.052","Viruses",2020-11-11,"NJ2020",2020-09-01,5,1,"VPC",12,1,60,50,39.0833333333333
"vi201111.053","Viruses",2020-11-11,"NJ2020",2020-09-01,5,1,"VPC",12,2,60,50,39.0833333333333
"vi201111.054","Viruses",2020-11-11,"NJ2020",2020-09-01,5,1,"VPC",12,3,60,50,39.0833333333333
"vi201111.055","Viruses",2020-11-11,"NJ2020",2020-09-01,5,1,"VPC",24,1,60,50,39.0833333333333
"vi201111.056","Viruses",2020-11-11,"NJ2020",2020-09-01,5,1,"VPC",24,2,60,50,39.0833333333333
"vi201111.057","Viruses",2020-11-11,"NJ2020",2020-09-01,5,1,"VPC",24,3,60,50,39.0833333333333
"vi201112.001","Viruses",2020-11-12,"NJ2020",2020-09-03,6,1,"TE",NA,NA,60,NA,39.0833333333333
"vi201112.002","Viruses",2020-11-12,"NJ2020",2020-09-03,6,1,"TE",NA,NA,60,NA,39.0833333333333
"vi201112.003","Viruses",2020-11-12,"NJ2020",2020-09-03,6,1,"TE",NA,NA,60,NA,39.0833333333333
"vi201112.004","Viruses",2020-11-12,"NJ2020",2020-09-03,6,1,"TE",NA,NA,60,NA,39.0833333333333
"vi201112.005","Viruses",2020-11-12,"NJ2020",2020-09-03,6,1,"TE",NA,NA,60,NA,39.0833333333333
"vi201112.006","Viruses",2020-11-12,"NJ2020",2020-09-03,6,1,"TE",NA,NA,60,NA,39.0833333333333
"vi201112.012","Viruses",2020-11-12,"NJ2020",2020-09-03,6,1,"0.22",0,1,60,20,39.0833333333333
"vi201112.016","Viruses",2020-11-12,"NJ2020",2020-09-03,6,1,"0.22",0,2,60,20,39.0833333333333
"vi201112.017","Viruses",2020-11-12,"NJ2020",2020-09-03,6,1,"TE",NA,NA,60,NA,39.0833333333333
"vi201112.018","Viruses",2020-11-12,"NJ2020",2020-09-03,6,1,"0.22",0,3,60,20,39.0833333333333
"vi201112.019","Viruses",2020-11-12,"NJ2020",2020-09-03,6,1,"0.22",24,1,60,20,39.0833333333333
"vi201112.020","Viruses",2020-11-12,"NJ2020",2020-09-03,6,1,"0.22",24,2,60,20,39.0833333333333
"vi201112.021","Viruses",2020-11-12,"NJ2020",2020-09-03,6,1,"0.22",24,3,60,20,39.0833333333333
"vi201112.028","Viruses",2020-11-12,"NJ2020",2020-09-03,6,1,"TE",NA,NA,60,NA,39.0833333333333
"vi201112.029","Viruses",2020-11-12,"NJ2020",2020-09-03,6,1,"TE",NA,NA,60,NA,39.0833333333333
"vi201112.030","Viruses",2020-11-12,"NJ2020",2020-09-03,6,1,"TE",NA,NA,60,NA,39.0833333333333
"vi201112.031","Viruses",2020-11-12,"NJ2020",2020-09-03,6,1,"TE",NA,NA,60,NA,39.0833333333333
"vi201112.032","Viruses",2020-11-12,"NJ2020",2020-09-03,6,1,"TE",NA,NA,60,NA,39.0833333333333
"vi201112.039","Viruses",2020-11-12,"NJ2020",2020-09-03,6,1,"VP",0,1,60,50,39.0833333333333
"vi201112.040","Viruses",2020-11-12,"NJ2020",2020-09-03,6,1,"VP",0,2,60,50,39.0833333333333
"vi201112.041","Viruses",2020-11-12,"NJ2020",2020-09-03,6,1,"VP",0,3,60,50,39.0833333333333
"vi201112.042","Viruses",2020-11-12,"NJ2020",2020-09-03,6,1,"VP",3,1,60,50,39.0833333333333
"vi201112.043","Viruses",2020-11-12,"NJ2020",2020-09-03,6,1,"VP",3,2,60,50,39.0833333333333
"vi201112.044","Viruses",2020-11-12,"NJ2020",2020-09-03,6,1,"VP",3,3,60,50,39.0833333333333
"vi201112.052","Viruses",2020-11-12,"NJ2020",2020-09-03,6,1,"TE",NA,NA,60,NA,39.0833333333333
"vi201112.053","Viruses",2020-11-12,"NJ2020",2020-09-03,6,1,"TE",NA,NA,60,NA,39.0833333333333
"vi201112.054","Viruses",2020-11-12,"NJ2020",2020-09-03,6,1,"TE",NA,NA,60,NA,39.0833333333333
"vi201112.055","Viruses",2020-11-12,"NJ2020",2020-09-03,6,1,"TE",NA,NA,60,NA,39.0833333333333
"vi201112.056","Viruses",2020-11-12,"NJ2020",2020-09-03,6,1,"TE",NA,NA,60,NA,39.0833333333333
"vi201112.064","Viruses",2020-11-12,"NJ2020",2020-09-03,6,1,"VP",6,1,60,50,39.0833333333333
"vi201112.065","Viruses",2020-11-12,"NJ2020",2020-09-03,6,1,"VP",6,2,60,50,39.0833333333333
"vi201112.066","Viruses",2020-11-12,"NJ2020",2020-09-03,6,1,"VP",6,3,60,50,39.0833333333333
"vi201112.067","Viruses",2020-11-12,"NJ2020",2020-09-03,6,1,"VP",9,1,60,50,39.0833333333333
"vi201112.068","Viruses",2020-11-12,"NJ2020",2020-09-03,6,1,"VP",9,2,60,50,39.0833333333333
"vi201112.069","Viruses",2020-11-12,"NJ2020",2020-09-03,6,1,"VP",9,3,60,50,39.0833333333333
"vi201112.070","Viruses",2020-11-12,"NJ2020",2020-09-03,6,1,"TE",NA,NA,60,NA,39.0833333333333
"vi201112.071","Viruses",2020-11-12,"NJ2020",2020-09-03,6,1,"TE",NA,NA,60,NA,39.0833333333333
"vi201112.072","Viruses",2020-11-12,"NJ2020",2020-09-03,6,1,"TE",NA,NA,60,NA,39.0833333333333
"vi201112.073","Viruses",2020-11-12,"NJ2020",2020-09-03,6,1,"TE",NA,NA,60,NA,39.0833333333333
"vi201112.074","Viruses",2020-11-12,"NJ2020",2020-09-03,6,1,"TE",NA,NA,60,NA,39.0833333333333
"vi201112.081","Viruses",2020-11-12,"NJ2020",2020-09-03,6,1,"VP",12,1,60,50,39.0833333333333
"vi201112.082","Viruses",2020-11-12,"NJ2020",2020-09-03,6,1,"VP",12,2,60,50,39.0833333333333
"vi201112.083","Viruses",2020-11-12,"NJ2020",2020-09-03,6,1,"VP",12,3,60,50,39.0833333333333
"vi201112.084","Viruses",2020-11-12,"NJ2020",2020-09-03,6,1,"VP",24,1,60,50,39.0833333333333
"vi201112.085","Viruses",2020-11-12,"NJ2020",2020-09-03,6,1,"VP",24,2,60,50,39.0833333333333
"vi201112.086","Viruses",2020-11-12,"NJ2020",2020-09-03,6,1,"VP",24,3,60,50,39.0833333333333
"vi201112.087","Viruses",2020-11-12,"NJ2020",2020-09-03,6,1,"TE",NA,NA,60,NA,39.0833333333333
"vi201112.088","Viruses",2020-11-12,"NJ2020",2020-09-03,6,1,"TE",NA,NA,60,NA,39.0833333333333
"vi201112.089","Viruses",2020-11-12,"NJ2020",2020-09-03,6,1,"TE",NA,NA,60,NA,39.0833333333333
"vi201112.090","Viruses",2020-11-12,"NJ2020",2020-09-03,6,1,"TE",NA,NA,60,NA,39.0833333333333
"vi201112.091","Viruses",2020-11-12,"NJ2020",2020-09-03,6,1,"TE",NA,NA,60,NA,39.0833333333333
"vi201112.098","Viruses",2020-11-12,"NJ2020",2020-09-03,6,1,"VPC",0,1,60,50,39.0833333333333
"vi201112.099","Viruses",2020-11-12,"NJ2020",2020-09-03,6,1,"VPC",0,2,60,50,39.0833333333333
"vi201112.100","Viruses",2020-11-12,"NJ2020",2020-09-03,6,1,"VPC",0,3,60,50,39.0833333333333
"vi201112.101","Viruses",2020-11-12,"NJ2020",2020-09-03,6,1,"VPC",3,1,60,50,39.0833333333333
"vi201112.102","Viruses",2020-11-12,"NJ2020",2020-09-03,6,1,"VPC",3,2,60,50,39.0833333333333
"vi201112.103","Viruses",2020-11-12,"NJ2020",2020-09-03,6,1,"VPC",3,3,60,50,39.0833333333333
"vi201112.104","Viruses",2020-11-12,"NJ2020",2020-09-03,6,1,"TE",NA,NA,60,NA,39.0833333333333
"vi201112.105","Viruses",2020-11-12,"NJ2020",2020-09-03,6,1,"TE",NA,NA,60,NA,39.0833333333333
"vi201112.106","Viruses",2020-11-12,"NJ2020",2020-09-03,6,1,"TE",NA,NA,60,NA,39.0833333333333
"vi201112.107","Viruses",2020-11-12,"NJ2020",2020-09-03,6,1,"TE",NA,NA,60,NA,39.0833333333333
"vi201112.108","Viruses",2020-11-12,"NJ2020",2020-09-03,6,1,"TE",NA,NA,60,NA,39.0833333333333
"vi201112.109","Viruses",2020-11-12,"NJ2020",2020-09-03,6,1,"TE",NA,NA,60,NA,39.0833333333333
"vi201112.116","Viruses",2020-11-12,"NJ2020",2020-09-03,6,1,"VPC",6,1,60,50,39.0833333333333
"vi201112.117","Viruses",2020-11-12,"NJ2020",2020-09-03,6,1,"VPC",6,2,60,50,39.0833333333333
"vi201112.118","Viruses",2020-11-12,"NJ2020",2020-09-03,6,1,"VPC",6,3,60,50,39.0833333333333
"vi201112.119","Viruses",2020-11-12,"NJ2020",2020-09-03,6,1,"VPC",9,1,60,50,39.0833333333333
"vi201112.120","Viruses",2020-11-12,"NJ2020",2020-09-03,6,1,"VPC",9,2,60,50,39.0833333333333
"vi201112.121","Viruses",2020-11-12,"NJ2020",2020-09-03,6,1,"VPC",9,3,60,50,39.0833333333333
"vi201112.122","Viruses",2020-11-12,"NJ2020",2020-09-03,6,1,"TE",NA,NA,60,NA,39.0833333333333
"vi201112.123","Viruses",2020-11-12,"NJ2020",2020-09-03,6,1,"TE",NA,NA,60,NA,39.0833333333333
"vi201112.124","Viruses",2020-11-12,"NJ2020",2020-09-03,6,1,"TE",NA,NA,60,NA,39.0833333333333
"vi201112.125","Viruses",2020-11-12,"NJ2020",2020-09-03,6,1,"TE",NA,NA,60,NA,39.0833333333333
"vi201112.126","Viruses",2020-11-12,"NJ2020",2020-09-03,6,1,"TE",NA,NA,60,NA,39.0833333333333
"vi201112.133","Viruses",2020-11-12,"NJ2020",2020-09-03,6,1,"VPC",12,1,60,50,39.0833333333333
"vi201112.134","Viruses",2020-11-12,"NJ2020",2020-09-03,6,1,"VPC",12,2,60,50,39.0833333333333
"vi201112.135","Viruses",2020-11-12,"NJ2020",2020-09-03,6,1,"VPC",12,3,60,50,39.0833333333333
"vi201112.136","Viruses",2020-11-12,"NJ2020",2020-09-03,6,1,"VPC",24,1,60,50,39.0833333333333
"vi201112.137","Viruses",2020-11-12,"NJ2020",2020-09-03,6,1,"VPC",24,2,60,50,39.0833333333333
"vi201112.138","Viruses",2020-11-12,"NJ2020",2020-09-03,6,1,"VPC",24,3,60,50,39.0833333333333
"vi201116.105","Viruses",2020-11-16,"NJ2020",2020-09-05,7,1,"TE",NA,NA,60,NA,39.0833333333333
"vi201116.106","Viruses",2020-11-16,"NJ2020",2020-09-05,7,1,"TE",NA,NA,60,NA,39.0833333333333
"vi201116.107","Viruses",2020-11-16,"NJ2020",2020-09-05,7,1,"TE",NA,NA,60,NA,39.0833333333333
"vi201116.108","Viruses",2020-11-16,"NJ2020",2020-09-05,7,1,"TE",NA,NA,60,NA,39.0833333333333
"vi201116.109","Viruses",2020-11-16,"NJ2020",2020-09-05,7,1,"TE",NA,NA,60,NA,39.0833333333333
"vi201116.116","Viruses",2020-11-16,"NJ2020",2020-09-05,7,1,"0.22",0,1,60,100,39.0833333333333
"vi201116.117","Viruses",2020-11-16,"NJ2020",2020-09-05,7,1,"0.22",0,2,60,100,39.0833333333333
"vi201116.118","Viruses",2020-11-16,"NJ2020",2020-09-05,7,1,"0.22",0,3,60,100,39.0833333333333
"vi201116.119","Viruses",2020-11-16,"NJ2020",2020-09-05,7,1,"0.22",24,1,60,100,39.0833333333333
"vi201116.120","Viruses",2020-11-16,"NJ2020",2020-09-05,7,1,"0.22",24,2,60,100,39.0833333333333
"vi201116.121","Viruses",2020-11-16,"NJ2020",2020-09-05,7,1,"0.22",24,3,60,100,39.0833333333333
"vi201116.122","Viruses",2020-11-16,"NJ2020",2020-09-05,7,1,"TE",NA,NA,60,NA,39.0833333333333
"vi201116.123","Viruses",2020-11-16,"NJ2020",2020-09-05,7,1,"TE",NA,NA,60,NA,39.0833333333333
"vi201116.124","Viruses",2020-11-16,"NJ2020",2020-09-05,7,1,"TE",NA,NA,60,NA,39.0833333333333
"vi201116.125","Viruses",2020-11-16,"NJ2020",2020-09-05,7,1,"TE",NA,NA,60,NA,39.0833333333333
"vi201116.126","Viruses",2020-11-16,"NJ2020",2020-09-05,7,1,"TE",NA,NA,60,NA,39.0833333333333
"vi201116.135","Viruses",2020-11-16,"NJ2020",2020-09-05,7,1,"TE",NA,NA,60,NA,39.0833333333333
"vi201116.136","Viruses",2020-11-16,"NJ2020",2020-09-05,7,1,"TE",NA,NA,60,NA,39.0833333333333
"vi201116.149","Viruses",2020-11-16,"NJ2020",2020-09-05,7,1,"TE",NA,NA,60,NA,39.0833333333333
"vi201116.150","Viruses",2020-11-16,"NJ2020",2020-09-05,7,1,"TE",NA,NA,60,NA,39.0833333333333
"vi201116.151","Viruses",2020-11-16,"NJ2020",2020-09-05,7,1,"TE",NA,NA,60,NA,39.0833333333333
"vi201116.152","Viruses",2020-11-16,"NJ2020",2020-09-05,7,1,"TE",NA,NA,60,NA,39.0833333333333
"vi201116.153","Viruses",2020-11-16,"NJ2020",2020-09-05,7,1,"TE",NA,NA,60,NA,39.0833333333333
"vi201116.154","Viruses",2020-11-16,"NJ2020",2020-09-05,7,1,"TE",NA,NA,60,NA,39.0833333333333
"vi201116.155","Viruses",2020-11-16,"NJ2020",2020-09-05,7,1,"TE",NA,NA,60,NA,39.0833333333333
"vi201116.156","Viruses",2020-11-16,"NJ2020",2020-09-05,7,1,"TE",NA,NA,60,NA,39.0833333333333
"vi201116.157","Viruses",2020-11-16,"NJ2020",2020-09-05,7,1,"TE",NA,NA,60,NA,39.0833333333333
"vi201116.158","Viruses",2020-11-16,"NJ2020",2020-09-05,7,1,"TE",NA,NA,60,NA,39.0833333333333
"vi201116.159","Viruses",2020-11-16,"NJ2020",2020-09-05,7,1,"TE",NA,NA,60,NA,39.0833333333333
"vi201116.160","Viruses",2020-11-16,"NJ2020",2020-09-05,7,1,"TE",NA,NA,60,NA,39.0833333333333
"vi201116.161","Viruses",2020-11-16,"NJ2020",2020-09-05,7,1,"TE",NA,NA,60,NA,39.0833333333333
"vi201116.162","Viruses",2020-11-16,"NJ2020",2020-09-05,7,1,"VP",0,1,60,10,39.0833333333333
"vi201116.163","Viruses",2020-11-16,"NJ2020",2020-09-05,7,1,"VP",0,2,60,10,39.0833333333333
"vi201116.164","Viruses",2020-11-16,"NJ2020",2020-09-05,7,1,"VP",0,3,60,10,39.0833333333333
"vi201116.165","Viruses",2020-11-16,"NJ2020",2020-09-05,7,1,"VP",3,1,60,10,39.0833333333333
"vi201116.166","Viruses",2020-11-16,"NJ2020",2020-09-05,7,1,"VP",3,2,60,10,39.0833333333333
"vi201116.167","Viruses",2020-11-16,"NJ2020",2020-09-05,7,1,"VP",3,3,60,10,39.0833333333333
"vi201116.168","Viruses",2020-11-16,"NJ2020",2020-09-05,7,1,"VP",6,1,60,10,39.0833333333333
"vi201116.169","Viruses",2020-11-16,"NJ2020",2020-09-05,7,1,"VP",6,2,60,10,39.0833333333333
"vi201116.170","Viruses",2020-11-16,"NJ2020",2020-09-05,7,1,"VP",6,3,60,10,39.0833333333333
"vi201116.171","Viruses",2020-11-16,"NJ2020",2020-09-05,7,1,"VP",9,1,60,10,39.0833333333333
"vi201116.172","Viruses",2020-11-16,"NJ2020",2020-09-05,7,1,"VP",9,2,60,10,39.0833333333333
"vi201116.173","Viruses",2020-11-16,"NJ2020",2020-09-05,7,1,"VP",9,3,60,10,39.0833333333333
"vi201116.174","Viruses",2020-11-16,"NJ2020",2020-09-05,7,1,"VP",12,1,60,10,39.0833333333333
"vi201116.175","Viruses",2020-11-16,"NJ2020",2020-09-05,7,1,"VP",12,2,60,10,39.0833333333333
"vi201116.176","Viruses",2020-11-16,"NJ2020",2020-09-05,7,1,"VP",12,3,60,10,39.0833333333333
"vi201116.177","Viruses",2020-11-16,"NJ2020",2020-09-05,7,1,"VP",24,1,60,10,39.0833333333333
"vi201116.178","Viruses",2020-11-16,"NJ2020",2020-09-05,7,1,"VP",24,2,60,10,39.0833333333333
"vi201116.179","Viruses",2020-11-16,"NJ2020",2020-09-05,7,1,"VP",24,3,60,10,39.0833333333333
"vi201116.180","Viruses",2020-11-16,"NJ2020",2020-09-05,7,1,"TE",NA,NA,60,NA,39.0833333333333
"vi201116.181","Viruses",2020-11-16,"NJ2020",2020-09-05,7,1,"TE",NA,NA,60,NA,39.0833333333333
"vi201118.001","Viruses",2020-11-16,"NJ2020",2020-09-05,7,1,"TE",NA,NA,60,NA,39.0833333333333
"vi201118.002","Viruses",2020-11-16,"NJ2020",2020-09-05,7,1,"TE",NA,NA,60,NA,39.0833333333333
"vi201118.003","Viruses",2020-11-16,"NJ2020",2020-09-05,7,1,"TE",NA,NA,60,NA,39.0833333333333
"vi201118.004","Viruses",2020-11-16,"NJ2020",2020-09-05,7,1,"TE",NA,NA,60,NA,39.0833333333333
"vi201118.005","Viruses",2020-11-16,"NJ2020",2020-09-05,7,1,"TE",NA,NA,60,NA,39.0833333333333
"vi201118.008","Viruses",2020-11-16,"NJ2020",2020-09-05,7,1,"VPC",0,1,60,20,39.0833333333333
"vi201118.009","Viruses",2020-11-16,"NJ2020",2020-09-05,7,1,"VPC",0,2,60,20,39.0833333333333
"vi201118.010","Viruses",2020-11-16,"NJ2020",2020-09-05,7,1,"VPC",0,3,60,20,39.0833333333333
"vi201118.011","Viruses",2020-11-16,"NJ2020",2020-09-05,7,1,"VPC",3,1,60,20,39.0833333333333
"vi201118.012","Viruses",2020-11-16,"NJ2020",2020-09-05,7,1,"VPC",3,2,60,20,39.0833333333333
"vi201118.013","Viruses",2020-11-16,"NJ2020",2020-09-05,7,1,"VPC",3,3,60,20,39.0833333333333
"vi201118.014","Viruses",2020-11-16,"NJ2020",2020-09-05,7,1,"TE",NA,NA,60,NA,39.0833333333333
"vi201118.015","Viruses",2020-11-16,"NJ2020",2020-09-05,7,1,"TE",NA,NA,60,NA,39.0833333333333
"vi201118.016","Viruses",2020-11-16,"NJ2020",2020-09-05,7,1,"TE",NA,NA,60,NA,39.0833333333333
"vi201118.017","Viruses",2020-11-16,"NJ2020",2020-09-05,7,1,"TE",NA,NA,60,NA,39.0833333333333
"vi201118.018","Viruses",2020-11-16,"NJ2020",2020-09-05,7,1,"TE",NA,NA,60,NA,39.0833333333333
"vi201118.019","Viruses",2020-11-16,"NJ2020",2020-09-05,7,1,"TE",NA,NA,60,NA,39.0833333333333
"vi201118.020","Viruses",2020-11-16,"NJ2020",2020-09-05,7,1,"VPC",6,1,60,20,39.0833333333333
"vi201118.021","Viruses",2020-11-16,"NJ2020",2020-09-05,7,1,"VPC",6,2,60,20,39.0833333333333
"vi201118.022","Viruses",2020-11-16,"NJ2020",2020-09-05,7,1,"VPC",6,3,60,20,39.0833333333333
"vi201118.023","Viruses",2020-11-16,"NJ2020",2020-09-05,7,1,"VPC",9,1,60,20,39.0833333333333
"vi201118.024","Viruses",2020-11-16,"NJ2020",2020-09-05,7,1,"VPC",9,2,60,20,39.0833333333333
"vi201118.025","Viruses",2020-11-16,"NJ2020",2020-09-05,7,1,"VPC",9,3,60,20,39.0833333333333
"vi201118.026","Viruses",2020-11-16,"NJ2020",2020-09-05,7,1,"TE",NA,NA,60,NA,39.0833333333333
"vi201118.027","Viruses",2020-11-16,"NJ2020",2020-09-05,7,1,"TE",NA,NA,60,NA,39.0833333333333
"vi201118.028","Viruses",2020-11-16,"NJ2020",2020-09-05,7,1,"TE",NA,NA,60,NA,39.0833333333333
"vi201118.029","Viruses",2020-11-16,"NJ2020",2020-09-05,7,1,"TE",NA,NA,60,NA,39.0833333333333
"vi201118.030","Viruses",2020-11-16,"NJ2020",2020-09-05,7,1,"TE",NA,NA,60,NA,39.0833333333333
"vi201118.031","Viruses",2020-11-16,"NJ2020",2020-09-05,7,1,"TE",NA,NA,60,NA,39.0833333333333
"vi201118.032","Viruses",2020-11-16,"NJ2020",2020-09-05,7,1,"VPC",12,1,60,20,39.0833333333333
"vi201118.033","Viruses",2020-11-16,"NJ2020",2020-09-05,7,1,"VPC",12,2,60,20,39.0833333333333
"vi201118.034","Viruses",2020-11-16,"NJ2020",2020-09-05,7,1,"VPC",12,3,60,20,39.0833333333333
"vi201118.035","Viruses",2020-11-16,"NJ2020",2020-09-05,7,1,"VPC",24,1,60,20,39.0833333333333
"vi201118.036","Viruses",2020-11-16,"NJ2020",2020-09-05,7,1,"VPC",24,2,60,20,39.0833333333333
"vi201118.037","Viruses",2020-11-16,"NJ2020",2020-09-05,7,1,"VPC",24,3,60,20,39.0833333333333
