"Location","Station_Number","Depth","Time_Range","Population","Sample_Type","VP","abs_VP","VP_SE","VP_R_Squared","VP_Method"
"NJ2020",1,1,"T0_T17","c_Viruses","VP",57873.7481454545,983853.718472727,28041.8489544932,0.298708945068047,"LM_ALLPOINTS"
"NJ2020",1,1,"T0_T17","c_Viruses","VP",57873.7481454546,983853.718472728,1607.02330634139,0.377094175806783,"LM_SR_AVG"
"NJ2020",1,1,"T0_T17","c_Viruses","VP",57873.7481454544,983853.718472725,56208.3561397892,0.346434207907488,"LM_AR"
"NJ2020",1,1,"T0_T17","c_Viruses","VP",57873.7481454544,983853.718472725,56208.3561397892,0.346434207907488,"LM_AR_DIFF"
"NJ2020",1,1,"T0_T17","c_Viruses","VP",57873.7481454541,983853.71847272,56208.3561397895,0.346434207907483,"LM_AR_DIFF_LMER"
"NJ2020",1,1,"T0_T17","c_Viruses","VP",144937.649409091,1807078.89133333,33392.0074328745,NA,"VPCL_SR_AVG"
"NJ2020",1,1,"T0_T17","c_Viruses","VP",160899.399121212,1769893.39033333,NA,NA,"VPCL_AR"
"NJ2020",1,1,"T0_T17","c_Viruses","VP",160899.399121212,1769893.39033333,35629.331427246,NA,"VPCL_AR_SE"
"NJ2020",1,1,"T0_T17","c_Viruses","VP",160899.399121212,1769893.39033333,NA,NA,"VPCL_AR_DIFF"
"NJ2020",1,1,"T0_T17","c_Viruses","VP",160899.399121212,1769893.39033333,35629.331427246,NA,"VPCL_AR_DIFF_SE"
"NJ2020",1,1,"T0_T17","c_Viruses","VP",160899.399121212,1769893.39033334,NA,NA,"VPCL_AR_DIFF_LMER"
"NJ2020",1,1,"T0_T17","c_Viruses","VP",160899.399121212,1769893.39033334,45566.8918657392,NA,"VPCL_AR_DIFF_LMER_SE"
"NJ2020",2,1,"T0_T6","c_Viruses","VP",-800817.342222223,-4804904.05333334,70874.2879186495,0.94802116388009,"LM_ALLPOINTS"
"NJ2020",2,1,"T0_T6","c_Viruses","VP",-800817.342222224,-4804904.05333335,104041.365628253,0.984056266334509,"LM_SR_AVG"
"NJ2020",2,1,"T0_T6","c_Viruses","VP",-800817.342222226,-4804904.05333336,36951.2377070214,0.997875447936815,"LM_AR"
"NJ2020",2,1,"T0_T6","c_Viruses","VP",-800817.342222226,-4804904.05333336,36951.2377070214,0.997875447936815,"LM_AR_DIFF"
"NJ2020",2,1,"T0_T6","c_Viruses","VP",-800817.34222222,-4804904.05333332,36951.2377070164,0.997875447936816,"LM_AR_DIFF_LMER"
"NJ2020",2,1,"T0_T6","c_Viruses","VP",0,0,0,NA,"VPCL_SR_AVG"
"NJ2020",2,1,"T0_T6","c_Viruses","VP",0,0,NA,NA,"VPCL_AR"
"NJ2020",2,1,"T0_T6","c_Viruses","VP",0,0,0,NA,"VPCL_AR_SE"
"NJ2020",2,1,"T0_T6","c_Viruses","VP",0,0,NA,NA,"VPCL_AR_DIFF"
"NJ2020",2,1,"T0_T6","c_Viruses","VP",0,0,0,NA,"VPCL_AR_DIFF_SE"
"NJ2020",2,1,"T0_T6","c_Viruses","VP",0,0,NA,NA,"VPCL_AR_DIFF_LMER"
"NJ2020",2,1,"T0_T6","c_Viruses","VP",0,0,0,NA,"VPCL_AR_DIFF_LMER_SE"
"NJ2020",3,1,"T0_T12","c_Viruses","VP",-313606.254444444,-3763275.05333333,100112.366768828,0.430145059519484,"LM_ALLPOINTS"
"NJ2020",3,1,"T0_T12","c_Viruses","VP",-313606.254444444,-3763275.05333333,104398.449099583,0.458938473190537,"LM_SR_AVG"
"NJ2020",3,1,"T0_T12","c_Viruses","VP",-313606.254444444,-3763275.05333333,125626.893110166,0.675031582823802,"LM_AR"
"NJ2020",3,1,"T0_T12","c_Viruses","VP",-313606.254444444,-3763275.05333333,125626.893110166,0.675031582823802,"LM_AR_DIFF"
"NJ2020",3,1,"T0_T12","c_Viruses","VP",-313606.254444445,-3763275.05333334,125626.893110166,0.675031582823805,"LM_AR_DIFF_LMER"
"NJ2020",3,1,"T0_T12","c_Viruses","VP",488784.647777778,2327334.75333333,72708.7936192019,NA,"VPCL_SR_AVG"
"NJ2020",3,1,"T0_T12","c_Viruses","VP",517242.358888889,1551727.07666667,NA,NA,"VPCL_AR"
"NJ2020",3,1,"T0_T12","c_Viruses","VP",0,0,0,NA,"VPCL_AR_SE"
"NJ2020",3,1,"T0_T12","c_Viruses","VP",517242.358888889,1551727.07666667,NA,NA,"VPCL_AR_DIFF"
"NJ2020",3,1,"T0_T12","c_Viruses","VP",0,0,0,NA,"VPCL_AR_DIFF_SE"
"NJ2020",3,1,"T0_T12","c_Viruses","VP",517242.358888883,1551727.07666665,NA,NA,"VPCL_AR_DIFF_LMER"
"NJ2020",3,1,"T0_T12","c_Viruses","VP",0,0,0,NA,"VPCL_AR_DIFF_LMER_SE"
"NJ2020",4,1,"T0_T3","c_Viruses","VP",423312.01111111,1269936.03333333,120394.233111847,0.755540071294208,"LM_ALLPOINTS"
"NJ2020",4,1,"T0_T3","c_Viruses","VP",423312.011111111,1269936.03333333,161450.540719323,1,"LM_SR_AVG"
"NJ2020",4,1,"T0_T3","c_Viruses","VP",423312.01111111,1269936.03333333,NA,1,"LM_AR"
"NJ2020",4,1,"T0_T3","c_Viruses","VP",423312.01111111,1269936.03333333,NA,1,"LM_AR_DIFF"
"NJ2020",4,1,"T0_T3","c_Viruses","VP",423312.011111108,1269936.03333332,NA,1,"LM_AR_DIFF_LMER"
"NJ2020",4,1,"T0_T3","c_Viruses","VP",423312.011111111,1269936.03333333,161450.540719323,NA,"VPCL_SR_AVG"
"NJ2020",4,1,"T0_T3","c_Viruses","VP",423312.011111111,1269936.03333333,NA,NA,"VPCL_AR"
"NJ2020",4,1,"T0_T3","c_Viruses","VP",423312.011111111,1269936.03333333,164056.981534688,NA,"VPCL_AR_SE"
"NJ2020",4,1,"T0_T3","c_Viruses","VP",423312.011111111,1269936.03333333,NA,NA,"VPCL_AR_DIFF"
"NJ2020",4,1,"T0_T3","c_Viruses","VP",423312.011111111,1269936.03333333,164056.981534688,NA,"VPCL_AR_DIFF_SE"
"NJ2020",4,1,"T0_T3","c_Viruses","VP",423312.011111107,1269936.03333332,NA,NA,"VPCL_AR_DIFF_LMER"
"NJ2020",4,1,"T0_T3","c_Viruses","VP",423312.011111107,1269936.03333332,313969.303599017,NA,"VPCL_AR_DIFF_LMER_SE"
"NJ2020",5,1,"T0_T24","c_Viruses","VP",31821.2508055556,763710.019333335,64504.1194062974,0.0149824751580392,"LM_ALLPOINTS"
"NJ2020",5,1,"T0_T24","c_Viruses","VP",31821.2508055552,763710.019333326,34272.7758032093,0.0387772081185554,"LM_SR_AVG"
"NJ2020",5,1,"T0_T24","c_Viruses","VP",31821.2508055552,763710.019333324,56369.7881459051,0.0737890009951765,"LM_AR"
"NJ2020",5,1,"T0_T24","c_Viruses","VP",31821.2508055552,763710.019333324,56369.7881459051,0.0737890009951765,"LM_AR_DIFF"
"NJ2020",5,1,"T0_T24","c_Viruses","VP",31821.2508055541,763710.019333299,56369.7881459051,0.0737890009951725,"LM_AR_DIFF_LMER"
"NJ2020",5,1,"T0_T24","c_Viruses","VP",821517.413055556,7041364.60333333,134889.413821803,NA,"VPCL_SR_AVG"
"NJ2020",5,1,"T0_T24","c_Viruses","VP",581396.588611111,4105756.93,NA,NA,"VPCL_AR"
"NJ2020",5,1,"T0_T24","c_Viruses","VP",957000.711111111,2871002.13333333,399685.637295983,NA,"VPCL_AR_SE"
"NJ2020",5,1,"T0_T24","c_Viruses","VP",581396.588611111,4105756.93,NA,NA,"VPCL_AR_DIFF"
"NJ2020",5,1,"T0_T24","c_Viruses","VP",957000.711111111,2871002.13333333,399685.637295983,NA,"VPCL_AR_DIFF_SE"
"NJ2020",5,1,"T0_T24","c_Viruses","VP",581396.58861111,4105756.92999998,NA,NA,"VPCL_AR_DIFF_LMER"
"NJ2020",5,1,"T0_T24","c_Viruses","VP",957000.711111115,2871002.13333334,686627.340414383,NA,"VPCL_AR_DIFF_LMER_SE"
"NJ2020",6,1,"T0_T24","c_Viruses","VP",-134616.204611111,-3230788.91066667,127764.961305943,0.0648810714863555,"LM_ALLPOINTS"
"NJ2020",6,1,"T0_T24","c_Viruses","VP",-134616.204611111,-3230788.91066667,44048.8999334364,0.32843969559517,"LM_SR_AVG"
"NJ2020",6,1,"T0_T24","c_Viruses","VP",-134616.204611111,-3230788.91066667,157644.980090405,0.154187299601142,"LM_AR"
"NJ2020",6,1,"T0_T24","c_Viruses","VP",-134616.204611111,-3230788.91066667,157644.980090405,0.154187299601142,"LM_AR_DIFF"
"NJ2020",6,1,"T0_T24","c_Viruses","VP",-134616.204611111,-3230788.91066667,157644.980090405,0.154187299601142,"LM_AR_DIFF_LMER"
"NJ2020",6,1,"T0_T24","c_Viruses","VP",385767.590638889,6538166.31,127655.318227045,NA,"VPCL_SR_AVG"
"NJ2020",6,1,"T0_T24","c_Viruses","VP",328358.208888889,4925373.13333333,NA,NA,"VPCL_AR"
"NJ2020",6,1,"T0_T24","c_Viruses","VP",0,0,0,NA,"VPCL_AR_SE"
"NJ2020",6,1,"T0_T24","c_Viruses","VP",328358.208888889,4925373.13333333,NA,NA,"VPCL_AR_DIFF"
"NJ2020",6,1,"T0_T24","c_Viruses","VP",0,0,0,NA,"VPCL_AR_DIFF_SE"
"NJ2020",6,1,"T0_T24","c_Viruses","VP",328358.208888889,4925373.13333334,NA,NA,"VPCL_AR_DIFF_LMER"
"NJ2020",6,1,"T0_T24","c_Viruses","VP",1525799.57333334,4577398.72000001,1396801.36604058,NA,"VPCL_AR_DIFF_LMER_SE"
"NJ2020",7,1,"T0_T12","c_Viruses","VP",-67488.2729222222,-809859.275066666,58530.6649772367,0.0927808930093599,"LM_ALLPOINTS"
"NJ2020",7,1,"T0_T12","c_Viruses","VP",-67488.2729222222,-809859.275066667,17181.3448114646,0.135600532628298,"LM_SR_AVG"
"NJ2020",7,1,"T0_T12","c_Viruses","VP",-67488.2729222222,-809859.275066666,75828.6985517815,0.208885203212526,"LM_AR"
"NJ2020",7,1,"T0_T12","c_Viruses","VP",-67488.2729222222,-809859.275066666,75828.6985517815,0.208885203212526,"LM_AR_DIFF"
"NJ2020",7,1,"T0_T12","c_Viruses","VP",-67488.2729222217,-809859.27506666,75828.6985517817,0.208885203212523,"LM_AR_DIFF_LMER"
"NJ2020",7,1,"T0_T12","c_Viruses","VP",381982.942472222,2119488.273,41844.9513144648,NA,"VPCL_SR_AVG"
"NJ2020",7,1,"T0_T12","c_Viruses","VP",282217.484111111,1693304.90466667,NA,NA,"VPCL_AR"
"NJ2020",7,1,"T0_T12","c_Viruses","VP",430732.054111111,1292196.16233333,98700.8576308613,NA,"VPCL_AR_SE"
"NJ2020",7,1,"T0_T12","c_Viruses","VP",282217.484111111,1693304.90466667,NA,NA,"VPCL_AR_DIFF"
"NJ2020",7,1,"T0_T12","c_Viruses","VP",430732.054111111,1292196.16233333,98700.8576308613,NA,"VPCL_AR_DIFF_SE"
"NJ2020",7,1,"T0_T12","c_Viruses","VP",282217.484111113,1693304.90466668,NA,NA,"VPCL_AR_DIFF_LMER"
"NJ2020",7,1,"T0_T12","c_Viruses","VP",430732.054111112,1292196.16233334,251314.725174923,NA,"VPCL_AR_DIFF_LMER_SE"
"NJ2020",1,1,"T0_T17","c_V1","VP",61620.2248838383,1047543.82302525,23914.2901614315,0.399018301625842,"LM_ALLPOINTS"
"NJ2020",1,1,"T0_T17","c_V1","VP",61620.2248838383,1047543.82302525,2887.77134196029,0.502407516228652,"LM_SR_AVG"
"NJ2020",1,1,"T0_T17","c_V1","VP",61620.2248838385,1047543.82302525,45716.9975484102,0.475991669795289,"LM_AR"
"NJ2020",1,1,"T0_T17","c_V1","VP",61620.2248838385,1047543.82302525,45716.9975484102,0.475991669795289,"LM_AR_DIFF"
"NJ2020",1,1,"T0_T17","c_V1","VP",61620.2248838387,1047543.82302526,45716.9975484099,0.475991669795294,"LM_AR_DIFF_LMER"
"NJ2020",1,1,"T0_T17","c_V1","VP",143491.369151515,1578405.06066667,20858.0580464882,NA,"VPCL_SR_AVG"
"NJ2020",1,1,"T0_T17","c_V1","VP",143491.369151515,1578405.06066667,NA,NA,"VPCL_AR"
"NJ2020",1,1,"T0_T17","c_V1","VP",143491.369151515,1578405.06066667,37246.5357160779,NA,"VPCL_AR_SE"
"NJ2020",1,1,"T0_T17","c_V1","VP",143491.369151515,1578405.06066667,NA,NA,"VPCL_AR_DIFF"
"NJ2020",1,1,"T0_T17","c_V1","VP",143491.369151515,1578405.06066667,37246.5357160779,NA,"VPCL_AR_DIFF_SE"
"NJ2020",1,1,"T0_T17","c_V1","VP",143491.369151515,1578405.06066666,NA,NA,"VPCL_AR_DIFF_LMER"
"NJ2020",1,1,"T0_T17","c_V1","VP",143491.369151515,1578405.06066666,39290.5559608517,NA,"VPCL_AR_DIFF_LMER_SE"
"NJ2020",2,1,"T0_T6","c_V1","VP",-575052.579444444,-3450315.47666667,70631.6146984201,0.904482814471419,"LM_ALLPOINTS"
"NJ2020",2,1,"T0_T6","c_V1","VP",-575052.579444446,-3450315.47666668,84551.1734687174,0.951820969522459,"LM_SR_AVG"
"NJ2020",2,1,"T0_T6","c_V1","VP",-575052.579444447,-3450315.47666668,84593.687003068,0.9788182014686,"LM_AR"
"NJ2020",2,1,"T0_T6","c_V1","VP",-575052.579444447,-3450315.47666668,84593.687003068,0.9788182014686,"LM_AR_DIFF"
"NJ2020",2,1,"T0_T6","c_V1","VP",-575052.57944444,-3450315.47666664,84593.6870030655,0.978818201468601,"LM_AR_DIFF_LMER"
"NJ2020",2,1,"T0_T6","c_V1","VP",0,0,0,NA,"VPCL_SR_AVG"
"NJ2020",2,1,"T0_T6","c_V1","VP",0,0,NA,NA,"VPCL_AR"
"NJ2020",2,1,"T0_T6","c_V1","VP",0,0,0,NA,"VPCL_AR_SE"
"NJ2020",2,1,"T0_T6","c_V1","VP",0,0,NA,NA,"VPCL_AR_DIFF"
"NJ2020",2,1,"T0_T6","c_V1","VP",0,0,0,NA,"VPCL_AR_DIFF_SE"
"NJ2020",2,1,"T0_T6","c_V1","VP",0,0,NA,NA,"VPCL_AR_DIFF_LMER"
"NJ2020",2,1,"T0_T6","c_V1","VP",0,0,0,NA,"VPCL_AR_DIFF_LMER_SE"
"NJ2020",3,1,"T0_T12","c_V1","VP",-246502.226444444,-2958026.71733333,99070.9204145022,0.322593344858002,"LM_ALLPOINTS"
"NJ2020",3,1,"T0_T12","c_V1","VP",-246502.226444444,-2958026.71733333,90315.1005719665,0.343023282321751,"LM_SR_AVG"
"NJ2020",3,1,"T0_T12","c_V1","VP",-246502.226444444,-2958026.71733333,141680.389658854,0.5022455536981,"LM_AR"
"NJ2020",3,1,"T0_T12","c_V1","VP",-246502.226444444,-2958026.71733333,141680.389658854,0.5022455536981,"LM_AR_DIFF"
"NJ2020",3,1,"T0_T12","c_V1","VP",-246502.226444444,-2958026.71733333,141680.389658854,0.502245553698101,"LM_AR_DIFF_LMER"
"NJ2020",3,1,"T0_T12","c_V1","VP",564905.112222222,2841386.82,106867.798930364,NA,"VPCL_SR_AVG"
"NJ2020",3,1,"T0_T12","c_V1","VP",716104.334444445,2148313.00333333,NA,NA,"VPCL_AR"
"NJ2020",3,1,"T0_T12","c_V1","VP",716104.334444445,2148313.00333333,468255.557920587,NA,"VPCL_AR_SE"
"NJ2020",3,1,"T0_T12","c_V1","VP",716104.334444445,2148313.00333333,NA,NA,"VPCL_AR_DIFF"
"NJ2020",3,1,"T0_T12","c_V1","VP",716104.334444445,2148313.00333333,468255.557920587,NA,"VPCL_AR_DIFF_SE"
"NJ2020",3,1,"T0_T12","c_V1","VP",716104.334444441,2148313.00333332,NA,NA,"VPCL_AR_DIFF_LMER"
"NJ2020",3,1,"T0_T12","c_V1","VP",716104.334444441,2148313.00333332,507588.923258618,NA,"VPCL_AR_DIFF_LMER_SE"
"NJ2020",4,1,"T0_T3","c_V1","VP",484593.352222222,1453780.05666667,119921.326457802,0.803237653472163,"LM_ALLPOINTS"
"NJ2020",4,1,"T0_T3","c_V1","VP",484593.352222223,1453780.05666667,156269.07431957,1,"LM_SR_AVG"
"NJ2020",4,1,"T0_T3","c_V1","VP",484593.352222223,1453780.05666667,NA,1,"LM_AR"
"NJ2020",4,1,"T0_T3","c_V1","VP",484593.352222223,1453780.05666667,NA,1,"LM_AR_DIFF"
"NJ2020",4,1,"T0_T3","c_V1","VP",484593.352222224,1453780.05666667,NA,1,"LM_AR_DIFF_LMER"
"NJ2020",4,1,"T0_T3","c_V1","VP",484593.352222223,1453780.05666667,156269.074319569,NA,"VPCL_SR_AVG"
"NJ2020",4,1,"T0_T3","c_V1","VP",484593.352222222,1453780.05666667,NA,NA,"VPCL_AR"
"NJ2020",4,1,"T0_T3","c_V1","VP",484593.352222222,1453780.05666667,165037.186171489,NA,"VPCL_AR_SE"
"NJ2020",4,1,"T0_T3","c_V1","VP",484593.352222222,1453780.05666667,NA,NA,"VPCL_AR_DIFF"
"NJ2020",4,1,"T0_T3","c_V1","VP",484593.352222222,1453780.05666667,165037.186171489,NA,"VPCL_AR_DIFF_SE"
"NJ2020",4,1,"T0_T3","c_V1","VP",484593.352222224,1453780.05666667,NA,NA,"VPCL_AR_DIFF_LMER"
"NJ2020",4,1,"T0_T3","c_V1","VP",484593.352222224,1453780.05666667,336706.909290846,NA,"VPCL_AR_DIFF_LMER_SE"
"NJ2020",5,1,"T0_T24","c_V1","VP",42802.7500277775,1027266.00066666,64395.0139901647,0.0268713290725169,"LM_ALLPOINTS"
"NJ2020",5,1,"T0_T24","c_V1","VP",42802.7500277774,1027266.00066666,35467.555575585,0.0502499129349246,"LM_SR_AVG"
"NJ2020",5,1,"T0_T24","c_V1","VP",42802.7500277771,1027266.00066665,60073.9330062995,0.112621227842209,"LM_AR"
"NJ2020",5,1,"T0_T24","c_V1","VP",42802.7500277771,1027266.00066665,60073.9330062995,0.112621227842209,"LM_AR_DIFF"
"NJ2020",5,1,"T0_T24","c_V1","VP",42802.7500277793,1027266.0006667,60073.9330063,0.112621227842216,"LM_AR_DIFF_LMER"
"NJ2020",5,1,"T0_T24","c_V1","VP",807998.76038889,7052966.34666667,181550.736199156,NA,"VPCL_SR_AVG"
"NJ2020",5,1,"T0_T24","c_V1","VP",625023.139444444,4632079.39,NA,NA,"VPCL_AR"
"NJ2020",5,1,"T0_T24","c_V1","VP",956066.094444444,2868198.28333333,429145.927069357,NA,"VPCL_AR_SE"
"NJ2020",5,1,"T0_T24","c_V1","VP",625023.139444444,4632079.39,NA,NA,"VPCL_AR_DIFF"
"NJ2020",5,1,"T0_T24","c_V1","VP",956066.094444444,2868198.28333333,429145.927069357,NA,"VPCL_AR_DIFF_SE"
"NJ2020",5,1,"T0_T24","c_V1","VP",625023.139444451,4632079.39000006,NA,NA,"VPCL_AR_DIFF_LMER"
"NJ2020",5,1,"T0_T24","c_V1","VP",956066.094444448,2868198.28333334,669998.124082816,NA,"VPCL_AR_DIFF_LMER_SE"
"NJ2020",6,1,"T0_T24","c_V1","VP",-120437.930805556,-2890510.33933334,112978.814654827,0.0663151665574398,"LM_ALLPOINTS"
"NJ2020",6,1,"T0_T24","c_V1","VP",-120437.930805556,-2890510.33933334,37219.3252234459,0.362804577640625,"LM_SR_AVG"
"NJ2020",6,1,"T0_T24","c_V1","VP",-120437.930805556,-2890510.33933333,135160.036885891,0.165626708156031,"LM_AR"
"NJ2020",6,1,"T0_T24","c_V1","VP",-120437.930805556,-2890510.33933333,135160.036885891,0.165626708156031,"LM_AR_DIFF"
"NJ2020",6,1,"T0_T24","c_V1","VP",-120437.930805555,-2890510.33933332,135160.036885891,0.16562670815603,"LM_AR_DIFF_LMER"
"NJ2020",6,1,"T0_T24","c_V1","VP",411284.806233333,5957534.79533333,131004.356029317,NA,"VPCL_SR_AVG"
"NJ2020",6,1,"T0_T24","c_V1","VP",275890.258577778,4138353.87866667,NA,NA,"VPCL_AR"
"NJ2020",6,1,"T0_T24","c_V1","VP",0,0,0,NA,"VPCL_AR_SE"
"NJ2020",6,1,"T0_T24","c_V1","VP",275890.258577778,4138353.87866667,NA,NA,"VPCL_AR_DIFF"
"NJ2020",6,1,"T0_T24","c_V1","VP",0,0,0,NA,"VPCL_AR_DIFF_SE"
"NJ2020",6,1,"T0_T24","c_V1","VP",275890.258577778,4138353.87866667,NA,NA,"VPCL_AR_DIFF_LMER"
"NJ2020",6,1,"T0_T24","c_V1","VP",1334679.534,4004038.60199999,1230169.85597945,NA,"VPCL_AR_DIFF_LMER_SE"
"NJ2020",7,1,"T0_T12","c_V1","VP",-59236.7358444444,-710840.830133333,56197.4395676923,0.0787387695013832,"LM_ALLPOINTS"
"NJ2020",7,1,"T0_T12","c_V1","VP",-59236.7358444444,-710840.830133333,18034.3103722489,0.112485499450273,"LM_SR_AVG"
"NJ2020",7,1,"T0_T12","c_V1","VP",-59236.7358444444,-710840.830133332,72656.8347443816,0.181380338115744,"LM_AR"
"NJ2020",7,1,"T0_T12","c_V1","VP",-59236.7358444444,-710840.830133332,72656.8347443816,0.181380338115744,"LM_AR_DIFF"
"NJ2020",7,1,"T0_T12","c_V1","VP",-59236.7358444442,-710840.830133331,72656.8347443817,0.181380338115743,"LM_AR_DIFF_LMER"
"NJ2020",7,1,"T0_T12","c_V1","VP",372436.093,2054433.68666667,35141.9960620762,NA,"VPCL_SR_AVG"
"NJ2020",7,1,"T0_T12","c_V1","VP",278864.308888889,1673185.85333333,NA,NA,"VPCL_AR"
"NJ2020",7,1,"T0_T12","c_V1","VP",427571.903666667,1282715.711,93529.5657183617,NA,"VPCL_AR_SE"
"NJ2020",7,1,"T0_T12","c_V1","VP",278864.308888889,1673185.85333333,NA,NA,"VPCL_AR_DIFF"
"NJ2020",7,1,"T0_T12","c_V1","VP",427571.903666667,1282715.711,93529.5657183617,NA,"VPCL_AR_DIFF_SE"
"NJ2020",7,1,"T0_T12","c_V1","VP",278864.30888889,1673185.85333334,NA,NA,"VPCL_AR_DIFF_LMER"
"NJ2020",7,1,"T0_T12","c_V1","VP",427571.903666666,1282715.711,243924.321111084,NA,"VPCL_AR_DIFF_LMER_SE"
"NJ2020",1,1,"T0_T17","c_V2","VP",-2497.19473434345,-42452.3104838386,4242.52884371455,0.0334860067064315,"LM_ALLPOINTS"
"NJ2020",1,1,"T0_T17","c_V2","VP",-2497.19473434344,-42452.3104838386,2441.23183309317,0.166305750357905,"LM_SR_AVG"
"NJ2020",1,1,"T0_T17","c_V2","VP",-2497.19473434342,-42452.3104838382,7251.37480900113,0.0559778607929873,"LM_AR"
"NJ2020",1,1,"T0_T17","c_V2","VP",-2497.19473434342,-42452.3104838382,7251.37480900113,0.0559778607929873,"LM_AR_DIFF"
"NJ2020",1,1,"T0_T17","c_V2","VP",-2497.19473434353,-42452.31048384,7251.3748090012,0.0559778607929897,"LM_AR_DIFF_LMER"
"NJ2020",1,1,"T0_T17","c_V2","VP",12554.5397171717,147380.275,5672.20247293118,NA,"VPCL_SR_AVG"
"NJ2020",1,1,"T0_T17","c_V2","VP",10963.3923939394,120597.316333333,NA,NA,"VPCL_AR"
"NJ2020",1,1,"T0_T17","c_V2","VP",10963.3923939394,120597.316333333,7539.44872613432,NA,"VPCL_AR_SE"
"NJ2020",1,1,"T0_T17","c_V2","VP",10963.3923939394,120597.316333333,NA,NA,"VPCL_AR_DIFF"
"NJ2020",1,1,"T0_T17","c_V2","VP",10963.3923939394,120597.316333333,7539.44872613432,NA,"VPCL_AR_DIFF_SE"
"NJ2020",1,1,"T0_T17","c_V2","VP",10963.3923939394,120597.316333333,NA,NA,"VPCL_AR_DIFF_LMER"
"NJ2020",1,1,"T0_T17","c_V2","VP",10963.3923939394,120597.316333333,8698.02068681159,NA,"VPCL_AR_DIFF_LMER_SE"
"NJ2020",2,1,"T0_T6","c_V2","VP",-203962.993777778,-1223777.96266667,21977.7172551007,0.924833552499972,"LM_ALLPOINTS"
"NJ2020",2,1,"T0_T6","c_V2","VP",-203962.993777778,-1223777.96266667,19221.095284668,0.947686388053099,"LM_SR_AVG"
"NJ2020",2,1,"T0_T6","c_V2","VP",-203962.993777778,-1223777.96266667,48000.8680865598,0.94752114649907,"LM_AR"
"NJ2020",2,1,"T0_T6","c_V2","VP",-203962.993777778,-1223777.96266667,48000.8680865598,0.94752114649907,"LM_AR_DIFF"
"NJ2020",2,1,"T0_T6","c_V2","VP",-203962.993777778,-1223777.96266667,48000.8680865594,0.947521146499071,"LM_AR_DIFF_LMER"
"NJ2020",2,1,"T0_T6","c_V2","VP",0,0,0,NA,"VPCL_SR_AVG"
"NJ2020",2,1,"T0_T6","c_V2","VP",0,0,NA,NA,"VPCL_AR"
"NJ2020",2,1,"T0_T6","c_V2","VP",0,0,0,NA,"VPCL_AR_SE"
"NJ2020",2,1,"T0_T6","c_V2","VP",0,0,NA,NA,"VPCL_AR_DIFF"
"NJ2020",2,1,"T0_T6","c_V2","VP",0,0,0,NA,"VPCL_AR_DIFF_SE"
"NJ2020",2,1,"T0_T6","c_V2","VP",0,0,NA,NA,"VPCL_AR_DIFF_LMER"
"NJ2020",2,1,"T0_T6","c_V2","VP",0,0,0,NA,"VPCL_AR_DIFF_LMER_SE"
"NJ2020",3,1,"T0_T12","c_V2","VP",-54224.7116555555,-650696.539866666,33396.3923624804,0.168601449401327,"LM_ALLPOINTS"
"NJ2020",3,1,"T0_T12","c_V2","VP",-54224.7116555555,-650696.539866666,53078.9445850297,0.333082213439684,"LM_SR_AVG"
"NJ2020",3,1,"T0_T12","c_V2","VP",-54224.7116555555,-650696.539866666,24462.5850997515,0.6209003650251,"LM_AR"
"NJ2020",3,1,"T0_T12","c_V2","VP",-54224.7116555555,-650696.539866666,24462.5850997515,0.6209003650251,"LM_AR_DIFF"
"NJ2020",3,1,"T0_T12","c_V2","VP",-54224.7116555552,-650696.539866662,24462.5850997513,0.620900365025101,"LM_AR_DIFF_LMER"
"NJ2020",3,1,"T0_T12","c_V2","VP",27328.5312777778,163971.187666667,18123.7477923776,NA,"VPCL_SR_AVG"
"NJ2020",3,1,"T0_T12","c_V2","VP",26372.9814444445,79118.9443333335,NA,NA,"VPCL_AR"
"NJ2020",3,1,"T0_T12","c_V2","VP",26372.9814444445,79118.9443333335,18475.0401039763,NA,"VPCL_AR_SE"
"NJ2020",3,1,"T0_T12","c_V2","VP",26372.9814444445,79118.9443333335,NA,NA,"VPCL_AR_DIFF"
"NJ2020",3,1,"T0_T12","c_V2","VP",26372.9814444445,79118.9443333335,18475.0401039763,NA,"VPCL_AR_DIFF_SE"
"NJ2020",3,1,"T0_T12","c_V2","VP",26372.9814444447,79118.9443333342,NA,NA,"VPCL_AR_DIFF_LMER"
"NJ2020",3,1,"T0_T12","c_V2","VP",0,0,0,NA,"VPCL_AR_DIFF_LMER_SE"
"NJ2020",4,1,"T0_T3","c_V2","VP",-31956.5880000001,-95869.7640000003,22567.7858338539,0.333903035285244,"LM_ALLPOINTS"
"NJ2020",4,1,"T0_T3","c_V2","VP",-31956.5880000001,-95869.764,3631.6282990032,1,"LM_SR_AVG"
"NJ2020",4,1,"T0_T3","c_V2","VP",-31956.5880000002,-95869.7640000007,NA,1,"LM_AR"
"NJ2020",4,1,"T0_T3","c_V2","VP",-31956.5880000002,-95869.7640000007,NA,1,"LM_AR_DIFF"
"NJ2020",4,1,"T0_T3","c_V2","VP",-31956.5879999993,-95869.763999998,NA,1,"LM_AR_DIFF_LMER"
"NJ2020",4,1,"T0_T3","c_V2","VP",0,0,0,NA,"VPCL_SR_AVG"
"NJ2020",4,1,"T0_T3","c_V2","VP",0,0,NA,NA,"VPCL_AR"
"NJ2020",4,1,"T0_T3","c_V2","VP",0,0,0,NA,"VPCL_AR_SE"
"NJ2020",4,1,"T0_T3","c_V2","VP",0,0,NA,NA,"VPCL_AR_DIFF"
"NJ2020",4,1,"T0_T3","c_V2","VP",0,0,0,NA,"VPCL_AR_DIFF_SE"
"NJ2020",4,1,"T0_T3","c_V2","VP",0,0,NA,NA,"VPCL_AR_DIFF_LMER"
"NJ2020",4,1,"T0_T3","c_V2","VP",0,0,0,NA,"VPCL_AR_DIFF_LMER_SE"
"NJ2020",5,1,"T0_T24","c_V2","VP",-9719.51410000002,-233268.3384,6710.97818667597,0.115903639609802,"LM_ALLPOINTS"
"NJ2020",5,1,"T0_T24","c_V2","VP",-9719.51410000002,-233268.3384,2915.93879516587,0.185061880355448,"LM_SR_AVG"
"NJ2020",5,1,"T0_T24","c_V2","VP",-9719.51410000007,-233268.338400002,9683.19280999627,0.201200754079981,"LM_AR"
"NJ2020",5,1,"T0_T24","c_V2","VP",-9719.51410000007,-233268.338400002,9683.19280999627,0.201200754079981,"LM_AR_DIFF"
"NJ2020",5,1,"T0_T24","c_V2","VP",-9719.51409999949,-233268.338399988,9683.19280999609,0.201200754079971,"LM_AR_DIFF_LMER"
"NJ2020",5,1,"T0_T24","c_V2","VP",69370.770388889,514763.285333333,22193.2282801952,NA,"VPCL_SR_AVG"
"NJ2020",5,1,"T0_T24","c_V2","VP",56500.7837222222,339004.702333333,NA,NA,"VPCL_AR"
"NJ2020",5,1,"T0_T24","c_V2","VP",96812.2912222221,290436.873666666,63968.8293505324,NA,"VPCL_AR_SE"
"NJ2020",5,1,"T0_T24","c_V2","VP",56500.7837222222,339004.702333333,NA,NA,"VPCL_AR_DIFF"
"NJ2020",5,1,"T0_T24","c_V2","VP",96812.2912222221,290436.873666666,63968.8293505324,NA,"VPCL_AR_DIFF_SE"
"NJ2020",5,1,"T0_T24","c_V2","VP",56500.783722222,339004.702333332,NA,NA,"VPCL_AR_DIFF_LMER"
"NJ2020",5,1,"T0_T24","c_V2","VP",96812.2912222221,290436.873666666,71431.6100705923,NA,"VPCL_AR_DIFF_LMER_SE"
"NJ2020",6,1,"T0_T24","c_V2","VP",-13539.1209444445,-324938.902666667,15894.9280356632,0.0433794008557061,"LM_ALLPOINTS"
"NJ2020",6,1,"T0_T24","c_V2","VP",-13539.1209444445,-324938.902666668,11360.7029254759,0.179917168044518,"LM_SR_AVG"
"NJ2020",6,1,"T0_T24","c_V2","VP",-13539.1209444445,-324938.902666667,19116.2286504076,0.111431374125557,"LM_AR"
"NJ2020",6,1,"T0_T24","c_V2","VP",-13539.1209444445,-324938.902666667,19116.2286504076,0.111431374125557,"LM_AR_DIFF"
"NJ2020",6,1,"T0_T24","c_V2","VP",-13539.1209444444,-324938.902666665,19116.2286504075,0.111431374125557,"LM_AR_DIFF_LMER"
"NJ2020",6,1,"T0_T24","c_V2","VP",62076.7640888889,966418.518333333,10856.6975886611,NA,"VPCL_SR_AVG"
"NJ2020",6,1,"T0_T24","c_V2","VP",42285.2874,634279.311,NA,NA,"VPCL_AR"
"NJ2020",6,1,"T0_T24","c_V2","VP",0,0,0,NA,"VPCL_AR_SE"
"NJ2020",6,1,"T0_T24","c_V2","VP",42285.2874,634279.311,NA,NA,"VPCL_AR_DIFF"
"NJ2020",6,1,"T0_T24","c_V2","VP",0,0,0,NA,"VPCL_AR_DIFF_SE"
"NJ2020",6,1,"T0_T24","c_V2","VP",42285.2873999999,634279.310999998,NA,NA,"VPCL_AR_DIFF_LMER"
"NJ2020",6,1,"T0_T24","c_V2","VP",0,0,0,NA,"VPCL_AR_DIFF_LMER_SE"
"NJ2020",7,1,"T0_T12","c_V2","VP",-6003.89102777778,-72046.6923333333,2676.40639789852,0.279069109099669,"LM_ALLPOINTS"
"NJ2020",7,1,"T0_T12","c_V2","VP",-6003.89102777777,-72046.6923333332,820.132001703228,0.457536553437184,"LM_SR_AVG"
"NJ2020",7,1,"T0_T12","c_V2","VP",-6003.89102777776,-72046.6923333332,3744.85996968744,0.461435443519981,"LM_AR"
"NJ2020",7,1,"T0_T12","c_V2","VP",-6003.89102777776,-72046.6923333332,3744.85996968744,0.461435443519981,"LM_AR_DIFF"
"NJ2020",7,1,"T0_T12","c_V2","VP",-6003.89102777776,-72046.6923333331,3744.85996968744,0.461435443519982,"LM_AR_DIFF_LMER"
"NJ2020",7,1,"T0_T12","c_V2","VP",12445.9263,74675.5578,6395.22596278708,NA,"VPCL_SR_AVG"
"NJ2020",7,1,"T0_T12","c_V2","VP",4577.011575,44034.5283666667,NA,NA,"VPCL_AR"
"NJ2020",7,1,"T0_T12","c_V2","VP",0,0,0,NA,"VPCL_AR_SE"
"NJ2020",7,1,"T0_T12","c_V2","VP",4577.011575,44034.5283666667,NA,NA,"VPCL_AR_DIFF"
"NJ2020",7,1,"T0_T12","c_V2","VP",0,0,0,NA,"VPCL_AR_DIFF_SE"
"NJ2020",7,1,"T0_T12","c_V2","VP",4577.01157499998,44034.5283666666,NA,NA,"VPCL_AR_DIFF_LMER"
"NJ2020",7,1,"T0_T12","c_V2","VP",0,0,0,NA,"VPCL_AR_DIFF_LMER_SE"
"NJ2020",1,1,"T0_T17","c_V3","VP",-1249.28200979798,-21237.7941665657,2967.02608862076,0.0174199216201081,"LM_ALLPOINTS"
"NJ2020",1,1,"T0_T17","c_V3","VP",-1249.28200979797,-21237.7941665656,2434.24493695128,0.139548319652518,"LM_SR_AVG"
"NJ2020",1,1,"T0_T17","c_V3","VP",-1249.28200979798,-21237.7941665656,4863.72380814582,0.0319343425675515,"LM_AR"
"NJ2020",1,1,"T0_T17","c_V3","VP",-1249.28200979798,-21237.7941665656,4863.72380814582,0.0319343425675515,"LM_AR_DIFF"
"NJ2020",1,1,"T0_T17","c_V3","VP",-1249.282009798,-21237.7941665659,4863.72380814582,0.0319343425675527,"LM_AR_DIFF_LMER"
"NJ2020",1,1,"T0_T17","c_V3","VP",12767.7899217172,120694.269,2778.74093788148,NA,"VPCL_SR_AVG"
"NJ2020",1,1,"T0_T17","c_V3","VP",11065.6360186869,117950.9165,NA,NA,"VPCL_AR"
"NJ2020",1,1,"T0_T17","c_V3","VP",6444.63754848485,70891.0130333334,4846.54210893948,NA,"VPCL_AR_SE"
"NJ2020",1,1,"T0_T17","c_V3","VP",11065.6360186869,117950.9165,NA,NA,"VPCL_AR_DIFF"
"NJ2020",1,1,"T0_T17","c_V3","VP",6444.63754848485,70891.0130333334,4846.54210893948,NA,"VPCL_AR_DIFF_SE"
"NJ2020",1,1,"T0_T17","c_V3","VP",11065.6360186868,117950.9165,NA,NA,"VPCL_AR_DIFF_LMER"
"NJ2020",1,1,"T0_T17","c_V3","VP",6444.63754848485,70891.0130333334,5862.17583783474,NA,"VPCL_AR_DIFF_LMER_SE"
"NJ2020",2,1,"T0_T6","c_V3","VP",-21801.7693666667,-130810.6162,3926.51971037858,0.814959723959703,"LM_ALLPOINTS"
"NJ2020",2,1,"T0_T6","c_V3","VP",-21801.7693666667,-130810.6162,5453.59963189047,0.979715420744482,"LM_SR_AVG"
"NJ2020",2,1,"T0_T6","c_V3","VP",-21801.7693666667,-130810.6162,358.419258808047,0.999729802185836,"LM_AR"
"NJ2020",2,1,"T0_T6","c_V3","VP",-21801.7693666667,-130810.6162,358.419258808047,0.999729802185836,"LM_AR_DIFF"
"NJ2020",2,1,"T0_T6","c_V3","VP",-21801.7693666668,-130810.616200001,358.419258808146,0.999729802185836,"LM_AR_DIFF_LMER"
"NJ2020",2,1,"T0_T6","c_V3","VP",0,0,0,NA,"VPCL_SR_AVG"
"NJ2020",2,1,"T0_T6","c_V3","VP",0,0,NA,NA,"VPCL_AR"
"NJ2020",2,1,"T0_T6","c_V3","VP",0,0,0,NA,"VPCL_AR_SE"
"NJ2020",2,1,"T0_T6","c_V3","VP",0,0,NA,NA,"VPCL_AR_DIFF"
"NJ2020",2,1,"T0_T6","c_V3","VP",0,0,0,NA,"VPCL_AR_DIFF_SE"
"NJ2020",2,1,"T0_T6","c_V3","VP",0,0,NA,NA,"VPCL_AR_DIFF_LMER"
"NJ2020",2,1,"T0_T6","c_V3","VP",0,0,0,NA,"VPCL_AR_DIFF_LMER_SE"
"NJ2020",3,1,"T0_T12","c_V3","VP",-12879.3162111111,-154551.794533333,6481.8085129567,0.232954454064415,"LM_ALLPOINTS"
"NJ2020",3,1,"T0_T12","c_V3","VP",-12879.3162111111,-154551.794533333,9249.55540479009,0.31610010565726,"LM_SR_AVG"
"NJ2020",3,1,"T0_T12","c_V3","VP",-12879.3162111111,-154551.794533333,5763.29868826488,0.624715741695674,"LM_AR"
"NJ2020",3,1,"T0_T12","c_V3","VP",-12879.3162111111,-154551.794533333,5763.29868826488,0.624715741695674,"LM_AR_DIFF"
"NJ2020",3,1,"T0_T12","c_V3","VP",-12879.3162111112,-154551.794533334,5763.29868826486,0.62471574169568,"LM_AR_DIFF_LMER"
"NJ2020",3,1,"T0_T12","c_V3","VP",31807.3100222222,190843.860133333,16500.7606908941,NA,"VPCL_SR_AVG"
"NJ2020",3,1,"T0_T12","c_V3","VP",15686.5448944444,94119.2693666666,NA,NA,"VPCL_AR"
"NJ2020",3,1,"T0_T12","c_V3","VP",22337.0458666666,67011.1375999999,18210.970328149,NA,"VPCL_AR_SE"
"NJ2020",3,1,"T0_T12","c_V3","VP",15686.5448944444,94119.2693666666,NA,NA,"VPCL_AR_DIFF"
"NJ2020",3,1,"T0_T12","c_V3","VP",22337.0458666666,67011.1375999999,18210.970328149,NA,"VPCL_AR_DIFF_SE"
"NJ2020",3,1,"T0_T12","c_V3","VP",15686.5448944441,94119.2693666645,NA,NA,"VPCL_AR_DIFF_LMER"
"NJ2020",3,1,"T0_T12","c_V3","VP",0,0,0,NA,"VPCL_AR_DIFF_LMER_SE"
"NJ2020",4,1,"T0_T3","c_V3","VP",-29324.7527333334,-87974.2582000002,7409.47465841094,0.796579307517786,"LM_ALLPOINTS"
"NJ2020",4,1,"T0_T3","c_V3","VP",-29324.7527333333,-87974.2582,4682.83228943408,1,"LM_SR_AVG"
"NJ2020",4,1,"T0_T3","c_V3","VP",-29324.7527333334,-87974.2582000001,NA,1,"LM_AR"
"NJ2020",4,1,"T0_T3","c_V3","VP",-29324.7527333334,-87974.2582000001,NA,1,"LM_AR_DIFF"
"NJ2020",4,1,"T0_T3","c_V3","VP",-29324.7527333335,-87974.2582000004,NA,1,"LM_AR_DIFF_LMER"
"NJ2020",4,1,"T0_T3","c_V3","VP",0,0,0,NA,"VPCL_SR_AVG"
"NJ2020",4,1,"T0_T3","c_V3","VP",0,0,NA,NA,"VPCL_AR"
"NJ2020",4,1,"T0_T3","c_V3","VP",0,0,0,NA,"VPCL_AR_SE"
"NJ2020",4,1,"T0_T3","c_V3","VP",0,0,NA,NA,"VPCL_AR_DIFF"
"NJ2020",4,1,"T0_T3","c_V3","VP",0,0,0,NA,"VPCL_AR_DIFF_SE"
"NJ2020",4,1,"T0_T3","c_V3","VP",0,0,NA,NA,"VPCL_AR_DIFF_LMER"
"NJ2020",4,1,"T0_T3","c_V3","VP",0,0,0,NA,"VPCL_AR_DIFF_LMER_SE"
"NJ2020",5,1,"T0_T24","c_V3","VP",-1261.98505333333,-30287.64128,988.334818500994,0.0924778032366637,"LM_ALLPOINTS"
"NJ2020",5,1,"T0_T24","c_V3","VP",-1261.98505333334,-30287.6412800001,795.394878654302,0.185176937886761,"LM_SR_AVG"
"NJ2020",5,1,"T0_T24","c_V3","VP",-1261.98505333333,-30287.64128,1194.75829916116,0.218093665131155,"LM_AR"
"NJ2020",5,1,"T0_T24","c_V3","VP",-1261.98505333333,-30287.64128,1194.75829916116,0.218093665131155,"LM_AR_DIFF"
"NJ2020",5,1,"T0_T24","c_V3","VP",-1261.98505333337,-30287.6412800008,1194.75829916117,0.218093665131163,"LM_AR_DIFF_LMER"
"NJ2020",5,1,"T0_T24","c_V3","VP",16599.8567791667,92278.9179666667,5258.57488619295,NA,"VPCL_SR_AVG"
"NJ2020",5,1,"T0_T24","c_V3","VP",6910.990275,72283.2556,NA,NA,"VPCL_AR"
"NJ2020",5,1,"T0_T24","c_V3","VP",14667.7315111111,44003.1945333334,8306.08500433779,NA,"VPCL_AR_SE"
"NJ2020",5,1,"T0_T24","c_V3","VP",6910.990275,72283.2556,NA,NA,"VPCL_AR_DIFF"
"NJ2020",5,1,"T0_T24","c_V3","VP",14667.7315111111,44003.1945333334,8306.08500433779,NA,"VPCL_AR_DIFF_SE"
"NJ2020",5,1,"T0_T24","c_V3","VP",6910.99027499987,72283.2555999989,NA,NA,"VPCL_AR_DIFF_LMER"
"NJ2020",5,1,"T0_T24","c_V3","VP",14667.7315111112,44003.1945333335,12403.7003020529,NA,"VPCL_AR_DIFF_LMER_SE"
"NJ2020",6,1,"T0_T24","c_V3","VP",-639.153085833334,-15339.67406,3604.22194054678,0.00196161597466483,"LM_ALLPOINTS"
"NJ2020",6,1,"T0_T24","c_V3","VP",-639.153085833337,-15339.6740600001,2577.48653195051,0.290667288093778,"LM_SR_AVG"
"NJ2020",6,1,"T0_T24","c_V3","VP",-639.153085833344,-15339.6740600003,3661.96374951442,0.00755834465505286,"LM_AR"
"NJ2020",6,1,"T0_T24","c_V3","VP",-639.153085833344,-15339.6740600003,3661.96374951442,0.00755834465505286,"LM_AR_DIFF"
"NJ2020",6,1,"T0_T24","c_V3","VP",-639.153085833364,-15339.6740600007,3661.96374951442,0.00755834465505313,"LM_AR_DIFF_LMER"
"NJ2020",6,1,"T0_T24","c_V3","VP",28073.3028316666,275096.649066667,7479.27925489824,NA,"VPCL_SR_AVG"
"NJ2020",6,1,"T0_T24","c_V3","VP",10182.6627377778,152739.941066667,NA,NA,"VPCL_AR"
"NJ2020",6,1,"T0_T24","c_V3","VP",0,0,0,NA,"VPCL_AR_SE"
"NJ2020",6,1,"T0_T24","c_V3","VP",10182.6627377778,152739.941066667,NA,NA,"VPCL_AR_DIFF"
"NJ2020",6,1,"T0_T24","c_V3","VP",0,0,0,NA,"VPCL_AR_DIFF_SE"
"NJ2020",6,1,"T0_T24","c_V3","VP",10182.6627377778,152739.941066667,NA,NA,"VPCL_AR_DIFF_LMER"
"NJ2020",6,1,"T0_T24","c_V3","VP",0,0,0,NA,"VPCL_AR_DIFF_LMER_SE"
"NJ2020",7,1,"T0_T12","c_V3","VP",-2247.64605555555,-26971.7526666667,1063.19438100047,0.255833434441016,"LM_ALLPOINTS"
"NJ2020",7,1,"T0_T12","c_V3","VP",-2247.64605555555,-26971.7526666666,1076.65944112623,0.488752349415996,"LM_SR_AVG"
"NJ2020",7,1,"T0_T12","c_V3","VP",-2247.64605555555,-26971.7526666667,1272.18951925225,0.509917638914576,"LM_AR"
"NJ2020",7,1,"T0_T12","c_V3","VP",-2247.64605555555,-26971.7526666667,1272.18951925225,0.509917638914576,"LM_AR_DIFF"
"NJ2020",7,1,"T0_T12","c_V3","VP",-2247.64605555564,-26971.7526666676,1272.18951925223,0.509917638914604,"LM_AR_DIFF_LMER"
"NJ2020",7,1,"T0_T12","c_V3","VP",4353.68968888889,26122.1381333333,2810.64064959333,NA,"VPCL_SR_AVG"
"NJ2020",7,1,"T0_T12","c_V3","VP",1918.55701666667,11511.3421,NA,NA,"VPCL_AR"
"NJ2020",7,1,"T0_T12","c_V3","VP",0,0,0,NA,"VPCL_AR_SE"
"NJ2020",7,1,"T0_T12","c_V3","VP",1918.55701666667,11511.3421,NA,NA,"VPCL_AR_DIFF"
"NJ2020",7,1,"T0_T12","c_V3","VP",0,0,0,NA,"VPCL_AR_DIFF_SE"
"NJ2020",7,1,"T0_T12","c_V3","VP",1918.55701666647,11511.3420999988,NA,NA,"VPCL_AR_DIFF_LMER"
"NJ2020",7,1,"T0_T12","c_V3","VP",0,0,0,NA,"VPCL_AR_DIFF_LMER_SE"
"NJ2020",1,1,"T0_T17","c_Viruses","VPC",41988.499040404,713804.483686868,22063.9235440561,0.26586948261987,"LM_ALLPOINTS"
"NJ2020",1,1,"T0_T17","c_Viruses","VPC",41988.499040404,713804.483686867,14399.5800038237,0.494328047765074,"LM_SR_AVG"
"NJ2020",1,1,"T0_T17","c_Viruses","VPC",41988.4990404041,713804.483686869,12693.6878985125,0.845460877067634,"LM_AR"
"NJ2020",1,1,"T0_T17","c_Viruses","VPC",41988.4990404041,713804.483686869,12693.6878985125,0.845460877067634,"LM_AR_DIFF"
"NJ2020",1,1,"T0_T17","c_Viruses","VPC",41988.4990404038,713804.483686864,12693.6878985125,0.84546087706763,"LM_AR_DIFF_LMER"
"NJ2020",1,1,"T0_T17","c_Viruses","VPC",232928.862237373,1054413.646,157988.542006285,NA,"VPCL_SR_AVG"
"NJ2020",1,1,"T0_T17","c_Viruses","VPC",53189.1562380952,744648.187333333,NA,NA,"VPCL_AR"
"NJ2020",1,1,"T0_T17","c_Viruses","VPC",0,0,0,NA,"VPCL_AR_SE"
"NJ2020",1,1,"T0_T17","c_Viruses","VPC",53189.1562380952,744648.187333333,NA,NA,"VPCL_AR_DIFF"
"NJ2020",1,1,"T0_T17","c_Viruses","VPC",0,0,0,NA,"VPCL_AR_DIFF_SE"
"NJ2020",1,1,"T0_T17","c_Viruses","VPC",53189.1562380952,744648.187333332,NA,NA,"VPCL_AR_DIFF_LMER"
"NJ2020",1,1,"T0_T17","c_Viruses","VPC",0,0,0,NA,"VPCL_AR_DIFF_LMER_SE"
"NJ2020",2,1,"T0_T6","c_Viruses","VPC",1016702.20277778,6100213.21666668,789989.384442631,0.191342554482039,"LM_ALLPOINTS"
"NJ2020",2,1,"T0_T6","c_Viruses","VPC",1016702.20277778,6100213.21666666,834944.225400573,0.637991085850881,"LM_SR_AVG"
"NJ2020",2,1,"T0_T6","c_Viruses","VPC",1016702.20277777,6100213.21666665,758844.244272464,0.642227657588831,"LM_AR"
"NJ2020",2,1,"T0_T6","c_Viruses","VPC",1016702.20277777,6100213.21666665,758844.244272464,0.642227657588831,"LM_AR_DIFF"
"NJ2020",2,1,"T0_T6","c_Viruses","VPC",1016702.20277778,6100213.21666666,758844.244272461,0.642227657588833,"LM_AR_DIFF_LMER"
"NJ2020",2,1,"T0_T6","c_Viruses","VPC",2336318.40777778,7008955.22333333,1893360.11793817,NA,"VPCL_SR_AVG"
"NJ2020",2,1,"T0_T6","c_Viruses","VPC",2331058.98888889,6993176.96666667,NA,NA,"VPCL_AR"
"NJ2020",2,1,"T0_T6","c_Viruses","VPC",2331058.98888889,6993176.96666667,1963787.78158779,NA,"VPCL_AR_SE"
"NJ2020",2,1,"T0_T6","c_Viruses","VPC",2331058.98888889,6993176.96666667,NA,NA,"VPCL_AR_DIFF"
"NJ2020",2,1,"T0_T6","c_Viruses","VPC",2331058.98888889,6993176.96666667,1963787.78158779,NA,"VPCL_AR_DIFF_SE"
"NJ2020",2,1,"T0_T6","c_Viruses","VPC",2331058.98888889,6993176.96666666,NA,NA,"VPCL_AR_DIFF_LMER"
"NJ2020",2,1,"T0_T6","c_Viruses","VPC",2331058.98888889,6993176.96666666,1597192.27883541,NA,"VPCL_AR_DIFF_LMER_SE"
"NJ2020",3,1,"T0_T12","c_Viruses","VPC",-422044.065377778,-5064528.78453333,109348.293456021,0.533995922448398,"LM_ALLPOINTS"
"NJ2020",3,1,"T0_T12","c_Viruses","VPC",-422044.065377778,-5064528.78453333,72885.6677811202,0.603932155125918,"LM_SR_AVG"
"NJ2020",3,1,"T0_T12","c_Viruses","VPC",-422044.065377778,-5064528.78453333,171356.878156136,0.669098468164785,"LM_AR"
"NJ2020",3,1,"T0_T12","c_Viruses","VPC",-422044.065377778,-5064528.78453333,171356.878156136,0.669098468164785,"LM_AR_DIFF"
"NJ2020",3,1,"T0_T12","c_Viruses","VPC",-422044.065377778,-5064528.78453333,171356.878156136,0.669098468164786,"LM_AR_DIFF_LMER"
"NJ2020",3,1,"T0_T12","c_Viruses","VPC",338535.891666666,1315991.47,77573.0261050599,NA,"VPCL_SR_AVG"
"NJ2020",3,1,"T0_T12","c_Viruses","VPC",167789.623333333,1006737.74,NA,NA,"VPCL_AR"
"NJ2020",3,1,"T0_T12","c_Viruses","VPC",0,0,0,NA,"VPCL_AR_SE"
"NJ2020",3,1,"T0_T12","c_Viruses","VPC",167789.623333333,1006737.74,NA,NA,"VPCL_AR_DIFF"
"NJ2020",3,1,"T0_T12","c_Viruses","VPC",0,0,0,NA,"VPCL_AR_DIFF_SE"
"NJ2020",3,1,"T0_T12","c_Viruses","VPC",167789.623333332,1006737.73999999,NA,NA,"VPCL_AR_DIFF_LMER"
"NJ2020",3,1,"T0_T12","c_Viruses","VPC",0,0,0,NA,"VPCL_AR_DIFF_LMER_SE"
"NJ2020",4,1,"T0_T3","c_Viruses","VPC",-201705.756666669,-605117.270000006,289968.852640206,0.107914626833833,"LM_ALLPOINTS"
"NJ2020",4,1,"T0_T3","c_Viruses","VPC",-201705.756666664,-605117.269999993,174647.213094852,1,"LM_SR_AVG"
"NJ2020",4,1,"T0_T3","c_Viruses","VPC",-201705.756666665,-605117.269999995,NA,1,"LM_AR"
"NJ2020",4,1,"T0_T3","c_Viruses","VPC",-201705.756666665,-605117.269999995,NA,1,"LM_AR_DIFF"
"NJ2020",4,1,"T0_T3","c_Viruses","VPC",-201705.756666665,-605117.269999995,NA,1,"LM_AR_DIFF_LMER"
"NJ2020",4,1,"T0_T3","c_Viruses","VPC",35394.4555555557,106183.366666667,35394.4555555557,NA,"VPCL_SR_AVG"
"NJ2020",4,1,"T0_T3","c_Viruses","VPC",0,0,NA,NA,"VPCL_AR"
"NJ2020",4,1,"T0_T3","c_Viruses","VPC",0,0,0,NA,"VPCL_AR_SE"
"NJ2020",4,1,"T0_T3","c_Viruses","VPC",0,0,NA,NA,"VPCL_AR_DIFF"
"NJ2020",4,1,"T0_T3","c_Viruses","VPC",0,0,0,NA,"VPCL_AR_DIFF_SE"
"NJ2020",4,1,"T0_T3","c_Viruses","VPC",0,0,NA,NA,"VPCL_AR_DIFF_LMER"
"NJ2020",4,1,"T0_T3","c_Viruses","VPC",0,0,0,NA,"VPCL_AR_DIFF_LMER_SE"
"NJ2020",5,1,"T0_T24","c_Viruses","VPC",-243626.510222222,-5847036.24533333,46633.6211703642,0.630424991219231,"LM_ALLPOINTS"
"NJ2020",5,1,"T0_T24","c_Viruses","VPC",-243626.510222223,-5847036.24533334,22114.7370907716,0.704682832581158,"LM_SR_AVG"
"NJ2020",5,1,"T0_T24","c_Viruses","VPC",-243626.510222223,-5847036.24533335,66967.9754107464,0.767910354444901,"LM_AR"
"NJ2020",5,1,"T0_T24","c_Viruses","VPC",-243626.510222223,-5847036.24533335,66967.9754107464,0.767910354444901,"LM_AR_DIFF"
"NJ2020",5,1,"T0_T24","c_Viruses","VPC",-243626.510222223,-5847036.24533334,66967.9754107464,0.767910354444901,"LM_AR_DIFF_LMER"
"NJ2020",5,1,"T0_T24","c_Viruses","VPC",366382.375,1991897.66,129424.619030023,NA,"VPCL_SR_AVG"
"NJ2020",5,1,"T0_T24","c_Viruses","VPC",199076.048888889,1194456.29333334,NA,NA,"VPCL_AR"
"NJ2020",5,1,"T0_T24","c_Viruses","VPC",216773.277777779,650319.833333336,168882.002012501,NA,"VPCL_AR_SE"
"NJ2020",5,1,"T0_T24","c_Viruses","VPC",199076.048888889,1194456.29333334,NA,NA,"VPCL_AR_DIFF"
"NJ2020",5,1,"T0_T24","c_Viruses","VPC",216773.277777779,650319.833333336,168882.002012501,NA,"VPCL_AR_DIFF_SE"
"NJ2020",5,1,"T0_T24","c_Viruses","VPC",199076.048888887,1194456.29333332,NA,NA,"VPCL_AR_DIFF_LMER"
"NJ2020",5,1,"T0_T24","c_Viruses","VPC",0,0,0,NA,"VPCL_AR_DIFF_LMER_SE"
"NJ2020",6,1,"T0_T24","c_Viruses","VPC",-318210.731972222,-7637057.56733334,109569.425005774,0.345183751657599,"LM_ALLPOINTS"
"NJ2020",6,1,"T0_T24","c_Viruses","VPC",-318210.731972222,-7637057.56733334,32381.3869613877,0.569033133463602,"LM_SR_AVG"
"NJ2020",6,1,"T0_T24","c_Viruses","VPC",-318210.731972222,-7637057.56733333,123696.847470019,0.623273445747433,"LM_AR"
"NJ2020",6,1,"T0_T24","c_Viruses","VPC",-318210.731972222,-7637057.56733333,123696.847470019,0.623273445747433,"LM_AR_DIFF"
"NJ2020",6,1,"T0_T24","c_Viruses","VPC",-318210.731972222,-7637057.56733333,123696.847470019,0.623273445747433,"LM_AR_DIFF_LMER"
"NJ2020",6,1,"T0_T24","c_Viruses","VPC",1823027.71777778,5605970.14666667,1237604.40970875,NA,"VPCL_SR_AVG"
"NJ2020",6,1,"T0_T24","c_Viruses","VPC",993176.973333334,2979530.92,NA,NA,"VPCL_AR"
"NJ2020",6,1,"T0_T24","c_Viruses","VPC",0,0,0,NA,"VPCL_AR_SE"
"NJ2020",6,1,"T0_T24","c_Viruses","VPC",993176.973333334,2979530.92,NA,NA,"VPCL_AR_DIFF"
"NJ2020",6,1,"T0_T24","c_Viruses","VPC",0,0,0,NA,"VPCL_AR_DIFF_SE"
"NJ2020",6,1,"T0_T24","c_Viruses","VPC",993176.973333333,2979530.92,NA,NA,"VPCL_AR_DIFF_LMER"
"NJ2020",6,1,"T0_T24","c_Viruses","VPC",0,0,0,NA,"VPCL_AR_DIFF_LMER_SE"
"NJ2020",7,1,"T0_T12","c_Viruses","VPC",3732.76475555548,44793.1770666657,23339.96895394,0.00196364827962843,"LM_ALLPOINTS"
"NJ2020",7,1,"T0_T12","c_Viruses","VPC",3732.76475555545,44793.1770666656,7695.35454959555,0.28637384113524,"LM_SR_AVG"
"NJ2020",7,1,"T0_T12","c_Viruses","VPC",3732.76475555563,44793.1770666676,30485.9960599843,0.00497249431098023,"LM_AR"
"NJ2020",7,1,"T0_T12","c_Viruses","VPC",3732.76475555563,44793.1770666676,30485.9960599843,0.00497249431098023,"LM_AR_DIFF"
"NJ2020",7,1,"T0_T12","c_Viruses","VPC",3732.76475555501,44793.1770666601,30485.9960599842,0.00497249431097922,"LM_AR_DIFF_LMER"
"NJ2020",7,1,"T0_T12","c_Viruses","VPC",143105.899055555,709339.019,57384.9827223767,NA,"VPCL_SR_AVG"
"NJ2020",7,1,"T0_T12","c_Viruses","VPC",192039.800888889,576119.402666667,NA,NA,"VPCL_AR"
"NJ2020",7,1,"T0_T12","c_Viruses","VPC",192039.800888889,576119.402666667,144323.69798905,NA,"VPCL_AR_SE"
"NJ2020",7,1,"T0_T12","c_Viruses","VPC",192039.800888889,576119.402666667,NA,NA,"VPCL_AR_DIFF"
"NJ2020",7,1,"T0_T12","c_Viruses","VPC",192039.800888889,576119.402666667,144323.69798905,NA,"VPCL_AR_DIFF_SE"
"NJ2020",7,1,"T0_T12","c_Viruses","VPC",192039.800888889,576119.402666666,NA,NA,"VPCL_AR_DIFF_LMER"
"NJ2020",7,1,"T0_T12","c_Viruses","VPC",0,0,0,NA,"VPCL_AR_DIFF_LMER_SE"
"NJ2020",1,1,"T0_T17","c_V1","VPC",40099.2508979798,681687.265265656,17816.0304901105,0.336246333631733,"LM_ALLPOINTS"
"NJ2020",1,1,"T0_T17","c_V1","VPC",40099.2508979799,681687.265265657,14815.2260475393,0.515614228911379,"LM_SR_AVG"
"NJ2020",1,1,"T0_T17","c_V1","VPC",40099.2508979799,681687.265265658,9608.00686750728,0.897004402633896,"LM_AR"
"NJ2020",1,1,"T0_T17","c_V1","VPC",40099.2508979799,681687.265265658,9608.00686750728,0.897004402633896,"LM_AR_DIFF"
"NJ2020",1,1,"T0_T17","c_V1","VPC",40099.2508979798,681687.265265657,9608.00686750729,0.897004402633896,"LM_AR_DIFF_LMER"
"NJ2020",1,1,"T0_T17","c_V1","VPC",83533.2799170274,917217.187333333,11783.8958070676,NA,"VPCL_SR_AVG"
"NJ2020",1,1,"T0_T17","c_V1","VPC",47231.8911904762,661246.476666667,NA,NA,"VPCL_AR"
"NJ2020",1,1,"T0_T17","c_V1","VPC",0,0,0,NA,"VPCL_AR_SE"
"NJ2020",1,1,"T0_T17","c_V1","VPC",47231.8911904762,661246.476666667,NA,NA,"VPCL_AR_DIFF"
"NJ2020",1,1,"T0_T17","c_V1","VPC",0,0,0,NA,"VPCL_AR_DIFF_SE"
"NJ2020",1,1,"T0_T17","c_V1","VPC",47231.8911904762,661246.476666667,NA,NA,"VPCL_AR_DIFF_LMER"
"NJ2020",1,1,"T0_T17","c_V1","VPC",0,0,0,NA,"VPCL_AR_DIFF_LMER_SE"
"NJ2020",2,1,"T0_T6","c_V1","VPC",1077464.19277778,6464785.15666667,793172.313421399,0.208620642188739,"LM_ALLPOINTS"
"NJ2020",2,1,"T0_T6","c_V1","VPC",1077464.19277778,6464785.15666666,862555.903361319,0.688317498292168,"LM_SR_AVG"
"NJ2020",2,1,"T0_T6","c_V1","VPC",1077464.19277778,6464785.15666666,781740.498459845,0.655134369651439,"LM_AR"
"NJ2020",2,1,"T0_T6","c_V1","VPC",1077464.19277778,6464785.15666666,781740.498459845,0.655134369651439,"LM_AR_DIFF"
"NJ2020",2,1,"T0_T6","c_V1","VPC",1077464.19277777,6464785.15666664,781740.498459846,0.655134369651438,"LM_AR_DIFF_LMER"
"NJ2020",2,1,"T0_T6","c_V1","VPC",2422814.29944444,7302599.23333333,1908316.93357579,NA,"VPCL_SR_AVG"
"NJ2020",2,1,"T0_T6","c_V1","VPC",2431478.45444445,7294435.36333334,NA,NA,"VPCL_AR"
"NJ2020",2,1,"T0_T6","c_V1","VPC",2431478.45444445,7294435.36333334,1968108.4762292,NA,"VPCL_AR_SE"
"NJ2020",2,1,"T0_T6","c_V1","VPC",2431478.45444445,7294435.36333334,NA,NA,"VPCL_AR_DIFF"
"NJ2020",2,1,"T0_T6","c_V1","VPC",2431478.45444445,7294435.36333334,1968108.4762292,NA,"VPCL_AR_DIFF_SE"
"NJ2020",2,1,"T0_T6","c_V1","VPC",2431478.45444445,7294435.36333334,NA,NA,"VPCL_AR_DIFF_LMER"
"NJ2020",2,1,"T0_T6","c_V1","VPC",2431478.45444445,7294435.36333334,1595933.10098635,NA,"VPCL_AR_DIFF_LMER_SE"
"NJ2020",3,1,"T0_T12","c_V1","VPC",-377299.357011111,-4527592.28413333,104603.270319773,0.500194713942092,"LM_ALLPOINTS"
"NJ2020",3,1,"T0_T12","c_V1","VPC",-377299.357011111,-4527592.28413333,64052.9046170166,0.580091103933831,"LM_SR_AVG"
"NJ2020",3,1,"T0_T12","c_V1","VPC",-377299.357011111,-4527592.28413333,164110.057336042,0.637929998292334,"LM_AR"
"NJ2020",3,1,"T0_T12","c_V1","VPC",-377299.357011111,-4527592.28413333,164110.057336042,0.637929998292334,"LM_AR_DIFF"
"NJ2020",3,1,"T0_T12","c_V1","VPC",-377299.357011111,-4527592.28413334,164110.057336042,0.637929998292335,"LM_AR_DIFF_LMER"
"NJ2020",3,1,"T0_T12","c_V1","VPC",339166.017777778,1327169.90666667,46327.4009028651,NA,"VPCL_SR_AVG"
"NJ2020",3,1,"T0_T12","c_V1","VPC",187992.422777778,1127954.53666667,NA,NA,"VPCL_AR"
"NJ2020",3,1,"T0_T12","c_V1","VPC",0,0,0,NA,"VPCL_AR_SE"
"NJ2020",3,1,"T0_T12","c_V1","VPC",187992.422777778,1127954.53666667,NA,NA,"VPCL_AR_DIFF"
"NJ2020",3,1,"T0_T12","c_V1","VPC",0,0,0,NA,"VPCL_AR_DIFF_SE"
"NJ2020",3,1,"T0_T12","c_V1","VPC",187992.422777777,1127954.53666666,NA,NA,"VPCL_AR_DIFF_LMER"
"NJ2020",3,1,"T0_T12","c_V1","VPC",0,0,0,NA,"VPCL_AR_DIFF_LMER_SE"
"NJ2020",4,1,"T0_T3","c_V1","VPC",-180073.164444445,-540219.493333334,314627.397436546,0.0756938779491837,"LM_ALLPOINTS"
"NJ2020",4,1,"T0_T3","c_V1","VPC",-180073.164444443,-540219.493333328,187508.92393842,1,"LM_SR_AVG"
"NJ2020",4,1,"T0_T3","c_V1","VPC",-180073.164444441,-540219.493333324,NA,1,"LM_AR"
"NJ2020",4,1,"T0_T3","c_V1","VPC",-180073.164444441,-540219.493333324,NA,1,"LM_AR_DIFF"
"NJ2020",4,1,"T0_T3","c_V1","VPC",-180073.164444441,-540219.493333324,NA,1,"LM_AR_DIFF_LMER"
"NJ2020",4,1,"T0_T3","c_V1","VPC",59386.461111111,178159.383333333,59386.461111111,NA,"VPCL_SR_AVG"
"NJ2020",4,1,"T0_T3","c_V1","VPC",0,0,NA,NA,"VPCL_AR"
"NJ2020",4,1,"T0_T3","c_V1","VPC",0,0,0,NA,"VPCL_AR_SE"
"NJ2020",4,1,"T0_T3","c_V1","VPC",0,0,NA,NA,"VPCL_AR_DIFF"
"NJ2020",4,1,"T0_T3","c_V1","VPC",0,0,0,NA,"VPCL_AR_DIFF_SE"
"NJ2020",4,1,"T0_T3","c_V1","VPC",0,0,NA,NA,"VPCL_AR_DIFF_LMER"
"NJ2020",4,1,"T0_T3","c_V1","VPC",0,0,0,NA,"VPCL_AR_DIFF_LMER_SE"
"NJ2020",5,1,"T0_T24","c_V1","VPC",-206911.776611111,-4965882.63866667,42557.5909242463,0.596350054667019,"LM_ALLPOINTS"
"NJ2020",5,1,"T0_T24","c_V1","VPC",-206911.776611111,-4965882.63866667,24765.520985988,0.683951425977793,"LM_SR_AVG"
"NJ2020",5,1,"T0_T24","c_V1","VPC",-206911.776611111,-4965882.63866667,58214.5370226402,0.759514650868465,"LM_AR"
"NJ2020",5,1,"T0_T24","c_V1","VPC",-206911.776611111,-4965882.63866667,58214.5370226402,0.759514650868465,"LM_AR_DIFF"
"NJ2020",5,1,"T0_T24","c_V1","VPC",-206911.776611112,-4965882.63866668,58214.5370226402,0.759514650868466,"LM_AR_DIFF_LMER"
"NJ2020",5,1,"T0_T24","c_V1","VPC",527505.137222221,1903423.56666667,255500.968387684,NA,"VPCL_SR_AVG"
"NJ2020",5,1,"T0_T24","c_V1","VPC",191782.675,1150696.05,NA,NA,"VPCL_AR"
"NJ2020",5,1,"T0_T24","c_V1","VPC",0,0,0,NA,"VPCL_AR_SE"
"NJ2020",5,1,"T0_T24","c_V1","VPC",191782.675,1150696.05,NA,NA,"VPCL_AR_DIFF"
"NJ2020",5,1,"T0_T24","c_V1","VPC",0,0,0,NA,"VPCL_AR_DIFF_SE"
"NJ2020",5,1,"T0_T24","c_V1","VPC",191782.674999999,1150696.04999999,NA,NA,"VPCL_AR_DIFF_LMER"
"NJ2020",5,1,"T0_T24","c_V1","VPC",0,0,0,NA,"VPCL_AR_DIFF_LMER_SE"
"NJ2020",6,1,"T0_T24","c_V1","VPC",-296344.482055556,-7112267.56933334,94527.3064713254,0.380524854136178,"LM_ALLPOINTS"
"NJ2020",6,1,"T0_T24","c_V1","VPC",-296344.482055556,-7112267.56933334,39466.8457418375,0.592644291736079,"LM_SR_AVG"
"NJ2020",6,1,"T0_T24","c_V1","VPC",-296344.482055556,-7112267.56933334,108539.582842867,0.650791676282066,"LM_AR"
"NJ2020",6,1,"T0_T24","c_V1","VPC",-296344.482055556,-7112267.56933334,108539.582842867,0.650791676282066,"LM_AR_DIFF"
"NJ2020",6,1,"T0_T24","c_V1","VPC",-296344.482055556,-7112267.56933334,108539.582842867,0.650791676282066,"LM_AR_DIFF_LMER"
"NJ2020",6,1,"T0_T24","c_V1","VPC",1578260.83677778,4906036.057,1084034.87162502,NA,"VPCL_SR_AVG"
"NJ2020",6,1,"T0_T24","c_V1","VPC",938881.709,2816645.127,NA,NA,"VPCL_AR"
"NJ2020",6,1,"T0_T24","c_V1","VPC",0,0,0,NA,"VPCL_AR_SE"
"NJ2020",6,1,"T0_T24","c_V1","VPC",938881.709,2816645.127,NA,NA,"VPCL_AR_DIFF"
"NJ2020",6,1,"T0_T24","c_V1","VPC",0,0,0,NA,"VPCL_AR_DIFF_SE"
"NJ2020",6,1,"T0_T24","c_V1","VPC",938881.708999999,2816645.127,NA,NA,"VPCL_AR_DIFF_LMER"
"NJ2020",6,1,"T0_T24","c_V1","VPC",0,0,0,NA,"VPCL_AR_DIFF_LMER_SE"
"NJ2020",7,1,"T0_T12","c_V1","VPC",4945.29176666676,59343.5012000012,23364.9751690161,0.00343412304391757,"LM_ALLPOINTS"
"NJ2020",7,1,"T0_T12","c_V1","VPC",4945.29176666676,59343.501200001,7708.22616760371,0.282195833417074,"LM_SR_AVG"
"NJ2020",7,1,"T0_T12","c_V1","VPC",4945.29176666661,59343.5011999994,29248.2734442303,0.0094393736379567,"LM_AR"
"NJ2020",7,1,"T0_T12","c_V1","VPC",4945.29176666661,59343.5011999994,29248.2734442303,0.0094393736379567,"LM_AR_DIFF"
"NJ2020",7,1,"T0_T12","c_V1","VPC",4945.29176666659,59343.5011999991,29248.2734442302,0.00943937363795687,"LM_AR_DIFF_LMER"
"NJ2020",7,1,"T0_T12","c_V1","VPC",115167.059055555,712319.543666667,55057.4008774889,NA,"VPCL_SR_AVG"
"NJ2020",7,1,"T0_T12","c_V1","VPC",184222.084888889,552666.254666667,NA,NA,"VPCL_AR"
"NJ2020",7,1,"T0_T12","c_V1","VPC",184222.084888889,552666.254666667,145356.091905238,NA,"VPCL_AR_SE"
"NJ2020",7,1,"T0_T12","c_V1","VPC",184222.084888889,552666.254666667,NA,NA,"VPCL_AR_DIFF"
"NJ2020",7,1,"T0_T12","c_V1","VPC",184222.084888889,552666.254666667,145356.091905238,NA,"VPCL_AR_DIFF_SE"
"NJ2020",7,1,"T0_T12","c_V1","VPC",184222.084888889,552666.254666666,NA,NA,"VPCL_AR_DIFF_LMER"
"NJ2020",7,1,"T0_T12","c_V1","VPC",0,0,0,NA,"VPCL_AR_DIFF_LMER_SE"
"NJ2020",1,1,"T0_T17","c_V2","VPC",-824.164414141442,-14010.7950404045,3962.37803281796,0.00430765655501529,"LM_ALLPOINTS"
"NJ2020",1,1,"T0_T17","c_V2","VPC",-824.164414141418,-14010.7950404041,396.700739371644,0.0210633368888226,"LM_SR_AVG"
"NJ2020",1,1,"T0_T17","c_V2","VPC",-824.164414141425,-14010.7950404042,2225.6514188387,0.064162858880963,"LM_AR"
"NJ2020",1,1,"T0_T17","c_V2","VPC",-824.164414141425,-14010.7950404042,2225.6514188387,0.064162858880963,"LM_AR_DIFF"
"NJ2020",1,1,"T0_T17","c_V2","VPC",-824.164414141388,-14010.7950404036,2225.65141883866,0.0641628588809605,"LM_AR_DIFF_LMER"
"NJ2020",1,1,"T0_T17","c_V2","VPC",13686.690489899,106669.582333333,6557.61623244877,NA,"VPCL_SR_AVG"
"NJ2020",1,1,"T0_T17","c_V2","VPC",1749.96416666666,24499.4983333333,NA,NA,"VPCL_AR"
"NJ2020",1,1,"T0_T17","c_V2","VPC",0,0,0,NA,"VPCL_AR_SE"
"NJ2020",1,1,"T0_T17","c_V2","VPC",1749.96416666666,24499.4983333333,NA,NA,"VPCL_AR_DIFF"
"NJ2020",1,1,"T0_T17","c_V2","VPC",0,0,0,NA,"VPCL_AR_DIFF_SE"
"NJ2020",1,1,"T0_T17","c_V2","VPC",1749.96416666666,24499.4983333333,NA,NA,"VPCL_AR_DIFF_LMER"
"NJ2020",1,1,"T0_T17","c_V2","VPC",0,0,0,NA,"VPCL_AR_DIFF_LMER_SE"
"NJ2020",2,1,"T0_T6","c_V2","VPC",-61382.4739999999,-368294.843999999,21011.7605891204,0.549381976746369,"LM_ALLPOINTS"
"NJ2020",2,1,"T0_T6","c_V2","VPC",-61382.4740000003,-368294.844000001,18899.1459339497,0.785684093028509,"LM_SR_AVG"
"NJ2020",2,1,"T0_T6","c_V2","VPC",-61382.4740000004,-368294.844000002,21202.299452424,0.893407478789776,"LM_AR"
"NJ2020",2,1,"T0_T6","c_V2","VPC",-61382.4740000004,-368294.844000002,21202.299452424,0.893407478789776,"LM_AR_DIFF"
"NJ2020",2,1,"T0_T6","c_V2","VPC",-61382.4740000001,-368294.844000001,21202.2994524242,0.893407478789774,"LM_AR_DIFF_LMER"
"NJ2020",2,1,"T0_T6","c_V2","VPC",15024.6239999999,45073.8719999997,15024.6239999999,NA,"VPCL_SR_AVG"
"NJ2020",2,1,"T0_T6","c_V2","VPC",0,0,NA,NA,"VPCL_AR"
"NJ2020",2,1,"T0_T6","c_V2","VPC",0,0,0,NA,"VPCL_AR_SE"
"NJ2020",2,1,"T0_T6","c_V2","VPC",0,0,NA,NA,"VPCL_AR_DIFF"
"NJ2020",2,1,"T0_T6","c_V2","VPC",0,0,0,NA,"VPCL_AR_DIFF_SE"
"NJ2020",2,1,"T0_T6","c_V2","VPC",0,0,NA,NA,"VPCL_AR_DIFF_LMER"
"NJ2020",2,1,"T0_T6","c_V2","VPC",0,0,0,NA,"VPCL_AR_DIFF_LMER_SE"
"NJ2020",3,1,"T0_T12","c_V2","VPC",-30710.0677366667,-368520.81284,5551.24150726274,0.701863713848859,"LM_ALLPOINTS"
"NJ2020",3,1,"T0_T12","c_V2","VPC",-30710.0677366667,-368520.81284,4117.3830658914,0.728759788462657,"LM_SR_AVG"
"NJ2020",3,1,"T0_T12","c_V2","VPC",-30710.0677366667,-368520.81284,6648.27879896648,0.876733328444871,"LM_AR"
"NJ2020",3,1,"T0_T12","c_V2","VPC",-30710.0677366667,-368520.81284,6648.27879896648,0.876733328444871,"LM_AR_DIFF"
"NJ2020",3,1,"T0_T12","c_V2","VPC",-30710.0677366667,-368520.81284,6648.2787989665,0.876733328444871,"LM_AR_DIFF_LMER"
"NJ2020",3,1,"T0_T12","c_V2","VPC",9335.02911666666,42264.8033666666,2635.4052509747,NA,"VPCL_SR_AVG"
"NJ2020",3,1,"T0_T12","c_V2","VPC",0,0,NA,NA,"VPCL_AR"
"NJ2020",3,1,"T0_T12","c_V2","VPC",0,0,0,NA,"VPCL_AR_SE"
"NJ2020",3,1,"T0_T12","c_V2","VPC",0,0,NA,NA,"VPCL_AR_DIFF"
"NJ2020",3,1,"T0_T12","c_V2","VPC",0,0,0,NA,"VPCL_AR_DIFF_SE"
"NJ2020",3,1,"T0_T12","c_V2","VPC",0,0,NA,NA,"VPCL_AR_DIFF_LMER"
"NJ2020",3,1,"T0_T12","c_V2","VPC",0,0,0,NA,"VPCL_AR_DIFF_LMER_SE"
"NJ2020",4,1,"T0_T3","c_V2","VPC",-10586.3386666668,-31759.0160000003,34655.637246358,0.022796532685667,"LM_ALLPOINTS"
"NJ2020",4,1,"T0_T3","c_V2","VPC",-10586.3386666664,-31759.0159999993,22333.5702518437,1,"LM_SR_AVG"
"NJ2020",4,1,"T0_T3","c_V2","VPC",-10586.3386666667,-31759.0160000002,NA,1,"LM_AR"
"NJ2020",4,1,"T0_T3","c_V2","VPC",-10586.3386666667,-31759.0160000002,NA,1,"LM_AR_DIFF"
"NJ2020",4,1,"T0_T3","c_V2","VPC",-10586.3386666665,-31759.0159999995,NA,1,"LM_AR_DIFF_LMER"
"NJ2020",4,1,"T0_T3","c_V2","VPC",11353.1184444445,34059.3553333333,11353.1184444445,NA,"VPCL_SR_AVG"
"NJ2020",4,1,"T0_T3","c_V2","VPC",0,0,NA,NA,"VPCL_AR"
"NJ2020",4,1,"T0_T3","c_V2","VPC",0,0,0,NA,"VPCL_AR_SE"
"NJ2020",4,1,"T0_T3","c_V2","VPC",0,0,NA,NA,"VPCL_AR_DIFF"
"NJ2020",4,1,"T0_T3","c_V2","VPC",0,0,0,NA,"VPCL_AR_DIFF_SE"
"NJ2020",4,1,"T0_T3","c_V2","VPC",0,0,NA,NA,"VPCL_AR_DIFF_LMER"
"NJ2020",4,1,"T0_T3","c_V2","VPC",0,0,0,NA,"VPCL_AR_DIFF_LMER_SE"
"NJ2020",5,1,"T0_T24","c_V2","VPC",-33827.8503277778,-811868.407866667,6655.04130431058,0.617566231424425,"LM_ALLPOINTS"
"NJ2020",5,1,"T0_T24","c_V2","VPC",-33827.8503277778,-811868.407866668,4877.70437771839,0.719181624897261,"LM_SR_AVG"
"NJ2020",5,1,"T0_T24","c_V2","VPC",-33827.8503277778,-811868.407866667,8497.0688795035,0.798481720555369,"LM_AR"
"NJ2020",5,1,"T0_T24","c_V2","VPC",-33827.8503277778,-811868.407866667,8497.0688795035,0.798481720555369,"LM_AR_DIFF"
"NJ2020",5,1,"T0_T24","c_V2","VPC",-33827.8503277779,-811868.407866671,8497.06887950358,0.798481720555367,"LM_AR_DIFF_LMER"
"NJ2020",5,1,"T0_T24","c_V2","VPC",42494.1157777779,246220.871,34941.4844107076,NA,"VPCL_SR_AVG"
"NJ2020",5,1,"T0_T24","c_V2","VPC",21581.0586666667,64743.176,NA,NA,"VPCL_AR"
"NJ2020",5,1,"T0_T24","c_V2","VPC",0,0,0,NA,"VPCL_AR_SE"
"NJ2020",5,1,"T0_T24","c_V2","VPC",21581.0586666667,64743.176,NA,NA,"VPCL_AR_DIFF"
"NJ2020",5,1,"T0_T24","c_V2","VPC",0,0,0,NA,"VPCL_AR_DIFF_SE"
"NJ2020",5,1,"T0_T24","c_V2","VPC",21581.0586666667,64743.176,NA,NA,"VPCL_AR_DIFF_LMER"
"NJ2020",5,1,"T0_T24","c_V2","VPC",0,0,0,NA,"VPCL_AR_DIFF_LMER_SE"
"NJ2020",6,1,"T0_T24","c_V2","VPC",-18348.1146333333,-440354.7512,14216.4656959145,0.0942906196506064,"LM_ALLPOINTS"
"NJ2020",6,1,"T0_T24","c_V2","VPC",-18348.1146333334,-440354.751200001,6968.14304773522,0.150745289739679,"LM_SR_AVG"
"NJ2020",6,1,"T0_T24","c_V2","VPC",-18348.1146333334,-440354.751200001,13287.147510932,0.322821547955717,"LM_AR"
"NJ2020",6,1,"T0_T24","c_V2","VPC",-18348.1146333334,-440354.751200001,13287.147510932,0.322821547955717,"LM_AR_DIFF"
"NJ2020",6,1,"T0_T24","c_V2","VPC",-18348.1146333335,-440354.751200004,13287.147510932,0.322821547955719,"LM_AR_DIFF_LMER"
"NJ2020",6,1,"T0_T24","c_V2","VPC",209327.048111111,875565.647666667,130459.148944107,NA,"VPCL_SR_AVG"
"NJ2020",6,1,"T0_T24","c_V2","VPC",17929.7766444444,268946.649666667,NA,NA,"VPCL_AR"
"NJ2020",6,1,"T0_T24","c_V2","VPC",0,0,0,NA,"VPCL_AR_SE"
"NJ2020",6,1,"T0_T24","c_V2","VPC",17929.7766444444,268946.649666667,NA,NA,"VPCL_AR_DIFF"
"NJ2020",6,1,"T0_T24","c_V2","VPC",0,0,0,NA,"VPCL_AR_DIFF_SE"
"NJ2020",6,1,"T0_T24","c_V2","VPC",17929.7766444445,268946.649666667,NA,NA,"VPCL_AR_DIFF_LMER"
"NJ2020",6,1,"T0_T24","c_V2","VPC",0,0,0,NA,"VPCL_AR_DIFF_LMER_SE"
"NJ2020",7,1,"T0_T12","c_V2","VPC",-1047.80283222223,-12573.6339866667,1427.38943614186,0.0398008321548012,"LM_ALLPOINTS"
"NJ2020",7,1,"T0_T12","c_V2","VPC",-1047.80283222223,-12573.6339866667,1732.02963952384,0.239733908967096,"LM_SR_AVG"
"NJ2020",7,1,"T0_T12","c_V2","VPC",-1047.80283222222,-12573.6339866666,1787.10418975616,0.102807281537276,"LM_AR"
"NJ2020",7,1,"T0_T12","c_V2","VPC",-1047.80283222222,-12573.6339866666,1787.10418975616,0.102807281537276,"LM_AR_DIFF"
"NJ2020",7,1,"T0_T12","c_V2","VPC",-1047.80283222213,-12573.6339866656,1787.10418975617,0.102807281537263,"LM_AR_DIFF_LMER"
"NJ2020",7,1,"T0_T12","c_V2","VPC",8622.99618888888,40117.1807,2526.11473365749,NA,"VPCL_SR_AVG"
"NJ2020",7,1,"T0_T12","c_V2","VPC",11411.7407222222,34235.2221666666,NA,NA,"VPCL_AR"
"NJ2020",7,1,"T0_T12","c_V2","VPC",11411.7407222222,34235.2221666666,6605.30506905157,NA,"VPCL_AR_SE"
"NJ2020",7,1,"T0_T12","c_V2","VPC",11411.7407222222,34235.2221666666,NA,NA,"VPCL_AR_DIFF"
"NJ2020",7,1,"T0_T12","c_V2","VPC",11411.7407222222,34235.2221666666,6605.30506905157,NA,"VPCL_AR_DIFF_SE"
"NJ2020",7,1,"T0_T12","c_V2","VPC",11411.7407222223,34235.2221666668,NA,NA,"VPCL_AR_DIFF_LMER"
"NJ2020",7,1,"T0_T12","c_V2","VPC",0,0,0,NA,"VPCL_AR_DIFF_LMER_SE"
"NJ2020",1,1,"T0_T17","c_V3","VPC",2713.41258797979,46128.0139956564,2576.68429427641,0.099824354188534,"LM_ALLPOINTS"
"NJ2020",1,1,"T0_T17","c_V3","VPC",2713.4125879798,46128.0139956566,1227.10246707282,0.148161223716515,"LM_SR_AVG"
"NJ2020",1,1,"T0_T17","c_V3","VPC",2713.4125879798,46128.0139956565,1776.16573479179,0.538511843979665,"LM_AR"
"NJ2020",1,1,"T0_T17","c_V3","VPC",2713.4125879798,46128.0139956565,1776.16573479179,0.538511843979665,"LM_AR_DIFF"
"NJ2020",1,1,"T0_T17","c_V3","VPC",2713.41258797978,46128.0139956562,1776.16573479179,0.538511843979661,"LM_AR_DIFF_LMER"
"NJ2020",1,1,"T0_T17","c_V3","VPC",30243.9196762626,137864.842166667,10765.6490223716,NA,"VPCL_SR_AVG"
"NJ2020",1,1,"T0_T17","c_V3","VPC",4207.30093333333,58902.2130666666,NA,NA,"VPCL_AR"
"NJ2020",1,1,"T0_T17","c_V3","VPC",0,0,0,NA,"VPCL_AR_SE"
"NJ2020",1,1,"T0_T17","c_V3","VPC",4207.30093333333,58902.2130666666,NA,NA,"VPCL_AR_DIFF"
"NJ2020",1,1,"T0_T17","c_V3","VPC",0,0,0,NA,"VPCL_AR_DIFF_SE"
"NJ2020",1,1,"T0_T17","c_V3","VPC",4207.30093333332,58902.2130666665,NA,NA,"VPCL_AR_DIFF_LMER"
"NJ2020",1,1,"T0_T17","c_V3","VPC",0,0,0,NA,"VPCL_AR_DIFF_LMER_SE"
"NJ2020",2,1,"T0_T6","c_V3","VPC",620.484794444465,3722.90876666679,5689.86018100717,0.00169599228383405,"LM_ALLPOINTS"
"NJ2020",2,1,"T0_T6","c_V3","VPC",620.484794444389,3722.9087666664,8758.72675980085,0.837360375196499,"LM_SR_AVG"
"NJ2020",2,1,"T0_T6","c_V3","VPC",620.484794444421,3722.90876666653,1693.95430194387,0.11829879969205,"LM_AR"
"NJ2020",2,1,"T0_T6","c_V3","VPC",620.484794444421,3722.90876666653,1693.95430194387,0.11829879969205,"LM_AR_DIFF"
"NJ2020",2,1,"T0_T6","c_V3","VPC",620.484794444488,3722.90876666693,1693.9543019439,0.118298799692059,"LM_AR_DIFF_LMER"
"NJ2020",2,1,"T0_T6","c_V3","VPC",10993.1326722222,39062.716,8143.08480653556,NA,"VPCL_SR_AVG"
"NJ2020",2,1,"T0_T6","c_V3","VPC",3554.49971111111,10663.4991333333,NA,NA,"VPCL_AR"
"NJ2020",2,1,"T0_T6","c_V3","VPC",0,0,0,NA,"VPCL_AR_SE"
"NJ2020",2,1,"T0_T6","c_V3","VPC",3554.49971111111,10663.4991333333,NA,NA,"VPCL_AR_DIFF"
"NJ2020",2,1,"T0_T6","c_V3","VPC",0,0,0,NA,"VPCL_AR_DIFF_SE"
"NJ2020",2,1,"T0_T6","c_V3","VPC",3554.49971111119,10663.4991333336,NA,NA,"VPCL_AR_DIFF_LMER"
"NJ2020",2,1,"T0_T6","c_V3","VPC",0,0,0,NA,"VPCL_AR_DIFF_LMER_SE"
"NJ2020",3,1,"T0_T12","c_V3","VPC",-14034.6408966667,-168415.69076,5615.84430633571,0.324520084282147,"LM_ALLPOINTS"
"NJ2020",3,1,"T0_T12","c_V3","VPC",-14034.6408966667,-168415.69076,4757.76175783338,0.391367033883186,"LM_SR_AVG"
"NJ2020",3,1,"T0_T12","c_V3","VPC",-14034.6408966667,-168415.69076,9742.30042001775,0.408901206855547,"LM_AR"
"NJ2020",3,1,"T0_T12","c_V3","VPC",-14034.6408966667,-168415.69076,9742.30042001775,0.408901206855547,"LM_AR_DIFF"
"NJ2020",3,1,"T0_T12","c_V3","VPC",-14034.6408966666,-168415.69076,9742.30042001775,0.408901206855546,"LM_AR_DIFF_LMER"
"NJ2020",3,1,"T0_T12","c_V3","VPC",39006.0974944444,209562.3962,8522.617316879,NA,"VPCL_SR_AVG"
"NJ2020",3,1,"T0_T12","c_V3","VPC",34683.5762944445,208101.457766667,NA,NA,"VPCL_AR"
"NJ2020",3,1,"T0_T12","c_V3","VPC",34683.5762944445,208101.457766667,21261.7688613597,NA,"VPCL_AR_SE"
"NJ2020",3,1,"T0_T12","c_V3","VPC",34683.5762944445,208101.457766667,NA,NA,"VPCL_AR_DIFF"
"NJ2020",3,1,"T0_T12","c_V3","VPC",34683.5762944445,208101.457766667,21261.7688613597,NA,"VPCL_AR_DIFF_SE"
"NJ2020",3,1,"T0_T12","c_V3","VPC",34683.5762944445,208101.457766667,NA,NA,"VPCL_AR_DIFF_LMER"
"NJ2020",3,1,"T0_T12","c_V3","VPC",49180.6665666668,147541.9997,33816.7427989055,NA,"VPCL_AR_DIFF_LMER_SE"
"NJ2020",4,1,"T0_T3","c_V3","VPC",-11046.2535555555,-33138.7606666666,12326.1212599839,0.167206924242766,"LM_ALLPOINTS"
"NJ2020",4,1,"T0_T3","c_V3","VPC",-11046.2535555554,-33138.7606666663,16345.3534779538,1,"LM_SR_AVG"
"NJ2020",4,1,"T0_T3","c_V3","VPC",-11046.2535555555,-33138.7606666666,NA,1,"LM_AR"
"NJ2020",4,1,"T0_T3","c_V3","VPC",-11046.2535555555,-33138.7606666666,NA,1,"LM_AR_DIFF"
"NJ2020",4,1,"T0_T3","c_V3","VPC",-11046.2535555554,-33138.7606666662,NA,1,"LM_AR_DIFF_LMER"
"NJ2020",4,1,"T0_T3","c_V3","VPC",5419.829,16259.487,5419.829,NA,"VPCL_SR_AVG"
"NJ2020",4,1,"T0_T3","c_V3","VPC",0,0,NA,NA,"VPCL_AR"
"NJ2020",4,1,"T0_T3","c_V3","VPC",0,0,0,NA,"VPCL_AR_SE"
"NJ2020",4,1,"T0_T3","c_V3","VPC",0,0,NA,NA,"VPCL_AR_DIFF"
"NJ2020",4,1,"T0_T3","c_V3","VPC",0,0,0,NA,"VPCL_AR_DIFF_SE"
"NJ2020",4,1,"T0_T3","c_V3","VPC",0,0,NA,NA,"VPCL_AR_DIFF_LMER"
"NJ2020",4,1,"T0_T3","c_V3","VPC",0,0,0,NA,"VPCL_AR_DIFF_LMER_SE"
"NJ2020",5,1,"T0_T24","c_V3","VPC",-2886.88334527778,-69285.2002866666,1018.63240928315,0.334220931383554,"LM_ALLPOINTS"
"NJ2020",5,1,"T0_T24","c_V3","VPC",-2886.88334527778,-69285.2002866667,790.313459052544,0.385512025800009,"LM_SR_AVG"
"NJ2020",5,1,"T0_T24","c_V3","VPC",-2886.88334527778,-69285.2002866668,927.783168111485,0.707645277980111,"LM_AR"
"NJ2020",5,1,"T0_T24","c_V3","VPC",-2886.88334527778,-69285.2002866668,927.783168111485,0.707645277980111,"LM_AR_DIFF"
"NJ2020",5,1,"T0_T24","c_V3","VPC",-2886.88334527779,-69285.200286667,927.783168111485,0.707645277980112,"LM_AR_DIFF_LMER"
"NJ2020",5,1,"T0_T24","c_V3","VPC",9621.90832499999,88167.0979666666,3601.5446693612,NA,"VPCL_SR_AVG"
"NJ2020",5,1,"T0_T24","c_V3","VPC",7194.14006666666,43164.8404,NA,NA,"VPCL_AR"
"NJ2020",5,1,"T0_T24","c_V3","VPC",10411.9237444444,31235.7712333333,6235.14699822571,NA,"VPCL_AR_SE"
"NJ2020",5,1,"T0_T24","c_V3","VPC",7194.14006666666,43164.8404,NA,NA,"VPCL_AR_DIFF"
"NJ2020",5,1,"T0_T24","c_V3","VPC",10411.9237444444,31235.7712333333,6235.14699822571,NA,"VPCL_AR_DIFF_SE"
"NJ2020",5,1,"T0_T24","c_V3","VPC",7194.14006666661,43164.8403999996,NA,NA,"VPCL_AR_DIFF_LMER"
"NJ2020",5,1,"T0_T24","c_V3","VPC",0,0,0,NA,"VPCL_AR_DIFF_LMER_SE"
"NJ2020",6,1,"T0_T24","c_V3","VPC",-3518.13541444444,-84435.2499466666,3291.30558182699,0.0666518744471857,"LM_ALLPOINTS"
"NJ2020",6,1,"T0_T24","c_V3","VPC",-3518.13541444445,-84435.2499466667,2935.52514875098,0.130736931224261,"LM_SR_AVG"
"NJ2020",6,1,"T0_T24","c_V3","VPC",-3518.13541444445,-84435.2499466668,4781.85425979566,0.119193591590832,"LM_AR"
"NJ2020",6,1,"T0_T24","c_V3","VPC",-3518.13541444445,-84435.2499466668,4781.85425979566,0.119193591590832,"LM_AR_DIFF"
"NJ2020",6,1,"T0_T24","c_V3","VPC",-3518.13541444445,-84435.2499466668,4781.85425979567,0.119193591590832,"LM_AR_DIFF_LMER"
"NJ2020",6,1,"T0_T24","c_V3","VPC",12383.9502224074,191908.985933333,2665.51934395462,NA,"VPCL_SR_AVG"
"NJ2020",6,1,"T0_T24","c_V3","VPC",4467.30436333333,124966.999033333,NA,NA,"VPCL_AR"
"NJ2020",6,1,"T0_T24","c_V3","VPC",8269.23905833333,99230.8687,6850.50731693604,NA,"VPCL_AR_SE"
"NJ2020",6,1,"T0_T24","c_V3","VPC",4467.30436333333,124966.999033333,NA,NA,"VPCL_AR_DIFF"
"NJ2020",6,1,"T0_T24","c_V3","VPC",8269.23905833333,99230.8687,6850.50731693604,NA,"VPCL_AR_DIFF_SE"
"NJ2020",6,1,"T0_T24","c_V3","VPC",4467.30436333329,124966.999033333,NA,NA,"VPCL_AR_DIFF_LMER"
"NJ2020",6,1,"T0_T24","c_V3","VPC",0,0,0,NA,"VPCL_AR_DIFF_LMER_SE"
"NJ2020",7,1,"T0_T12","c_V3","VPC",-164.724206666659,-1976.6904799999,1191.21100674119,0.00146877662118381,"LM_ALLPOINTS"
"NJ2020",7,1,"T0_T12","c_V3","VPC",-164.724206666667,-1976.69048000001,1164.56465720357,0.194937088639009,"LM_SR_AVG"
"NJ2020",7,1,"T0_T12","c_V3","VPC",-164.724206666668,-1976.69048000002,484.698528890821,0.0370718347966166,"LM_AR"
"NJ2020",7,1,"T0_T12","c_V3","VPC",-164.724206666668,-1976.69048000002,484.698528890821,0.0370718347966166,"LM_AR_DIFF"
"NJ2020",7,1,"T0_T12","c_V3","VPC",-164.724206666657,-1976.69047999988,484.69852889082,0.0370718347966108,"LM_AR_DIFF_LMER"
"NJ2020",7,1,"T0_T12","c_V3","VPC",7390.5002,44343.0012,124.981280148557,NA,"VPCL_SR_AVG"
"NJ2020",7,1,"T0_T12","c_V3","VPC",1132.665175,10825.9366,NA,NA,"VPCL_AR"
"NJ2020",7,1,"T0_T12","c_V3","VPC",0,0,0,NA,"VPCL_AR_SE"
"NJ2020",7,1,"T0_T12","c_V3","VPC",1132.665175,10825.9366,NA,NA,"VPCL_AR_DIFF"
"NJ2020",7,1,"T0_T12","c_V3","VPC",0,0,0,NA,"VPCL_AR_DIFF_SE"
"NJ2020",7,1,"T0_T12","c_V3","VPC",1132.66517500003,10825.9366000002,NA,NA,"VPCL_AR_DIFF_LMER"
"NJ2020",7,1,"T0_T12","c_V3","VPC",0,0,0,NA,"VPCL_AR_DIFF_LMER_SE"
"NJ2020",1,1,"T0_T17","c_Viruses","Diff",-15885.2491050505,-270049.234785859,50105.7724985493,NA,"LM_ALLPOINTS"
"NJ2020",1,1,"T0_T17","c_Viruses","Diff",-15885.2491050507,-270049.234785862,16006.6033101651,NA,"LM_SR_AVG"
"NJ2020",1,1,"T0_T17","c_Viruses","Diff",-15885.2491050503,-270049.234785856,68902.0440383017,NA,"LM_AR"
"NJ2020",1,1,"T0_T17","c_Viruses","Diff",-15885.2491050505,-270049.234785858,63117.3534753868,0.0306986529272418,"LM_AR_DIFF"
"NJ2020",1,1,"T0_T17","c_Viruses","Diff",-15885.2491050503,-270049.234785855,63117.353475387,0.0306986529272409,"LM_AR_DIFF_LMER"
"NJ2020",1,1,"T0_T17","c_Viruses","Diff",87991.2128282822,-752665.245333333,NA,NA,"VPCL_SR_AVG"
"NJ2020",1,1,"T0_T17","c_Viruses","Diff",-107710.242883117,-1025245.203,NA,NA,"VPCL_AR"
"NJ2020",1,1,"T0_T17","c_Viruses","Diff",-160899.399121212,-1769893.39033333,35629.331427246,NA,"VPCL_AR_SE"
"NJ2020",1,1,"T0_T17","c_Viruses","Diff",220653.8735,1323923.241,NA,NA,"VPCL_AR_DIFF"
"NJ2020",1,1,"T0_T17","c_Viruses","Diff",395877.754111111,1187633.26233333,346049.070037685,NA,"VPCL_AR_DIFF_SE"
"NJ2020",1,1,"T0_T17","c_Viruses","Diff",220653.873500002,1323923.24100001,NA,NA,"VPCL_AR_DIFF_LMER"
"NJ2020",1,1,"T0_T17","c_Viruses","Diff",395877.75411111,1187633.26233333,236284.827062961,NA,"VPCL_AR_DIFF_LMER_SE"
"NJ2020",2,1,"T0_T6","c_Viruses","Diff",1817519.545,10905117.27,860863.672361281,NA,"LM_ALLPOINTS"
"NJ2020",2,1,"T0_T6","c_Viruses","Diff",1817519.545,10905117.27,938985.591028826,NA,"LM_SR_AVG"
"NJ2020",2,1,"T0_T6","c_Viruses","Diff",1817519.545,10905117.27,795795.481979485,NA,"LM_AR"
"NJ2020",2,1,"T0_T6","c_Viruses","Diff",1817519.545,10905117.27,721893.006565442,0.863739420819104,"LM_AR_DIFF"
"NJ2020",2,1,"T0_T6","c_Viruses","Diff",1817519.545,10905117.27,721893.006565444,0.863739420819104,"LM_AR_DIFF_LMER"
"NJ2020",2,1,"T0_T6","c_Viruses","Diff",2336318.40777778,7008955.22333333,NA,NA,"VPCL_SR_AVG"
"NJ2020",2,1,"T0_T6","c_Viruses","Diff",2331058.98888889,6993176.96666667,NA,NA,"VPCL_AR"
"NJ2020",2,1,"T0_T6","c_Viruses","Diff",2331058.98888889,6993176.96666667,1963787.78158779,NA,"VPCL_AR_SE"
"NJ2020",2,1,"T0_T6","c_Viruses","Diff",1817519.545,10905117.27,NA,NA,"VPCL_AR_DIFF"
"NJ2020",2,1,"T0_T6","c_Viruses","Diff",1817519.545,10905117.27,1203022.33170004,NA,"VPCL_AR_DIFF_SE"
"NJ2020",2,1,"T0_T6","c_Viruses","Diff",1817519.545,10905117.27,NA,NA,"VPCL_AR_DIFF_LMER"
"NJ2020",2,1,"T0_T6","c_Viruses","Diff",3067874.91,9203624.73,2258770.98244663,NA,"VPCL_AR_DIFF_LMER_SE"
"NJ2020",3,1,"T0_T12","c_Viruses","Diff",-108437.810933334,-1301253.7312,209460.660224849,NA,"LM_ALLPOINTS"
"NJ2020",3,1,"T0_T12","c_Viruses","Diff",-108437.810933334,-1301253.7312,177284.116880703,NA,"LM_SR_AVG"
"NJ2020",3,1,"T0_T12","c_Viruses","Diff",-108437.810933334,-1301253.7312,296983.771266302,NA,"LM_AR"
"NJ2020",3,1,"T0_T12","c_Viruses","Diff",-108437.810933333,-1301253.7312,159621.996960768,0.133324847292004,"LM_AR_DIFF"
"NJ2020",3,1,"T0_T12","c_Viruses","Diff",-108437.810933333,-1301253.7312,159621.996960768,0.133324847292003,"LM_AR_DIFF_LMER"
"NJ2020",3,1,"T0_T12","c_Viruses","Diff",-150248.756111111,-1011343.28333333,NA,NA,"VPCL_SR_AVG"
"NJ2020",3,1,"T0_T12","c_Viruses","Diff",-349452.735555556,-544989.33666667,NA,NA,"VPCL_AR"
"NJ2020",3,1,"T0_T12","c_Viruses","Diff",0,0,0,NA,"VPCL_AR_SE"
"NJ2020",3,1,"T0_T12","c_Viruses","Diff",527846.481055556,3167078.88633333,NA,NA,"VPCL_AR_DIFF"
"NJ2020",3,1,"T0_T12","c_Viruses","Diff",0,0,0,NA,"VPCL_AR_DIFF_SE"
"NJ2020",3,1,"T0_T12","c_Viruses","Diff",527846.481055556,3167078.88633334,NA,NA,"VPCL_AR_DIFF_LMER"
"NJ2020",3,1,"T0_T12","c_Viruses","Diff",957810.944444444,2873432.83333333,775365.902574541,NA,"VPCL_AR_DIFF_LMER_SE"
"NJ2020",4,1,"T0_T3","c_Viruses","Diff",-625017.767777779,-1875053.30333334,410363.085752053,NA,"LM_ALLPOINTS"
"NJ2020",4,1,"T0_T3","c_Viruses","Diff",-625017.767777775,-1875053.30333333,336097.753814175,NA,"LM_SR_AVG"
"NJ2020",4,1,"T0_T3","c_Viruses","Diff",-625017.767777775,-1875053.30333332,NA,NA,"LM_AR"
"NJ2020",4,1,"T0_T3","c_Viruses","Diff",-625017.767777778,-1875053.30333333,NA,1,"LM_AR_DIFF"
"NJ2020",4,1,"T0_T3","c_Viruses","Diff",-625017.767777774,-1875053.30333332,NA,1,"LM_AR_DIFF_LMER"
"NJ2020",4,1,"T0_T3","c_Viruses","Diff",-387917.555555555,-1163752.66666667,NA,NA,"VPCL_SR_AVG"
"NJ2020",4,1,"T0_T3","c_Viruses","Diff",-423312.011111111,-1269936.03333333,NA,NA,"VPCL_AR"
"NJ2020",4,1,"T0_T3","c_Viruses","Diff",-423312.011111111,-1269936.03333333,164056.981534688,NA,"VPCL_AR_SE"
"NJ2020",4,1,"T0_T3","c_Viruses","Diff",0,0,NA,NA,"VPCL_AR_DIFF"
"NJ2020",4,1,"T0_T3","c_Viruses","Diff",0,0,0,NA,"VPCL_AR_DIFF_SE"
"NJ2020",4,1,"T0_T3","c_Viruses","Diff",0,0,NA,NA,"VPCL_AR_DIFF_LMER"
"NJ2020",4,1,"T0_T3","c_Viruses","Diff",0,0,0,NA,"VPCL_AR_DIFF_LMER_SE"
"NJ2020",5,1,"T0_T24","c_Viruses","Diff",-275447.761027778,-6610746.26466666,111137.740576662,NA,"LM_ALLPOINTS"
"NJ2020",5,1,"T0_T24","c_Viruses","Diff",-275447.761027778,-6610746.26466666,56387.512893981,NA,"LM_SR_AVG"
"NJ2020",5,1,"T0_T24","c_Viruses","Diff",-275447.761027778,-6610746.26466667,123337.763556651,NA,"LM_AR"
"NJ2020",5,1,"T0_T24","c_Viruses","Diff",-275447.761027778,-6610746.26466666,97230.554036174,0.667373944298248,"LM_AR_DIFF"
"NJ2020",5,1,"T0_T24","c_Viruses","Diff",-275447.761027777,-6610746.26466665,97230.554036174,0.667373944298247,"LM_AR_DIFF_LMER"
"NJ2020",5,1,"T0_T24","c_Viruses","Diff",-455135.038055556,-5049466.94333334,NA,NA,"VPCL_SR_AVG"
"NJ2020",5,1,"T0_T24","c_Viruses","Diff",-382320.539722222,-2911300.63666666,NA,NA,"VPCL_AR"
"NJ2020",5,1,"T0_T24","c_Viruses","Diff",-740227.433333332,-2220682.29999999,568567.639308484,NA,"VPCL_AR_SE"
"NJ2020",5,1,"T0_T24","c_Viruses","Diff",917697.230000002,2753091.69000001,NA,NA,"VPCL_AR_DIFF"
"NJ2020",5,1,"T0_T24","c_Viruses","Diff",0,0,0,NA,"VPCL_AR_DIFF_SE"
"NJ2020",5,1,"T0_T24","c_Viruses","Diff",917697.230000006,2753091.69000002,NA,NA,"VPCL_AR_DIFF_LMER"
"NJ2020",5,1,"T0_T24","c_Viruses","Diff",0,0,0,NA,"VPCL_AR_DIFF_LMER_SE"
"NJ2020",6,1,"T0_T24","c_Viruses","Diff",-183594.527361111,-4406268.65666667,237334.386311717,NA,"LM_ALLPOINTS"
"NJ2020",6,1,"T0_T24","c_Viruses","Diff",-183594.527361111,-4406268.65666667,76430.2868948241,NA,"LM_SR_AVG"
"NJ2020",6,1,"T0_T24","c_Viruses","Diff",-183594.527361111,-4406268.65666666,281341.827560424,NA,"LM_AR"
"NJ2020",6,1,"T0_T24","c_Viruses","Diff",-183594.527361111,-4406268.65666667,64654.2442047879,0.668422186392961,"LM_AR_DIFF"
"NJ2020",6,1,"T0_T24","c_Viruses","Diff",-183594.527361111,-4406268.65666666,64654.2442047881,0.668422186392959,"LM_AR_DIFF_LMER"
"NJ2020",6,1,"T0_T24","c_Viruses","Diff",1437260.12713889,-932196.163333333,NA,NA,"VPCL_SR_AVG"
"NJ2020",6,1,"T0_T24","c_Viruses","Diff",664818.764444445,-1945842.21333333,NA,NA,"VPCL_AR"
"NJ2020",6,1,"T0_T24","c_Viruses","Diff",0,0,0,NA,"VPCL_AR_SE"
"NJ2020",6,1,"T0_T24","c_Viruses","Diff",452736.317777777,2716417.90666666,NA,NA,"VPCL_AR_DIFF"
"NJ2020",6,1,"T0_T24","c_Viruses","Diff",0,0,0,NA,"VPCL_AR_DIFF_SE"
"NJ2020",6,1,"T0_T24","c_Viruses","Diff",452736.317777781,2716417.90666669,NA,NA,"VPCL_AR_DIFF_LMER"
"NJ2020",6,1,"T0_T24","c_Viruses","Diff",0,0,0,NA,"VPCL_AR_DIFF_LMER_SE"
"NJ2020",7,1,"T0_T12","c_Viruses","Diff",71221.0376777777,854652.452133332,81870.6339311767,NA,"LM_ALLPOINTS"
"NJ2020",7,1,"T0_T12","c_Viruses","Diff",71221.0376777777,854652.452133332,24876.6993610601,NA,"LM_SR_AVG"
"NJ2020",7,1,"T0_T12","c_Viruses","Diff",71221.0376777778,854652.452133334,106314.694611766,NA,"LM_AR"
"NJ2020",7,1,"T0_T12","c_Viruses","Diff",71221.0376777778,854652.452133333,83820.7455667638,0.19397321870606,"LM_AR_DIFF"
"NJ2020",7,1,"T0_T12","c_Viruses","Diff",71221.0376777768,854652.452133321,83820.7455667639,0.193973218706056,"LM_AR_DIFF_LMER"
"NJ2020",7,1,"T0_T12","c_Viruses","Diff",-238877.043416667,-1410149.254,NA,NA,"VPCL_SR_AVG"
"NJ2020",7,1,"T0_T12","c_Viruses","Diff",-90177.683222222,-1117185.502,NA,NA,"VPCL_AR"
"NJ2020",7,1,"T0_T12","c_Viruses","Diff",-238692.253222222,-716076.759666663,243024.555619911,NA,"VPCL_AR_SE"
"NJ2020",7,1,"T0_T12","c_Viruses","Diff",336545.842277778,2019275.05366667,NA,NA,"VPCL_AR_DIFF"
"NJ2020",7,1,"T0_T12","c_Viruses","Diff",0,0,0,NA,"VPCL_AR_DIFF_SE"
"NJ2020",7,1,"T0_T12","c_Viruses","Diff",336545.842277778,2019275.05366667,NA,NA,"VPCL_AR_DIFF_LMER"
"NJ2020",7,1,"T0_T12","c_Viruses","Diff",389594.88288889,1168784.64866667,355412.692766443,NA,"VPCL_AR_DIFF_LMER_SE"
"NJ2020",1,1,"T0_T17","c_V1","Diff",-21520.9739858585,-365856.557759594,41730.320651542,NA,"LM_ALLPOINTS"
"NJ2020",1,1,"T0_T17","c_V1","Diff",-21520.9739858585,-365856.557759597,17702.9973894996,NA,"LM_SR_AVG"
"NJ2020",1,1,"T0_T17","c_V1","Diff",-21520.9739858586,-365856.557759592,55325.0044159175,NA,"LM_AR"
"NJ2020",1,1,"T0_T17","c_V1","Diff",-21520.9739858586,-365856.557759596,51368.3651313352,0.0806805431623518,"LM_AR_DIFF"
"NJ2020",1,1,"T0_T17","c_V1","Diff",-21520.9739858589,-365856.557759601,51368.3651313349,0.0806805431623551,"LM_AR_DIFF_LMER"
"NJ2020",1,1,"T0_T17","c_V1","Diff",-59958.0892344879,-661187.873333334,NA,NA,"VPCL_SR_AVG"
"NJ2020",1,1,"T0_T17","c_V1","Diff",-96259.4779610388,-917158.584000003,NA,NA,"VPCL_AR"
"NJ2020",1,1,"T0_T17","c_V1","Diff",-143491.369151515,-1578405.06066667,37246.5357160779,NA,"VPCL_AR_SE"
"NJ2020",1,1,"T0_T17","c_V1","Diff",179063.987111111,1074383.92266667,NA,NA,"VPCL_AR_DIFF"
"NJ2020",1,1,"T0_T17","c_V1","Diff",0,0,0,NA,"VPCL_AR_DIFF_SE"
"NJ2020",1,1,"T0_T17","c_V1","Diff",179063.987111109,1074383.92266665,NA,NA,"VPCL_AR_DIFF_LMER"
"NJ2020",1,1,"T0_T17","c_V1","Diff",277278.318666666,831834.955999998,203739.202747724,NA,"VPCL_AR_DIFF_LMER_SE"
"NJ2020",2,1,"T0_T6","c_V1","Diff",1652516.77222222,9915100.63333334,863803.928119819,NA,"LM_ALLPOINTS"
"NJ2020",2,1,"T0_T6","c_V1","Diff",1652516.77222222,9915100.63333334,947107.076830037,NA,"LM_SR_AVG"
"NJ2020",2,1,"T0_T6","c_V1","Diff",1652516.77222223,9915100.63333334,866334.185462913,NA,"LM_AR"
"NJ2020",2,1,"T0_T6","c_V1","Diff",1652516.77222222,9915100.63333334,697146.811456776,0.848915118959022,"LM_AR_DIFF"
"NJ2020",2,1,"T0_T6","c_V1","Diff",1652516.77222221,9915100.63333329,697146.811456779,0.848915118959019,"LM_AR_DIFF_LMER"
"NJ2020",2,1,"T0_T6","c_V1","Diff",2422814.29944444,7302599.23333333,NA,NA,"VPCL_SR_AVG"
"NJ2020",2,1,"T0_T6","c_V1","Diff",2431478.45444445,7294435.36333334,NA,NA,"VPCL_AR"
"NJ2020",2,1,"T0_T6","c_V1","Diff",2431478.45444445,7294435.36333334,1968108.4762292,NA,"VPCL_AR_SE"
"NJ2020",2,1,"T0_T6","c_V1","Diff",1652516.77222222,9915100.63333334,NA,NA,"VPCL_AR_DIFF"
"NJ2020",2,1,"T0_T6","c_V1","Diff",1652516.77222222,9915100.63333334,1168000.91731322,NA,"VPCL_AR_DIFF_SE"
"NJ2020",2,1,"T0_T6","c_V1","Diff",1652516.77222221,9915100.63333328,NA,NA,"VPCL_AR_DIFF_LMER"
"NJ2020",2,1,"T0_T6","c_V1","Diff",2860010.47,8580031.40999999,2256990.23605505,NA,"VPCL_AR_DIFF_LMER_SE"
"NJ2020",3,1,"T0_T12","c_V1","Diff",-130797.130566667,-1569565.5668,203674.190734275,NA,"LM_ALLPOINTS"
"NJ2020",3,1,"T0_T12","c_V1","Diff",-130797.130566667,-1569565.5668,154368.005188983,NA,"LM_SR_AVG"
"NJ2020",3,1,"T0_T12","c_V1","Diff",-130797.130566667,-1569565.5668,305790.446994896,NA,"LM_AR"
"NJ2020",3,1,"T0_T12","c_V1","Diff",-130797.130566667,-1569565.5668,149738.685876349,0.202765189189544,"LM_AR_DIFF"
"NJ2020",3,1,"T0_T12","c_V1","Diff",-130797.130566667,-1569565.5668,149738.685876349,0.202765189189545,"LM_AR_DIFF_LMER"
"NJ2020",3,1,"T0_T12","c_V1","Diff",-225739.094444445,-1514216.91333333,NA,NA,"VPCL_SR_AVG"
"NJ2020",3,1,"T0_T12","c_V1","Diff",-528111.911666667,-1020358.46666666,NA,NA,"VPCL_AR"
"NJ2020",3,1,"T0_T12","c_V1","Diff",-716104.334444445,-2148313.00333333,468255.557920587,NA,"VPCL_AR_SE"
"NJ2020",3,1,"T0_T12","c_V1","Diff",524796.805833333,3148780.835,NA,NA,"VPCL_AR_DIFF"
"NJ2020",3,1,"T0_T12","c_V1","Diff",0,0,0,NA,"VPCL_AR_DIFF_SE"
"NJ2020",3,1,"T0_T12","c_V1","Diff",524796.805833332,3148780.83499999,NA,NA,"VPCL_AR_DIFF_LMER"
"NJ2020",3,1,"T0_T12","c_V1","Diff",931520.61333333,2794561.83999999,717839.139382694,NA,"VPCL_AR_DIFF_LMER_SE"
"NJ2020",4,1,"T0_T3","c_V1","Diff",-664666.516666667,-1993999.55,434548.723894348,NA,"LM_ALLPOINTS"
"NJ2020",4,1,"T0_T3","c_V1","Diff",-664666.516666666,-1993999.55,343777.99825799,NA,"LM_SR_AVG"
"NJ2020",4,1,"T0_T3","c_V1","Diff",-664666.516666664,-1993999.54999999,NA,NA,"LM_AR"
"NJ2020",4,1,"T0_T3","c_V1","Diff",-664666.516666666,-1993999.55,NA,1,"LM_AR_DIFF"
"NJ2020",4,1,"T0_T3","c_V1","Diff",-664666.516666666,-1993999.55,NA,1,"LM_AR_DIFF_LMER"
"NJ2020",4,1,"T0_T3","c_V1","Diff",-425206.891111112,-1275620.67333333,NA,NA,"VPCL_SR_AVG"
"NJ2020",4,1,"T0_T3","c_V1","Diff",-484593.352222222,-1453780.05666667,NA,NA,"VPCL_AR"
"NJ2020",4,1,"T0_T3","c_V1","Diff",-484593.352222222,-1453780.05666667,165037.186171489,NA,"VPCL_AR_SE"
"NJ2020",4,1,"T0_T3","c_V1","Diff",0,0,NA,NA,"VPCL_AR_DIFF"
"NJ2020",4,1,"T0_T3","c_V1","Diff",0,0,0,NA,"VPCL_AR_DIFF_SE"
"NJ2020",4,1,"T0_T3","c_V1","Diff",0,0,NA,NA,"VPCL_AR_DIFF_LMER"
"NJ2020",4,1,"T0_T3","c_V1","Diff",0,0,0,NA,"VPCL_AR_DIFF_LMER_SE"
"NJ2020",5,1,"T0_T24","c_V1","Diff",-249714.526638889,-5993148.63933333,106952.604914411,NA,"LM_ALLPOINTS"
"NJ2020",5,1,"T0_T24","c_V1","Diff",-249714.526638889,-5993148.63933333,60233.076561573,NA,"LM_SR_AVG"
"NJ2020",5,1,"T0_T24","c_V1","Diff",-249714.526638888,-5993148.63933332,118288.47002894,NA,"LM_AR"
"NJ2020",5,1,"T0_T24","c_V1","Diff",-249714.526638889,-5993148.63933333,96934.1447826355,0.623933716747992,"LM_AR_DIFF"
"NJ2020",5,1,"T0_T24","c_V1","Diff",-249714.526638891,-5993148.63933339,96934.1447826357,0.623933716747996,"LM_AR_DIFF_LMER"
"NJ2020",5,1,"T0_T24","c_V1","Diff",-280493.623166669,-5149542.78,NA,NA,"VPCL_SR_AVG"
"NJ2020",5,1,"T0_T24","c_V1","Diff",-433240.464444444,-3481383.34,NA,NA,"VPCL_AR"
"NJ2020",5,1,"T0_T24","c_V1","Diff",-956066.094444444,-2868198.28333333,429145.927069357,NA,"VPCL_AR_SE"
"NJ2020",5,1,"T0_T24","c_V1","Diff",997184.267777778,2991552.80333333,NA,NA,"VPCL_AR_DIFF"
"NJ2020",5,1,"T0_T24","c_V1","Diff",0,0,0,NA,"VPCL_AR_DIFF_SE"
"NJ2020",5,1,"T0_T24","c_V1","Diff",997184.267777778,2991552.80333333,NA,NA,"VPCL_AR_DIFF_LMER"
"NJ2020",5,1,"T0_T24","c_V1","Diff",997184.267777778,2991552.80333333,947520.43384245,NA,"VPCL_AR_DIFF_LMER_SE"
"NJ2020",6,1,"T0_T24","c_V1","Diff",-175906.55125,-4221757.23,207506.121126152,NA,"LM_ALLPOINTS"
"NJ2020",6,1,"T0_T24","c_V1","Diff",-175906.55125,-4221757.23,76686.1709652834,NA,"LM_SR_AVG"
"NJ2020",6,1,"T0_T24","c_V1","Diff",-175906.55125,-4221757.23000001,243699.619728758,NA,"LM_AR"
"NJ2020",6,1,"T0_T24","c_V1","Diff",-175906.55125,-4221757.23,59412.2207448033,0.686673155614456,"LM_AR_DIFF"
"NJ2020",6,1,"T0_T24","c_V1","Diff",-175906.551250001,-4221757.23000002,59412.2207448033,0.686673155614458,"LM_AR_DIFF_LMER"
"NJ2020",6,1,"T0_T24","c_V1","Diff",1166976.03054444,-1051498.73833333,NA,NA,"VPCL_SR_AVG"
"NJ2020",6,1,"T0_T24","c_V1","Diff",662991.450422222,-1321708.75166667,NA,NA,"VPCL_AR"
"NJ2020",6,1,"T0_T24","c_V1","Diff",0,0,0,NA,"VPCL_AR_SE"
"NJ2020",6,1,"T0_T24","c_V1","Diff",404868.579722221,2429211.47833333,NA,NA,"VPCL_AR_DIFF"
"NJ2020",6,1,"T0_T24","c_V1","Diff",0,0,0,NA,"VPCL_AR_DIFF_SE"
"NJ2020",6,1,"T0_T24","c_V1","Diff",404868.579722217,2429211.4783333,NA,NA,"VPCL_AR_DIFF_LMER"
"NJ2020",6,1,"T0_T24","c_V1","Diff",0,0,0,NA,"VPCL_AR_DIFF_LMER_SE"
"NJ2020",7,1,"T0_T12","c_V1","Diff",64182.0276111112,770184.331333334,79562.4147367084,NA,"LM_ALLPOINTS"
"NJ2020",7,1,"T0_T12","c_V1","Diff",64182.0276111112,770184.331333334,25742.5365398526,NA,"LM_SR_AVG"
"NJ2020",7,1,"T0_T12","c_V1","Diff",64182.027611111,770184.331333331,101905.108188612,NA,"LM_AR"
"NJ2020",7,1,"T0_T12","c_V1","Diff",64182.027611111,770184.331333332,81444.9939161396,0.171501704331624,"LM_AR_DIFF"
"NJ2020",7,1,"T0_T12","c_V1","Diff",64182.0276111109,770184.33133333,81444.9939161396,0.171501704331623,"LM_AR_DIFF_LMER"
"NJ2020",7,1,"T0_T12","c_V1","Diff",-257269.033944445,-1342114.143,NA,NA,"VPCL_SR_AVG"
"NJ2020",7,1,"T0_T12","c_V1","Diff",-94642.224,-1120519.59866666,NA,NA,"VPCL_AR"
"NJ2020",7,1,"T0_T12","c_V1","Diff",-243349.818777778,-730049.456333333,238885.6576236,NA,"VPCL_AR_SE"
"NJ2020",7,1,"T0_T12","c_V1","Diff",319225.612833333,1915353.677,NA,NA,"VPCL_AR_DIFF"
"NJ2020",7,1,"T0_T12","c_V1","Diff",0,0,0,NA,"VPCL_AR_DIFF_SE"
"NJ2020",7,1,"T0_T12","c_V1","Diff",319225.612833334,1915353.677,NA,NA,"VPCL_AR_DIFF_LMER"
"NJ2020",7,1,"T0_T12","c_V1","Diff",351432.920000001,1054298.76,344961.083107946,NA,"VPCL_AR_DIFF_LMER_SE"
"NJ2020",1,1,"T0_T17","c_V2","Diff",1673.03032020201,28441.5154434341,8204.90687653251,NA,"LM_ALLPOINTS"
"NJ2020",1,1,"T0_T17","c_V2","Diff",1673.03032020202,28441.5154434345,2837.93257246482,NA,"LM_SR_AVG"
"NJ2020",1,1,"T0_T17","c_V2","Diff",1673.03032020199,28441.515443434,9477.02622783983,NA,"LM_AR"
"NJ2020",1,1,"T0_T17","c_V2","Diff",1673.03032020201,28441.5154434342,7231.153127604,0.0260670316036068,"LM_AR_DIFF"
"NJ2020",1,1,"T0_T17","c_V2","Diff",1673.03032020213,28441.5154434362,7231.15312760403,0.02606703160361,"LM_AR_DIFF_LMER"
"NJ2020",1,1,"T0_T17","c_V2","Diff",1132.15077272728,-40710.6926666667,NA,NA,"VPCL_SR_AVG"
"NJ2020",1,1,"T0_T17","c_V2","Diff",-9213.42822727274,-96097.8179999997,NA,NA,"VPCL_AR"
"NJ2020",1,1,"T0_T17","c_V2","Diff",-10963.3923939394,-120597.316333333,7539.44872613432,NA,"VPCL_AR_SE"
"NJ2020",1,1,"T0_T17","c_V2","Diff",59216.4315555555,177649.294666667,NA,NA,"VPCL_AR_DIFF"
"NJ2020",1,1,"T0_T17","c_V2","Diff",0,0,0,NA,"VPCL_AR_DIFF_SE"
"NJ2020",1,1,"T0_T17","c_V2","Diff",59216.4315555554,177649.294666666,NA,NA,"VPCL_AR_DIFF_LMER"
"NJ2020",1,1,"T0_T17","c_V2","Diff",59216.4315555554,177649.294666666,45103.1490106659,NA,"VPCL_AR_DIFF_LMER_SE"
"NJ2020",2,1,"T0_T6","c_V2","Diff",142580.519777778,855483.118666671,42989.4778442211,NA,"LM_ALLPOINTS"
"NJ2020",2,1,"T0_T6","c_V2","Diff",142580.519777778,855483.118666666,38120.2412186177,NA,"LM_SR_AVG"
"NJ2020",2,1,"T0_T6","c_V2","Diff",142580.519777778,855483.118666668,69203.1675389838,NA,"LM_AR"
"NJ2020",2,1,"T0_T6","c_V2","Diff",142580.519777778,855483.118666668,26798.5686341355,0.965878712995443,"LM_AR_DIFF"
"NJ2020",2,1,"T0_T6","c_V2","Diff",142580.519777778,855483.11866667,26798.5686341351,0.965878712995444,"LM_AR_DIFF_LMER"
"NJ2020",2,1,"T0_T6","c_V2","Diff",15024.6239999999,45073.8719999997,NA,NA,"VPCL_SR_AVG"
"NJ2020",2,1,"T0_T6","c_V2","Diff",0,0,NA,NA,"VPCL_AR"
"NJ2020",2,1,"T0_T6","c_V2","Diff",0,0,0,NA,"VPCL_AR_SE"
"NJ2020",2,1,"T0_T6","c_V2","Diff",142580.519777778,855483.118666667,NA,NA,"VPCL_AR_DIFF"
"NJ2020",2,1,"T0_T6","c_V2","Diff",142580.519777778,855483.118666667,55069.8518184184,NA,"VPCL_AR_DIFF_SE"
"NJ2020",2,1,"T0_T6","c_V2","Diff",142580.519777778,855483.11866667,NA,NA,"VPCL_AR_DIFF_LMER"
"NJ2020",2,1,"T0_T6","c_V2","Diff",142580.519777778,855483.11866667,35204.0628894132,NA,"VPCL_AR_DIFF_LMER_SE"
"NJ2020",3,1,"T0_T12","c_V2","Diff",23514.6439188888,282175.727026666,38947.6338697431,NA,"LM_ALLPOINTS"
"NJ2020",3,1,"T0_T12","c_V2","Diff",23514.6439188889,282175.727026666,57196.3276509211,NA,"LM_SR_AVG"
"NJ2020",3,1,"T0_T12","c_V2","Diff",23514.6439188888,282175.727026666,31110.863898718,NA,"LM_AR"
"NJ2020",3,1,"T0_T12","c_V2","Diff",23514.6439188889,282175.727026666,30019.0306528309,0.169802360791818,"LM_AR_DIFF"
"NJ2020",3,1,"T0_T12","c_V2","Diff",23514.6439188886,282175.727026663,30019.0306528308,0.169802360791816,"LM_AR_DIFF_LMER"
"NJ2020",3,1,"T0_T12","c_V2","Diff",-17993.5021611111,-121706.3843,NA,NA,"VPCL_SR_AVG"
"NJ2020",3,1,"T0_T12","c_V2","Diff",-26372.9814444445,-79118.9443333335,NA,NA,"VPCL_AR"
"NJ2020",3,1,"T0_T12","c_V2","Diff",-26372.9814444445,-79118.9443333335,18475.0401039763,NA,"VPCL_AR_SE"
"NJ2020",3,1,"T0_T12","c_V2","Diff",120324.731277778,721948.387666667,NA,NA,"VPCL_AR_DIFF"
"NJ2020",3,1,"T0_T12","c_V2","Diff",47160.3851111111,141481.155333333,27634.1498227667,NA,"VPCL_AR_DIFF_SE"
"NJ2020",3,1,"T0_T12","c_V2","Diff",120324.731277777,721948.387666663,NA,NA,"VPCL_AR_DIFF_LMER"
"NJ2020",3,1,"T0_T12","c_V2","Diff",0,0,0,NA,"VPCL_AR_DIFF_LMER_SE"
"NJ2020",4,1,"T0_T3","c_V2","Diff",21370.2493333333,64110.748,57223.4230802119,NA,"LM_ALLPOINTS"
"NJ2020",4,1,"T0_T3","c_V2","Diff",21370.2493333336,64110.7480000007,25965.1985508469,NA,"LM_SR_AVG"
"NJ2020",4,1,"T0_T3","c_V2","Diff",21370.2493333335,64110.7480000005,NA,NA,"LM_AR"
"NJ2020",4,1,"T0_T3","c_V2","Diff",21370.2493333333,64110.7479999998,NA,1,"LM_AR_DIFF"
"NJ2020",4,1,"T0_T3","c_V2","Diff",21370.2493333331,64110.7479999992,NA,1,"LM_AR_DIFF_LMER"
"NJ2020",4,1,"T0_T3","c_V2","Diff",11353.1184444445,34059.3553333333,NA,NA,"VPCL_SR_AVG"
"NJ2020",4,1,"T0_T3","c_V2","Diff",0,0,NA,NA,"VPCL_AR"
"NJ2020",4,1,"T0_T3","c_V2","Diff",0,0,0,NA,"VPCL_AR_SE"
"NJ2020",4,1,"T0_T3","c_V2","Diff",21370.2493333333,64110.7479999999,NA,NA,"VPCL_AR_DIFF"
"NJ2020",4,1,"T0_T3","c_V2","Diff",0,0,0,NA,"VPCL_AR_DIFF_SE"
"NJ2020",4,1,"T0_T3","c_V2","Diff",21370.2493333328,64110.7479999985,NA,NA,"VPCL_AR_DIFF_LMER"
"NJ2020",4,1,"T0_T3","c_V2","Diff",0,0,0,NA,"VPCL_AR_DIFF_LMER_SE"
"NJ2020",5,1,"T0_T24","c_V2","Diff",-24108.3362277778,-578600.069466667,13366.0194909865,NA,"LM_ALLPOINTS"
"NJ2020",5,1,"T0_T24","c_V2","Diff",-24108.3362277778,-578600.069466668,7793.64317288426,NA,"LM_SR_AVG"
"NJ2020",5,1,"T0_T24","c_V2","Diff",-24108.3362277777,-578600.069466665,18180.2616894998,NA,"LM_AR"
"NJ2020",5,1,"T0_T24","c_V2","Diff",-24108.3362277778,-578600.069466667,6061.67118225233,0.798162603323764,"LM_AR_DIFF"
"NJ2020",5,1,"T0_T24","c_V2","Diff",-24108.3362277784,-578600.069466681,6061.67118225232,0.798162603323772,"LM_AR_DIFF_LMER"
"NJ2020",5,1,"T0_T24","c_V2","Diff",-26876.6546111111,-268542.414333333,NA,NA,"VPCL_SR_AVG"
"NJ2020",5,1,"T0_T24","c_V2","Diff",-34919.7250555555,-274261.526333333,NA,NA,"VPCL_AR"
"NJ2020",5,1,"T0_T24","c_V2","Diff",-96812.2912222221,-290436.873666666,63968.8293505324,NA,"VPCL_AR_SE"
"NJ2020",5,1,"T0_T24","c_V2","Diff",0,0,NA,NA,"VPCL_AR_DIFF"
"NJ2020",5,1,"T0_T24","c_V2","Diff",0,0,0,NA,"VPCL_AR_DIFF_SE"
"NJ2020",5,1,"T0_T24","c_V2","Diff",0,0,NA,NA,"VPCL_AR_DIFF_LMER"
"NJ2020",5,1,"T0_T24","c_V2","Diff",0,0,0,NA,"VPCL_AR_DIFF_LMER_SE"
"NJ2020",6,1,"T0_T24","c_V2","Diff",-4808.9936888888,-115415.848533333,30111.3937315777,NA,"LM_ALLPOINTS"
"NJ2020",6,1,"T0_T24","c_V2","Diff",-4808.9936888889,-115415.848533333,18328.8459732111,NA,"LM_SR_AVG"
"NJ2020",6,1,"T0_T24","c_V2","Diff",-4808.9936888889,-115415.848533334,32403.3761613396,NA,"LM_AR"
"NJ2020",6,1,"T0_T24","c_V2","Diff",-4808.99368888889,-115415.848533333,7331.95914550636,0.0971058086621531,"LM_AR_DIFF"
"NJ2020",6,1,"T0_T24","c_V2","Diff",-4808.99368888916,-115415.84853334,7331.95914550631,0.0971058086621642,"LM_AR_DIFF_LMER"
"NJ2020",6,1,"T0_T24","c_V2","Diff",147250.284022222,-90852.8706666667,NA,NA,"VPCL_SR_AVG"
"NJ2020",6,1,"T0_T24","c_V2","Diff",-24355.5107555556,-365332.661333333,NA,NA,"VPCL_AR"
"NJ2020",6,1,"T0_T24","c_V2","Diff",0,0,0,NA,"VPCL_AR_SE"
"NJ2020",6,1,"T0_T24","c_V2","Diff",51867.4145000001,311204.487000001,NA,NA,"VPCL_AR_DIFF"
"NJ2020",6,1,"T0_T24","c_V2","Diff",0,0,0,NA,"VPCL_AR_DIFF_SE"
"NJ2020",6,1,"T0_T24","c_V2","Diff",51867.4144999998,311204.486999999,NA,NA,"VPCL_AR_DIFF_LMER"
"NJ2020",6,1,"T0_T24","c_V2","Diff",0,0,0,NA,"VPCL_AR_DIFF_LMER_SE"
"NJ2020",7,1,"T0_T12","c_V2","Diff",4956.08819555555,59473.0583466666,4103.79583404038,NA,"LM_ALLPOINTS"
"NJ2020",7,1,"T0_T12","c_V2","Diff",4956.08819555554,59473.0583466665,2552.16164122707,NA,"LM_SR_AVG"
"NJ2020",7,1,"T0_T12","c_V2","Diff",4956.08819555554,59473.0583466666,5531.9641594436,NA,"LM_AR"
"NJ2020",7,1,"T0_T12","c_V2","Diff",4956.08819555556,59473.0583466667,3233.77628071976,0.439133379118393,"LM_AR_DIFF"
"NJ2020",7,1,"T0_T12","c_V2","Diff",4956.08819555562,59473.0583466674,3233.77628071974,0.439133379118403,"LM_AR_DIFF_LMER"
"NJ2020",7,1,"T0_T12","c_V2","Diff",-3822.93011111112,-34558.3771,NA,NA,"VPCL_SR_AVG"
"NJ2020",7,1,"T0_T12","c_V2","Diff",6834.7291472222,-9799.3062000001,NA,NA,"VPCL_AR"
"NJ2020",7,1,"T0_T12","c_V2","Diff",11411.7407222222,34235.2221666666,6605.30506905157,NA,"VPCL_AR_SE"
"NJ2020",7,1,"T0_T12","c_V2","Diff",14321.2732666666,85927.6395999999,NA,NA,"VPCL_AR_DIFF"
"NJ2020",7,1,"T0_T12","c_V2","Diff",25475.9955888889,76427.9867666666,21270.8598814301,NA,"VPCL_AR_DIFF_SE"
"NJ2020",7,1,"T0_T12","c_V2","Diff",14321.2732666666,85927.6395999998,NA,NA,"VPCL_AR_DIFF_LMER"
"NJ2020",7,1,"T0_T12","c_V2","Diff",25475.9955888888,76427.9867666665,16486.908792506,NA,"VPCL_AR_DIFF_LMER_SE"
"NJ2020",1,1,"T0_T17","c_V3","Diff",3962.69459777777,67365.8081622221,5543.71038289717,NA,"LM_ALLPOINTS"
"NJ2020",1,1,"T0_T17","c_V3","Diff",3962.69459777777,67365.8081622221,3661.34740402409,NA,"LM_SR_AVG"
"NJ2020",1,1,"T0_T17","c_V3","Diff",3962.69459777778,67365.8081622221,6639.88954293761,NA,"LM_AR"
"NJ2020",1,1,"T0_T17","c_V3","Diff",3962.69459777778,67365.8081622222,6575.22463840421,0.153694157743495,"LM_AR_DIFF"
"NJ2020",1,1,"T0_T17","c_V3","Diff",3962.69459777779,67365.8081622223,6575.22463840422,0.153694157743495,"LM_AR_DIFF_LMER"
"NJ2020",1,1,"T0_T17","c_V3","Diff",17476.1297545454,17170.5731666667,NA,NA,"VPCL_SR_AVG"
"NJ2020",1,1,"T0_T17","c_V3","Diff",-6858.33508535357,-59048.7034333334,NA,NA,"VPCL_AR"
"NJ2020",1,1,"T0_T17","c_V3","Diff",-6444.63754848485,-70891.0130333334,4846.54210893948,NA,"VPCL_AR_SE"
"NJ2020",1,1,"T0_T17","c_V3","Diff",59383.0037888889,178149.011366667,NA,NA,"VPCL_AR_DIFF"
"NJ2020",1,1,"T0_T17","c_V3","Diff",59383.0037888889,178149.011366667,37558.4776582097,NA,"VPCL_AR_DIFF_SE"
"NJ2020",1,1,"T0_T17","c_V3","Diff",59383.0037888889,178149.011366667,NA,NA,"VPCL_AR_DIFF_LMER"
"NJ2020",1,1,"T0_T17","c_V3","Diff",59383.0037888889,178149.011366667,30398.0181078998,NA,"VPCL_AR_DIFF_LMER_SE"
"NJ2020",2,1,"T0_T6","c_V3","Diff",22422.2541611112,134533.524966667,9616.37989138575,NA,"LM_ALLPOINTS"
"NJ2020",2,1,"T0_T6","c_V3","Diff",22422.2541611111,134533.524966666,14212.3263916913,NA,"LM_SR_AVG"
"NJ2020",2,1,"T0_T6","c_V3","Diff",22422.2541611111,134533.524966667,2052.37356075192,NA,"LM_AR"
"NJ2020",2,1,"T0_T6","c_V3","Diff",22422.2541611111,134533.524966667,2052.37356075192,0.991691343534231,"LM_AR_DIFF"
"NJ2020",2,1,"T0_T6","c_V3","Diff",22422.2541611113,134533.524966668,2052.373560752,0.991691343534231,"LM_AR_DIFF_LMER"
"NJ2020",2,1,"T0_T6","c_V3","Diff",10993.1326722222,39062.716,NA,NA,"VPCL_SR_AVG"
"NJ2020",2,1,"T0_T6","c_V3","Diff",3554.49971111111,10663.4991333333,NA,NA,"VPCL_AR"
"NJ2020",2,1,"T0_T6","c_V3","Diff",0,0,0,NA,"VPCL_AR_SE"
"NJ2020",2,1,"T0_T6","c_V3","Diff",22422.2541611111,134533.524966667,NA,NA,"VPCL_AR_DIFF"
"NJ2020",2,1,"T0_T6","c_V3","Diff",0,0,0,NA,"VPCL_AR_DIFF_SE"
"NJ2020",2,1,"T0_T6","c_V3","Diff",22422.2541611112,134533.524966667,NA,NA,"VPCL_AR_DIFF_LMER"
"NJ2020",2,1,"T0_T6","c_V3","Diff",25977.0694444447,77931.2083333342,21025.2710126222,NA,"VPCL_AR_DIFF_LMER_SE"
"NJ2020",3,1,"T0_T12","c_V3","Diff",-1155.3246855556,-13863.896226667,12097.6528192924,NA,"LM_ALLPOINTS"
"NJ2020",3,1,"T0_T12","c_V3","Diff",-1155.32468555559,-13863.8962266668,14007.3171626235,NA,"LM_SR_AVG"
"NJ2020",3,1,"T0_T12","c_V3","Diff",-1155.3246855556,-13863.896226667,15505.5991082826,NA,"LM_AR"
"NJ2020",3,1,"T0_T12","c_V3","Diff",-1155.32468555556,-13863.8962266667,5603.45630395905,0.0139721758229194,"LM_AR_DIFF"
"NJ2020",3,1,"T0_T12","c_V3","Diff",-1155.32468555542,-13863.8962266651,5603.45630395914,0.0139721758229158,"LM_AR_DIFF_LMER"
"NJ2020",3,1,"T0_T12","c_V3","Diff",7198.78747222223,18718.5360666666,NA,NA,"VPCL_SR_AVG"
"NJ2020",3,1,"T0_T12","c_V3","Diff",18997.0314000001,113982.1884,NA,NA,"VPCL_AR"
"NJ2020",3,1,"T0_T12","c_V3","Diff",12346.5304277779,141090.320166667,39472.7391895087,NA,"VPCL_AR_SE"
"NJ2020",3,1,"T0_T12","c_V3","Diff",40144.6226444445,120433.867933333,NA,NA,"VPCL_AR_DIFF"
"NJ2020",3,1,"T0_T12","c_V3","Diff",0,0,0,NA,"VPCL_AR_DIFF_SE"
"NJ2020",3,1,"T0_T12","c_V3","Diff",40144.6226444452,120433.867933336,NA,NA,"VPCL_AR_DIFF_LMER"
"NJ2020",3,1,"T0_T12","c_V3","Diff",0,0,0,NA,"VPCL_AR_DIFF_LMER_SE"
"NJ2020",4,1,"T0_T3","c_V3","Diff",18278.4991777779,54835.4975333336,19735.5959183948,NA,"LM_ALLPOINTS"
"NJ2020",4,1,"T0_T3","c_V3","Diff",18278.4991777779,54835.4975333336,21028.1857673879,NA,"LM_SR_AVG"
"NJ2020",4,1,"T0_T3","c_V3","Diff",18278.4991777779,54835.4975333335,NA,NA,"LM_AR"
"NJ2020",4,1,"T0_T3","c_V3","Diff",18278.4991777779,54835.4975333336,NA,1,"LM_AR_DIFF"
"NJ2020",4,1,"T0_T3","c_V3","Diff",18278.4991777781,54835.4975333342,NA,1,"LM_AR_DIFF_LMER"
"NJ2020",4,1,"T0_T3","c_V3","Diff",5419.829,16259.487,NA,NA,"VPCL_SR_AVG"
"NJ2020",4,1,"T0_T3","c_V3","Diff",0,0,NA,NA,"VPCL_AR"
"NJ2020",4,1,"T0_T3","c_V3","Diff",0,0,0,NA,"VPCL_AR_SE"
"NJ2020",4,1,"T0_T3","c_V3","Diff",18278.4991777778,54835.4975333335,NA,NA,"VPCL_AR_DIFF"
"NJ2020",4,1,"T0_T3","c_V3","Diff",0,0,0,NA,"VPCL_AR_DIFF_SE"
"NJ2020",4,1,"T0_T3","c_V3","Diff",18278.4991777781,54835.4975333342,NA,NA,"VPCL_AR_DIFF_LMER"
"NJ2020",4,1,"T0_T3","c_V3","Diff",0,0,0,NA,"VPCL_AR_DIFF_LMER_SE"
"NJ2020",5,1,"T0_T24","c_V3","Diff",-1624.89829194445,-38997.5590066666,2006.96722778414,NA,"LM_ALLPOINTS"
"NJ2020",5,1,"T0_T24","c_V3","Diff",-1624.89829194445,-38997.5590066666,1585.70833770685,NA,"LM_SR_AVG"
"NJ2020",5,1,"T0_T24","c_V3","Diff",-1624.89829194445,-38997.5590066668,2122.54146727265,NA,"LM_AR"
"NJ2020",5,1,"T0_T24","c_V3","Diff",-1624.89829194445,-38997.5590066668,541.651500521338,0.692292954648068,"LM_AR_DIFF"
"NJ2020",5,1,"T0_T24","c_V3","Diff",-1624.89829194443,-38997.5590066662,541.651500521344,0.692292954648057,"LM_AR_DIFF_LMER"
"NJ2020",5,1,"T0_T24","c_V3","Diff",-6977.94845416668,-4111.82000000007,NA,NA,"VPCL_SR_AVG"
"NJ2020",5,1,"T0_T24","c_V3","Diff",283.149791666659,-29118.4152,NA,NA,"VPCL_AR"
"NJ2020",5,1,"T0_T24","c_V3","Diff",-4255.8077666667,-12767.4233000001,14541.2320025635,NA,"VPCL_AR_SE"
"NJ2020",5,1,"T0_T24","c_V3","Diff",6803.36054444445,20410.0816333333,NA,NA,"VPCL_AR_DIFF"
"NJ2020",5,1,"T0_T24","c_V3","Diff",0,0,0,NA,"VPCL_AR_DIFF_SE"
"NJ2020",5,1,"T0_T24","c_V3","Diff",6803.36054444448,20410.0816333334,NA,NA,"VPCL_AR_DIFF_LMER"
"NJ2020",5,1,"T0_T24","c_V3","Diff",0,0,0,NA,"VPCL_AR_DIFF_LMER_SE"
"NJ2020",6,1,"T0_T24","c_V3","Diff",-2878.98232861111,-69095.5758866666,6895.52752237377,NA,"LM_ALLPOINTS"
"NJ2020",6,1,"T0_T24","c_V3","Diff",-2878.98232861111,-69095.5758866667,5513.0116807015,NA,"LM_SR_AVG"
"NJ2020",6,1,"T0_T24","c_V3","Diff",-2878.98232861111,-69095.5758866665,8443.81800931008,NA,"LM_AR"
"NJ2020",6,1,"T0_T24","c_V3","Diff",-2878.98232861111,-69095.5758866667,2906.23265996939,0.197002392413145,"LM_AR_DIFF"
"NJ2020",6,1,"T0_T24","c_V3","Diff",-2878.9823286111,-69095.5758866664,2906.23265996939,0.197002392413144,"LM_AR_DIFF_LMER"
"NJ2020",6,1,"T0_T24","c_V3","Diff",-15689.3526092592,-83187.6631333333,NA,NA,"VPCL_SR_AVG"
"NJ2020",6,1,"T0_T24","c_V3","Diff",-5715.35837444447,-27772.942033334,NA,NA,"VPCL_AR"
"NJ2020",6,1,"T0_T24","c_V3","Diff",8269.23905833333,99230.8687,6850.50731693604,NA,"VPCL_AR_SE"
"NJ2020",6,1,"T0_T24","c_V3","Diff",13105.9990490741,160429.869566667,NA,NA,"VPCL_AR_DIFF"
"NJ2020",6,1,"T0_T24","c_V3","Diff",0,0,0,NA,"VPCL_AR_DIFF_SE"
"NJ2020",6,1,"T0_T24","c_V3","Diff",13105.9990490741,160429.869566667,NA,NA,"VPCL_AR_DIFF_LMER"
"NJ2020",6,1,"T0_T24","c_V3","Diff",0,0,0,NA,"VPCL_AR_DIFF_LMER_SE"
"NJ2020",7,1,"T0_T12","c_V3","Diff",2082.92184888889,24995.0621866668,2254.40538774166,NA,"LM_ALLPOINTS"
"NJ2020",7,1,"T0_T12","c_V3","Diff",2082.92184888889,24995.0621866666,2241.2240983298,NA,"LM_SR_AVG"
"NJ2020",7,1,"T0_T12","c_V3","Diff",2082.92184888888,24995.0621866667,1756.88804814307,NA,"LM_AR"
"NJ2020",7,1,"T0_T12","c_V3","Diff",2082.92184888889,24995.0621866667,1649.36518306408,0.347091184482542,"LM_AR_DIFF"
"NJ2020",7,1,"T0_T12","c_V3","Diff",2082.92184888898,24995.0621866678,1649.36518306406,0.347091184482568,"LM_AR_DIFF_LMER"
"NJ2020",7,1,"T0_T12","c_V3","Diff",3036.81051111111,18220.8630666667,NA,NA,"VPCL_SR_AVG"
"NJ2020",7,1,"T0_T12","c_V3","Diff",-785.89184166667,-685.405499999999,NA,NA,"VPCL_AR"
"NJ2020",7,1,"T0_T12","c_V3","Diff",0,0,0,NA,"VPCL_AR_SE"
"NJ2020",7,1,"T0_T12","c_V3","Diff",3570.65984722222,42311.124,NA,NA,"VPCL_AR_DIFF"
"NJ2020",7,1,"T0_T12","c_V3","Diff",12685.9670888889,38057.9012666667,7160.15954058952,NA,"VPCL_AR_DIFF_SE"
"NJ2020",7,1,"T0_T12","c_V3","Diff",3570.65984722245,42311.1240000014,NA,NA,"VPCL_AR_DIFF_LMER"
"NJ2020",7,1,"T0_T12","c_V3","Diff",12685.9670888889,38057.9012666668,10503.629997804,NA,"VPCL_AR_DIFF_LMER_SE"
