"Location","Station_Number","Depth","Time_Range","Population","Sample_Type","VP","abs_VP","VP_SE","VP_R_Squared","VP_Type"
"NJ2020","1","1","T0_T3","c_Viruses","VP",-82274.3425728505,-246823.027718551,61743.0079542815,0.307435252473028,"LM_AP"
"NJ2020","1","1","T0_T6","c_Viruses","VP",-676616.915422885,-4059701.49253731,136624.36158298,0.777962116671153,"LM_AP"
"NJ2020","1","1","T0_T17","c_Viruses","VP",-127981.908638625,-2175692.44685663,71588.5536780142,0.242195964382434,"LM_AP"
"NJ2020","1","1","T0_T20","c_Viruses","VP",9892.29253621603,197845.850724321,61879.574381784,0.0019620179807618,"LM_AP"
"NJ2020","1","1","T0_T24","c_Viruses","VP",67939.6069843835,1630550.5676252,50963.1322182125,0.0999702376783343,"LM_AP"
"NJ2020","1","1","T0_T17","c_Viruses","VP",-127981.908638625,-2175692.44685662,1616.01997786879,0.249864136981767,"LM_SR_AVG"
"NJ2020","1","1","T0_T20","c_Viruses","VP",9892.29253621604,197845.850724321,16011.4121856008,0.0118626794877893,"LM_SR_AVG"
"NJ2020","1","1","T0_T24","c_Viruses","VP",67939.6069843833,1630550.5676252,19473.4814869953,0.110600660729972,"LM_SR_AVG"
"NJ2020","1","1","T0_T3","c_Viruses","VP",-82274.3425728496,-246823.027718548,59435.233930115,1,"LM_SR_AVG"
"NJ2020","1","1","T0_T6","c_Viruses","VP",-676616.915422886,-4059701.49253732,52650.6391201229,0.790878039279474,"LM_SR_AVG"
"NJ2020","1","1","T0_T3","c_Viruses","VP",-82274.3425728493,-246823.027718548,NA,1,"LM_AR"
"NJ2020","1","1","T0_T6","c_Viruses","VP",-676616.915422885,-4059701.49253731,343143.844425822,0.795419979137091,"LM_AR"
"NJ2020","1","1","T0_T17","c_Viruses","VP",-127981.908638625,-2175692.44685662,157642.620600874,0.247865201992371,"LM_AR"
"NJ2020","1","1","T0_T20","c_Viruses","VP",9892.29253621616,197845.850724323,126357.933243145,0.00203883116021583,"LM_AR"
"NJ2020","1","1","T0_T24","c_Viruses","VP",67939.6069843833,1630550.5676252,94754.4188036004,0.113887483332996,"LM_AR"
"NJ2020","1","1","T0_T3","c_Viruses","VP",-82274.3425728493,-246823.027718548,NA,1,"LM_AR_DIFF"
"NJ2020","1","1","T0_T6","c_Viruses","VP",-676616.915422885,-4059701.49253731,343143.844425822,0.795419979137091,"LM_AR_DIFF"
"NJ2020","1","1","T0_T17","c_Viruses","VP",-127981.908638625,-2175692.44685662,157642.620600874,0.247865201992371,"LM_AR_DIFF"
"NJ2020","1","1","T0_T20","c_Viruses","VP",9892.29253621616,197845.850724323,126357.933243145,0.00203883116021583,"LM_AR_DIFF"
"NJ2020","1","1","T0_T24","c_Viruses","VP",67939.6069843833,1630550.5676252,94754.4188036004,0.113887483332996,"LM_AR_DIFF"
"NJ2020","1","1","T0_T3","c_Viruses","VP",-82274.3425728519,-246823.027718556,NA,1,"LM_AR_DIFF_LMER"
"NJ2020","1","1","T0_T6","c_Viruses","VP",-676616.915422883,-4059701.4925373,343143.844425824,0.795419979137088,"LM_AR_DIFF_LMER"
"NJ2020","1","1","T0_T17","c_Viruses","VP",-127981.908638625,-2175692.44685663,157642.620600874,0.247865201992372,"LM_AR_DIFF_LMER"
"NJ2020","1","1","T0_T20","c_Viruses","VP",9892.29253621598,197845.85072432,126357.933243145,0.00203883116021579,"LM_AR_DIFF_LMER"
"NJ2020","1","1","T0_T24","c_Viruses","VP",67939.606984384,1630550.56762522,94754.4188036003,0.113887483332998,"LM_AR_DIFF_LMER"
"NJ2020","1","1","T0_T17","c_Viruses","VP",144265.684564192,1804861.40724947,34166.8434454992,NA,"VPCL_SR_AVG"
"NJ2020","1","1","T0_T20","c_Viruses","VP",275365.011676313,4683240.93816632,42960.5282938507,NA,"VPCL_SR_AVG"
"NJ2020","1","1","T0_T24","c_Viruses","VP",313889.396554642,5739786.78038381,56681.7468120107,NA,"VPCL_SR_AVG"
"NJ2020","1","1","T0_T3","c_Viruses","VP",10632.5515280745,31897.6545842234,10632.5515280745,NA,"VPCL_SR_AVG"
"NJ2020","1","1","T0_T6","c_Viruses","VP",10632.5515280745,31897.6545842234,10632.5515280745,NA,"VPCL_SR_AVG"
"NJ2020","1","1","T0_T3","c_Viruses","VP",0,0,NA,NA,"VPCL_AR"
"NJ2020","1","1","T0_T6","c_Viruses","VP",0,0,NA,NA,"VPCL_AR"
"NJ2020","1","1","T0_T17","c_Viruses","VP",161178.522969568,1772963.75266524,NA,NA,"VPCL_AR"
"NJ2020","1","1","T0_T20","c_Viruses","VP",332238.80597015,4651343.28358209,NA,NA,"VPCL_AR"
"NJ2020","1","1","T0_T24","c_Viruses","VP",295981.994787965,5327675.90618337,NA,NA,"VPCL_AR"
"NJ2020","1","1","T0_T3","c_Viruses","VP",0,0,0,NA,"VPCL_AR_SE"
"NJ2020","1","1","T0_T6","c_Viruses","VP",0,0,0,NA,"VPCL_AR_SE"
"NJ2020","1","1","T0_T17","c_Viruses","VP",161178.522969568,1772963.75266524,35715.4283142059,NA,"VPCL_AR_SE"
"NJ2020","1","1","T0_T20","c_Viruses","VP",332238.80597015,4651343.28358209,49406.936540582,NA,"VPCL_AR_SE"
"NJ2020","1","1","T0_T24","c_Viruses","VP",332238.80597015,4651343.28358209,49406.936540582,NA,"VPCL_AR_SE"
"NJ2020","1","1","T0_T3","c_Viruses","VP",0,0,NA,NA,"VPCL_AR_DIFF"
"NJ2020","1","1","T0_T6","c_Viruses","VP",0,0,NA,NA,"VPCL_AR_DIFF"
"NJ2020","1","1","T0_T17","c_Viruses","VP",161178.522969568,1772963.75266524,NA,NA,"VPCL_AR_DIFF"
"NJ2020","1","1","T0_T20","c_Viruses","VP",332238.80597015,4651343.28358209,NA,NA,"VPCL_AR_DIFF"
"NJ2020","1","1","T0_T24","c_Viruses","VP",295981.994787965,5327675.90618337,NA,NA,"VPCL_AR_DIFF"
"NJ2020","1","1","T0_T3","c_Viruses","VP",0,0,0,NA,"VPCL_AR_DIFF_SE"
"NJ2020","1","1","T0_T6","c_Viruses","VP",0,0,0,NA,"VPCL_AR_DIFF_SE"
"NJ2020","1","1","T0_T17","c_Viruses","VP",161178.522969568,1772963.75266524,35715.4283142059,NA,"VPCL_AR_DIFF_SE"
"NJ2020","1","1","T0_T20","c_Viruses","VP",332238.80597015,4651343.28358209,49406.936540582,NA,"VPCL_AR_DIFF_SE"
"NJ2020","1","1","T0_T24","c_Viruses","VP",332238.80597015,4651343.28358209,49406.936540582,NA,"VPCL_AR_DIFF_SE"
"NJ2020","1","1","T0_T3","c_Viruses","VP",0,0,NA,NA,"VPCL_AR_DIFF_LMER"
"NJ2020","1","1","T0_T6","c_Viruses","VP",0,0,NA,NA,"VPCL_AR_DIFF_LMER"
"NJ2020","1","1","T0_T17","c_Viruses","VP",161178.522969568,1772963.75266524,NA,NA,"VPCL_AR_DIFF_LMER"
"NJ2020","1","1","T0_T20","c_Viruses","VP",332238.80597015,4651343.2835821,NA,NA,"VPCL_AR_DIFF_LMER"
"NJ2020","1","1","T0_T24","c_Viruses","VP",295981.994787965,5327675.90618338,NA,NA,"VPCL_AR_DIFF_LMER"
"NJ2020","1","1","T0_T3","c_Viruses","VP",0,0,0,NA,"VPCL_AR_DIFF_LMER_SE"
"NJ2020","1","1","T0_T6","c_Viruses","VP",0,0,0,NA,"VPCL_AR_DIFF_LMER_SE"
"NJ2020","1","1","T0_T17","c_Viruses","VP",161178.522969568,1772963.75266524,45102.9817588108,NA,"VPCL_AR_DIFF_LMER_SE"
"NJ2020","1","1","T0_T20","c_Viruses","VP",332238.80597015,4651343.2835821,37382.3986102092,NA,"VPCL_AR_DIFF_LMER_SE"
"NJ2020","1","1","T0_T24","c_Viruses","VP",332238.80597015,4651343.2835821,55093.5979763114,NA,"VPCL_AR_DIFF_LMER_SE"
"NJ2020","1","1","T0_T3","c_V1","VP",-91978.6000682125,-275935.800204637,64550.1487608075,0.33669279298342,"LM_AP"
"NJ2020","1","1","T0_T6","c_V1","VP",-516595.629728869,-3099573.77837322,100139.520213739,0.791745953272385,"LM_AP"
"NJ2020","1","1","T0_T17","c_V1","VP",-88571.2349202272,-1505710.99364386,55073.7447682467,0.205491827165915,"LM_AP"
"NJ2020","1","1","T0_T20","c_V1","VP",14236.1993133579,284723.986267157,47131.6355674896,0.0069691926071281,"LM_AP"
"NJ2020","1","1","T0_T24","c_V1","VP",56932.7899915126,1366386.9597963,39344.3443963379,0.115725113753821,"LM_AP"
"NJ2020","1","1","T0_T17","c_V1","VP",-88571.2349202271,-1505710.99364386,1412.41545483591,0.21708730922444,"LM_SR_AVG"
"NJ2020","1","1","T0_T20","c_V1","VP",14236.1993133578,284723.986267157,14170.1724674566,0.018824064653502,"LM_SR_AVG"
"NJ2020","1","1","T0_T24","c_V1","VP",56932.7899915126,1366386.9597963,16373.190543939,0.128082022547356,"LM_SR_AVG"
"NJ2020","1","1","T0_T3","c_V1","VP",-91978.6000682122,-275935.800204636,38210.3353970041,1,"LM_SR_AVG"
"NJ2020","1","1","T0_T6","c_V1","VP",-516595.62972887,-3099573.77837322,39101.2306189699,0.812468685268785,"LM_SR_AVG"
"NJ2020","1","1","T0_T3","c_V1","VP",-91978.6000682117,-275935.800204635,NA,1,"LM_AR"
"NJ2020","1","1","T0_T6","c_V1","VP",-516595.62972887,-3099573.77837322,245152.756377079,0.816191989752507,"LM_AR"
"NJ2020","1","1","T0_T17","c_V1","VP",-88571.2349202271,-1505710.99364386,120394.353711286,0.212976183282041,"LM_AR"
"NJ2020","1","1","T0_T20","c_V1","VP",14236.1993133577,284723.986267154,95483.7710902718,0.00735531976944298,"LM_AR"
"NJ2020","1","1","T0_T24","c_V1","VP",56932.7899915126,1366386.9597963,71301.1914381678,0.137480278339725,"LM_AR"
"NJ2020","1","1","T0_T3","c_V1","VP",-91978.6000682117,-275935.800204635,NA,1,"LM_AR_DIFF"
"NJ2020","1","1","T0_T6","c_V1","VP",-516595.62972887,-3099573.77837322,245152.756377079,0.816191989752507,"LM_AR_DIFF"
"NJ2020","1","1","T0_T17","c_V1","VP",-88571.2349202271,-1505710.99364386,120394.353711286,0.212976183282041,"LM_AR_DIFF"
"NJ2020","1","1","T0_T20","c_V1","VP",14236.1993133577,284723.986267154,95483.7710902718,0.00735531976944298,"LM_AR_DIFF"
"NJ2020","1","1","T0_T24","c_V1","VP",56932.7899915126,1366386.9597963,71301.1914381678,0.137480278339725,"LM_AR_DIFF"
"NJ2020","1","1","T0_T3","c_V1","VP",-91978.6000682125,-275935.800204638,NA,1,"LM_AR_DIFF_LMER"
"NJ2020","1","1","T0_T6","c_V1","VP",-516595.629728869,-3099573.77837322,245152.75637708,0.816191989752506,"LM_AR_DIFF_LMER"
"NJ2020","1","1","T0_T17","c_V1","VP",-88571.2349202273,-1505710.99364386,120394.353711286,0.212976183282041,"LM_AR_DIFF_LMER"
"NJ2020","1","1","T0_T20","c_V1","VP",14236.1993133577,284723.986267153,95483.7710902718,0.00735531976944283,"LM_AR_DIFF_LMER"
"NJ2020","1","1","T0_T24","c_V1","VP",56932.7899915121,1366386.95979629,71301.191438168,0.137480278339723,"LM_AR_DIFF_LMER"
"NJ2020","1","1","T0_T17","c_V1","VP",133469.339577303,1468162.73535033,18725.6240176723,NA,"VPCL_SR_AVG"
"NJ2020","1","1","T0_T20","c_V1","VP",257907.246273398,3610701.44782758,26928.7797395058,NA,"VPCL_SR_AVG"
"NJ2020","1","1","T0_T24","c_V1","VP",292548.283466256,4509269.46744445,11681.7201741838,NA,"VPCL_SR_AVG"
"NJ2020","1","1","T0_T3","c_V1","VP",0,0,0,NA,"VPCL_SR_AVG"
"NJ2020","1","1","T0_T6","c_V1","VP",0,0,0,NA,"VPCL_SR_AVG"
"NJ2020","1","1","T0_T3","c_V1","VP",0,0,NA,NA,"VPCL_AR"
"NJ2020","1","1","T0_T6","c_V1","VP",0,0,NA,NA,"VPCL_AR"
"NJ2020","1","1","T0_T17","c_V1","VP",133469.339577303,1468162.73535033,NA,NA,"VPCL_AR"
"NJ2020","1","1","T0_T20","c_V1","VP",257907.246273398,3610701.44782758,NA,NA,"VPCL_AR"
"NJ2020","1","1","T0_T24","c_V1","VP",228831.920272657,4118974.56490783,NA,NA,"VPCL_AR"
"NJ2020","1","1","T0_T3","c_V1","VP",0,0,0,NA,"VPCL_AR_SE"
"NJ2020","1","1","T0_T6","c_V1","VP",0,0,0,NA,"VPCL_AR_SE"
"NJ2020","1","1","T0_T17","c_V1","VP",133469.339577303,1468162.73535033,33798.0896298784,NA,"VPCL_AR_SE"
"NJ2020","1","1","T0_T20","c_V1","VP",257907.246273398,3610701.44782758,41910.6161647124,NA,"VPCL_AR_SE"
"NJ2020","1","1","T0_T24","c_V1","VP",257907.246273398,3610701.44782758,41910.6161647124,NA,"VPCL_AR_SE"
"NJ2020","1","1","T0_T3","c_V1","VP",0,0,NA,NA,"VPCL_AR_DIFF"
"NJ2020","1","1","T0_T6","c_V1","VP",0,0,NA,NA,"VPCL_AR_DIFF"
"NJ2020","1","1","T0_T17","c_V1","VP",133469.339577303,1468162.73535033,NA,NA,"VPCL_AR_DIFF"
"NJ2020","1","1","T0_T20","c_V1","VP",257907.246273398,3610701.44782758,NA,NA,"VPCL_AR_DIFF"
"NJ2020","1","1","T0_T24","c_V1","VP",228831.920272657,4118974.56490783,NA,NA,"VPCL_AR_DIFF"
"NJ2020","1","1","T0_T3","c_V1","VP",0,0,0,NA,"VPCL_AR_DIFF_SE"
"NJ2020","1","1","T0_T6","c_V1","VP",0,0,0,NA,"VPCL_AR_DIFF_SE"
"NJ2020","1","1","T0_T17","c_V1","VP",133469.339577303,1468162.73535033,33798.0896298784,NA,"VPCL_AR_DIFF_SE"
"NJ2020","1","1","T0_T20","c_V1","VP",257907.246273398,3610701.44782758,41910.6161647124,NA,"VPCL_AR_DIFF_SE"
"NJ2020","1","1","T0_T24","c_V1","VP",257907.246273398,3610701.44782758,41910.6161647124,NA,"VPCL_AR_DIFF_SE"
"NJ2020","1","1","T0_T3","c_V1","VP",0,0,NA,NA,"VPCL_AR_DIFF_LMER"
"NJ2020","1","1","T0_T6","c_V1","VP",0,0,NA,NA,"VPCL_AR_DIFF_LMER"
"NJ2020","1","1","T0_T17","c_V1","VP",133469.339577303,1468162.73535033,NA,NA,"VPCL_AR_DIFF_LMER"
"NJ2020","1","1","T0_T20","c_V1","VP",257907.246273398,3610701.44782758,NA,NA,"VPCL_AR_DIFF_LMER"
"NJ2020","1","1","T0_T24","c_V1","VP",228831.920272657,4118974.56490783,NA,NA,"VPCL_AR_DIFF_LMER"
"NJ2020","1","1","T0_T3","c_V1","VP",0,0,0,NA,"VPCL_AR_DIFF_LMER_SE"
"NJ2020","1","1","T0_T6","c_V1","VP",0,0,0,NA,"VPCL_AR_DIFF_LMER_SE"
"NJ2020","1","1","T0_T17","c_V1","VP",133469.339577303,1468162.73535033,37260.524726182,NA,"VPCL_AR_DIFF_LMER_SE"
"NJ2020","1","1","T0_T20","c_V1","VP",257907.246273398,3610701.44782758,31320.4503629262,NA,"VPCL_AR_DIFF_LMER_SE"
"NJ2020","1","1","T0_T24","c_V1","VP",257907.246273398,3610701.44782758,47721.4384668604,NA,"VPCL_AR_DIFF_LMER_SE"
"NJ2020","1","1","T0_T3","c_V2","VP",-5629.69688591125,-16889.0906577338,15099.2797088243,0.03358618695511,"LM_AP"
"NJ2020","1","1","T0_T6","c_V2","VP",-103574.989834223,-621449.939005339,22597.3388346394,0.750075938167149,"LM_AP"
"NJ2020","1","1","T0_T17","c_V2","VP",-23831.1994184227,-405130.390113186,10877.407917506,0.32432418977704,"LM_AP"
"NJ2020","1","1","T0_T20","c_V2","VP",-742.544646047556,-14850.8929209511,9752.54550734269,0.000445730340771205,"LM_AP"
"NJ2020","1","1","T0_T24","c_V2","VP",10105.5027479126,242532.065949903,8024.20960592195,0.0901869120200778,"LM_AP"
"NJ2020","1","1","T0_T17","c_V2","VP",-23831.1994184227,-405130.390113186,1813.22568242493,0.335064454281084,"LM_SR_AVG"
"NJ2020","1","1","T0_T20","c_V2","VP",-742.544646047557,-14850.8929209511,1303.30561323001,0.00345968601790351,"LM_SR_AVG"
"NJ2020","1","1","T0_T24","c_V2","VP",10105.5027479126,242532.065949903,2181.74144695644,0.0938585968315327,"LM_SR_AVG"
"NJ2020","1","1","T0_T3","c_V2","VP",-5629.696885911,-16889.090657733,18342.1153223872,1,"LM_SR_AVG"
"NJ2020","1","1","T0_T6","c_V2","VP",-103574.989834223,-621449.939005339,6498.39555492951,0.764166981922405,"LM_SR_AVG"
"NJ2020","1","1","T0_T3","c_V2","VP",-5629.696885911,-16889.090657733,NA,1,"LM_AR"
"NJ2020","1","1","T0_T6","c_V2","VP",-103574.989834223,-621449.939005339,56548.7412495647,0.770367221269647,"LM_AR"
"NJ2020","1","1","T0_T17","c_V2","VP",-23831.1994184227,-405130.390113185,23743.5091277154,0.33497375450781,"LM_AR"
"NJ2020","1","1","T0_T20","c_V2","VP",-742.544646047565,-14850.8929209513,20015.5551471357,0.000458552868475246,"LM_AR"
"NJ2020","1","1","T0_T24","c_V2","VP",10105.5027479126,242532.065949902,15472.1581048752,0.0963705715037143,"LM_AR"
"NJ2020","1","1","T0_T3","c_V2","VP",-5629.696885911,-16889.090657733,NA,1,"LM_AR_DIFF"
"NJ2020","1","1","T0_T6","c_V2","VP",-103574.989834223,-621449.939005339,56548.7412495647,0.770367221269647,"LM_AR_DIFF"
"NJ2020","1","1","T0_T17","c_V2","VP",-23831.1994184227,-405130.390113185,23743.5091277154,0.33497375450781,"LM_AR_DIFF"
"NJ2020","1","1","T0_T20","c_V2","VP",-742.544646047565,-14850.8929209513,20015.5551471357,0.000458552868475246,"LM_AR_DIFF"
"NJ2020","1","1","T0_T24","c_V2","VP",10105.5027479126,242532.065949902,15472.1581048752,0.0963705715037143,"LM_AR_DIFF"
"NJ2020","1","1","T0_T3","c_V2","VP",-5629.69688591079,-16889.0906577324,NA,1,"LM_AR_DIFF_LMER"
"NJ2020","1","1","T0_T6","c_V2","VP",-103574.989834223,-621449.939005338,56548.7412495648,0.770367221269645,"LM_AR_DIFF_LMER"
"NJ2020","1","1","T0_T17","c_V2","VP",-23831.1994184227,-405130.390113186,23743.5091277154,0.33497375450781,"LM_AR_DIFF_LMER"
"NJ2020","1","1","T0_T20","c_V2","VP",-742.54464604756,-14850.8929209512,20015.5551471357,0.000458552868475237,"LM_AR_DIFF_LMER"
"NJ2020","1","1","T0_T24","c_V2","VP",10105.5027479126,242532.065949902,15472.1581048752,0.0963705715037139,"LM_AR_DIFF_LMER"
"NJ2020","1","1","T0_T17","c_V2","VP",20742.3516066321,242476.098465148,4234.21118714023,NA,"VPCL_SR_AVG"
"NJ2020","1","1","T0_T20","c_V2","VP",46738.1044920961,732894.945902519,3616.82870184631,NA,"VPCL_SR_AVG"
"NJ2020","1","1","T0_T24","c_V2","VP",45352.6336058008,881651.993636594,6228.99809282022,NA,"VPCL_SR_AVG"
"NJ2020","1","1","T0_T3","c_V2","VP",10246.3290530945,30738.9871592834,10246.3290530945,NA,"VPCL_SR_AVG"
"NJ2020","1","1","T0_T6","c_V2","VP",10246.3290530945,30738.9871592834,10246.3290530945,NA,"VPCL_SR_AVG"
"NJ2020","1","1","T0_T3","c_V2","VP",0,0,NA,NA,"VPCL_AR"
"NJ2020","1","1","T0_T6","c_V2","VP",0,0,NA,NA,"VPCL_AR"
"NJ2020","1","1","T0_T17","c_V2","VP",19248.8283005332,211737.111305865,NA,NA,"VPCL_AR"
"NJ2020","1","1","T0_T20","c_V2","VP",50153.9970530882,702155.958743235,NA,NA,"VPCL_AR"
"NJ2020","1","1","T0_T24","c_V2","VP",47272.9448042951,850913.006477312,NA,NA,"VPCL_AR"
"NJ2020","1","1","T0_T3","c_V2","VP",0,0,0,NA,"VPCL_AR_SE"
"NJ2020","1","1","T0_T6","c_V2","VP",0,0,0,NA,"VPCL_AR_SE"
"NJ2020","1","1","T0_T17","c_V2","VP",19248.8283005332,211737.111305865,6478.42784595703,NA,"VPCL_AR_SE"
"NJ2020","1","1","T0_T20","c_V2","VP",50153.9970530882,702155.958743235,4611.35471672108,NA,"VPCL_AR_SE"
"NJ2020","1","1","T0_T24","c_V2","VP",47272.9448042951,850913.006477312,8255.42855039378,NA,"VPCL_AR_SE"
"NJ2020","1","1","T0_T3","c_V2","VP",0,0,NA,NA,"VPCL_AR_DIFF"
"NJ2020","1","1","T0_T6","c_V2","VP",0,0,NA,NA,"VPCL_AR_DIFF"
"NJ2020","1","1","T0_T17","c_V2","VP",19248.8283005332,211737.111305865,NA,NA,"VPCL_AR_DIFF"
"NJ2020","1","1","T0_T20","c_V2","VP",50153.9970530882,702155.958743235,NA,NA,"VPCL_AR_DIFF"
"NJ2020","1","1","T0_T24","c_V2","VP",47272.9448042951,850913.006477312,NA,NA,"VPCL_AR_DIFF"
"NJ2020","1","1","T0_T3","c_V2","VP",0,0,0,NA,"VPCL_AR_DIFF_SE"
"NJ2020","1","1","T0_T6","c_V2","VP",0,0,0,NA,"VPCL_AR_DIFF_SE"
"NJ2020","1","1","T0_T17","c_V2","VP",19248.8283005332,211737.111305865,6478.42784595703,NA,"VPCL_AR_DIFF_SE"
"NJ2020","1","1","T0_T20","c_V2","VP",50153.9970530882,702155.958743235,4611.35471672108,NA,"VPCL_AR_DIFF_SE"
"NJ2020","1","1","T0_T24","c_V2","VP",47272.9448042951,850913.006477312,8255.42855039378,NA,"VPCL_AR_DIFF_SE"
"NJ2020","1","1","T0_T3","c_V2","VP",0,0,NA,NA,"VPCL_AR_DIFF_LMER"
"NJ2020","1","1","T0_T6","c_V2","VP",0,0,NA,NA,"VPCL_AR_DIFF_LMER"
"NJ2020","1","1","T0_T17","c_V2","VP",19248.8283005331,211737.111305865,NA,NA,"VPCL_AR_DIFF_LMER"
"NJ2020","1","1","T0_T20","c_V2","VP",50153.9970530882,702155.958743235,NA,NA,"VPCL_AR_DIFF_LMER"
"NJ2020","1","1","T0_T24","c_V2","VP",47272.9448042951,850913.006477311,NA,NA,"VPCL_AR_DIFF_LMER"
"NJ2020","1","1","T0_T3","c_V2","VP",0,0,0,NA,"VPCL_AR_DIFF_LMER_SE"
"NJ2020","1","1","T0_T6","c_V2","VP",0,0,0,NA,"VPCL_AR_DIFF_LMER_SE"
"NJ2020","1","1","T0_T17","c_V2","VP",19248.8283005331,211737.111305865,8769.84140202332,NA,"VPCL_AR_DIFF_LMER_SE"
"NJ2020","1","1","T0_T20","c_V2","VP",50153.9970530882,702155.958743235,6337.57370882039,NA,"VPCL_AR_DIFF_LMER_SE"
"NJ2020","1","1","T0_T24","c_V2","VP",47272.9448042951,850913.006477311,5781.18878313447,NA,"VPCL_AR_DIFF_LMER_SE"
"NJ2020","1","1","T0_T3","c_V3","VP",15333.9543812736,46001.8631438209,13294.2360418052,0.249586982584171,"LM_AP"
"NJ2020","1","1","T0_T6","c_V3","VP",-56446.2958597935,-338677.775158761,16664.8766442213,0.621063002514159,"LM_AP"
"NJ2020","1","1","T0_T17","c_V3","VP",-15579.4742999754,-264851.063099582,6497.15187710273,0.365074943512701,"LM_AP"
"NJ2020","1","1","T0_T20","c_V3","VP",-3601.36213109461,-72027.2426218923,5479.82265986825,0.0321560407833462,"LM_AP"
"NJ2020","1","1","T0_T24","c_V3","VP",901.314244957734,21631.5418789856,4191.30119742932,0.00288191612626951,"LM_AP"
"NJ2020","1","1","T0_T17","c_V3","VP",-15579.4742999754,-264851.063099582,2022.05875688392,0.378261554404754,"LM_SR_AVG"
"NJ2020","1","1","T0_T20","c_V3","VP",-3601.36213109462,-72027.2426218925,1178.72853179745,0.0357332448246678,"LM_SR_AVG"
"NJ2020","1","1","T0_T24","c_V3","VP",901.314244957723,21631.5418789854,1064.3708683448,0.0124021621055141,"LM_SR_AVG"
"NJ2020","1","1","T0_T3","c_V3","VP",15333.9543812737,46001.8631438211,7037.2620459589,1,"LM_SR_AVG"
"NJ2020","1","1","T0_T6","c_V3","VP",-56446.2958597935,-338677.775158761,8779.51022758985,0.635286073072015,"LM_SR_AVG"
"NJ2020","1","1","T0_T3","c_V3","VP",15333.9543812737,46001.8631438211,NA,1,"LM_AR"
"NJ2020","1","1","T0_T6","c_V3","VP",-56446.2958597936,-338677.775158761,41442.3467991788,0.649757372762128,"LM_AR"
"NJ2020","1","1","T0_T17","c_V3","VP",-15579.4742999754,-264851.063099582,13997.5327024809,0.3824881132352,"LM_AR"
"NJ2020","1","1","T0_T20","c_V3","VP",-3601.36213109462,-72027.2426218924,11111.612293899,0.033830731831055,"LM_AR"
"NJ2020","1","1","T0_T24","c_V3","VP",901.314244957727,21631.5418789855,8183.44577586322,0.00302346535923823,"LM_AR"
"NJ2020","1","1","T0_T3","c_V3","VP",15333.9543812737,46001.8631438211,NA,1,"LM_AR_DIFF"
"NJ2020","1","1","T0_T6","c_V3","VP",-56446.2958597936,-338677.775158761,41442.3467991788,0.649757372762128,"LM_AR_DIFF"
"NJ2020","1","1","T0_T17","c_V3","VP",-15579.4742999754,-264851.063099582,13997.5327024809,0.3824881132352,"LM_AR_DIFF"
"NJ2020","1","1","T0_T20","c_V3","VP",-3601.36213109462,-72027.2426218924,11111.612293899,0.033830731831055,"LM_AR_DIFF"
"NJ2020","1","1","T0_T24","c_V3","VP",901.314244957727,21631.5418789855,8183.44577586322,0.00302346535923823,"LM_AR_DIFF"
"NJ2020","1","1","T0_T3","c_V3","VP",15333.9543812738,46001.8631438213,NA,1,"LM_AR_DIFF_LMER"
"NJ2020","1","1","T0_T6","c_V3","VP",-56446.2958597934,-338677.775158761,41442.3467991789,0.649757372762127,"LM_AR_DIFF_LMER"
"NJ2020","1","1","T0_T17","c_V3","VP",-15579.4742999754,-264851.063099581,13997.5327024809,0.382488113235198,"LM_AR_DIFF_LMER"
"NJ2020","1","1","T0_T20","c_V3","VP",-3601.36213109461,-72027.2426218922,11111.612293899,0.033830731831055,"LM_AR_DIFF_LMER"
"NJ2020","1","1","T0_T24","c_V3","VP",901.314244957768,21631.5418789864,8183.44577586321,0.00302346535923854,"LM_AR_DIFF_LMER"
"NJ2020","1","1","T0_T17","c_V3","VP",11897.1547365028,139065.769152872,3037.08818430879,NA,"VPCL_SR_AVG"
"NJ2020","1","1","T0_T20","c_V3","VP",19755.7585124682,384487.740155099,2710.53303271336,NA,"VPCL_SR_AVG"
"NJ2020","1","1","T0_T24","c_V3","VP",19771.5123191439,412046.474932754,2717.06461687779,NA,"VPCL_SR_AVG"
"NJ2020","1","1","T0_T3","c_V3","VP",15333.9543812737,46001.8631438211,7037.26204595892,NA,"VPCL_SR_AVG"
"NJ2020","1","1","T0_T6","c_V3","VP",15333.9543812737,46001.8631438211,7037.26204595892,NA,"VPCL_SR_AVG"
"NJ2020","1","1","T0_T3","c_V3","VP",15333.9543812737,46001.863143821,NA,NA,"VPCL_AR"
"NJ2020","1","1","T0_T6","c_V3","VP",15333.9543812737,46001.863143821,NA,NA,"VPCL_AR"
"NJ2020","1","1","T0_T17","c_V3","VP",11897.1547365028,139065.769152872,NA,NA,"VPCL_AR"
"NJ2020","1","1","T0_T20","c_V3","VP",19755.7585124682,384487.740155099,NA,NA,"VPCL_AR"
"NJ2020","1","1","T0_T24","c_V3","VP",17605.5420461432,403790.197942049,NA,NA,"VPCL_AR"
"NJ2020","1","1","T0_T3","c_V3","VP",0,0,0,NA,"VPCL_AR_SE"
"NJ2020","1","1","T0_T6","c_V3","VP",0,0,0,NA,"VPCL_AR_SE"
"NJ2020","1","1","T0_T17","c_V3","VP",8460.35509173194,93063.9060090514,3870.74686913204,NA,"VPCL_AR_SE"
"NJ2020","1","1","T0_T20","c_V3","VP",24177.5626436627,338485.877011278,3270.35569931284,NA,"VPCL_AR_SE"
"NJ2020","1","1","T0_T24","c_V3","VP",24177.5626436627,338485.877011278,3270.35569931284,NA,"VPCL_AR_SE"
"NJ2020","1","1","T0_T3","c_V3","VP",15333.9543812737,46001.863143821,NA,NA,"VPCL_AR_DIFF"
"NJ2020","1","1","T0_T6","c_V3","VP",15333.9543812737,46001.863143821,NA,NA,"VPCL_AR_DIFF"
"NJ2020","1","1","T0_T17","c_V3","VP",11897.1547365028,139065.769152872,NA,NA,"VPCL_AR_DIFF"
"NJ2020","1","1","T0_T20","c_V3","VP",19755.7585124682,384487.740155099,NA,NA,"VPCL_AR_DIFF"
"NJ2020","1","1","T0_T24","c_V3","VP",17605.5420461432,403790.197942049,NA,NA,"VPCL_AR_DIFF"
"NJ2020","1","1","T0_T3","c_V3","VP",0,0,0,NA,"VPCL_AR_DIFF_SE"
"NJ2020","1","1","T0_T6","c_V3","VP",0,0,0,NA,"VPCL_AR_DIFF_SE"
"NJ2020","1","1","T0_T17","c_V3","VP",8460.35509173194,93063.9060090514,3870.74686913204,NA,"VPCL_AR_DIFF_SE"
"NJ2020","1","1","T0_T20","c_V3","VP",24177.5626436627,338485.877011278,3270.35569931284,NA,"VPCL_AR_DIFF_SE"
"NJ2020","1","1","T0_T24","c_V3","VP",24177.5626436627,338485.877011278,3270.35569931284,NA,"VPCL_AR_DIFF_SE"
"NJ2020","1","1","T0_T3","c_V3","VP",15333.9543812738,46001.8631438214,NA,NA,"VPCL_AR_DIFF_LMER"
"NJ2020","1","1","T0_T6","c_V3","VP",15333.9543812739,46001.8631438216,NA,NA,"VPCL_AR_DIFF_LMER"
"NJ2020","1","1","T0_T17","c_V3","VP",11897.154736503,139065.769152874,NA,NA,"VPCL_AR_DIFF_LMER"
"NJ2020","1","1","T0_T20","c_V3","VP",19755.7585124682,384487.740155099,NA,NA,"VPCL_AR_DIFF_LMER"
"NJ2020","1","1","T0_T24","c_V3","VP",17605.5420461435,403790.197942051,NA,NA,"VPCL_AR_DIFF_LMER"
"NJ2020","1","1","T0_T3","c_V3","VP",15333.9543812738,46001.8631438214,14217.1518490272,NA,"VPCL_AR_DIFF_LMER_SE"
"NJ2020","1","1","T0_T6","c_V3","VP",0,0,0,NA,"VPCL_AR_DIFF_LMER_SE"
"NJ2020","1","1","T0_T17","c_V3","VP",8460.35509173194,93063.9060090514,5510.23316119898,NA,"VPCL_AR_DIFF_LMER_SE"
"NJ2020","1","1","T0_T20","c_V3","VP",24177.5626436627,338485.877011278,4105.35219136195,NA,"VPCL_AR_DIFF_LMER_SE"
"NJ2020","1","1","T0_T24","c_V3","VP",24177.5626436627,338485.877011278,4255.41736327538,NA,"VPCL_AR_DIFF_LMER_SE"
"NJ2020","1","1","T0_T3","c_Viruses","VPC",-37754.086709311,-113262.260127933,61299.0175202281,0.0866189501742997,"LM_AP"
"NJ2020","1","1","T0_T6","c_Viruses","VPC",100597.014925373,603582.089552239,74255.3336781693,0.207726524940786,"LM_AP"
"NJ2020","1","1","T0_T17","c_Viruses","VPC",58782.451379466,999301.673450921,23087.9490771995,0.393286112332945,"LM_AP"
"NJ2020","1","1","T0_T20","c_Viruses","VPC",60157.5135903493,1203150.27180699,15222.9398686289,0.545716053393181,"LM_AP"
"NJ2020","1","1","T0_T24","c_Viruses","VPC",48583.2420907047,1165997.81017691,11530.143247879,0.525986333895947,"LM_AP"
"NJ2020","1","1","T0_T17","c_Viruses","VPC",58782.451379466,999301.673450923,14355.1053914616,0.706443314512375,"LM_SR_AVG"
"NJ2020","1","1","T0_T20","c_Viruses","VPC",60157.5135903493,1203150.27180699,6056.20328373349,0.742151095509326,"LM_SR_AVG"
"NJ2020","1","1","T0_T24","c_Viruses","VPC",48583.2420907046,1165997.81017691,3256.20623274943,0.690996244316745,"LM_SR_AVG"
"NJ2020","1","1","T0_T3","c_Viruses","VPC",-37754.08670931,-113262.26012793,85480.5120687429,1,"LM_SR_AVG"
"NJ2020","1","1","T0_T6","c_Viruses","VPC",100597.014925373,603582.089552238,75527.3040305124,0.447432410901056,"LM_SR_AVG"
"NJ2020","1","1","T0_T3","c_Viruses","VPC",-37754.0867093095,-113262.260127928,NA,1,"LM_AR"
"NJ2020","1","1","T0_T6","c_Viruses","VPC",100597.014925373,603582.089552239,79877.0457714659,0.613314966295877,"LM_AR"
"NJ2020","1","1","T0_T17","c_Viruses","VPC",58782.4513794661,999301.673450924,21332.3020493339,0.791517130361025,"LM_AR"
"NJ2020","1","1","T0_T20","c_Viruses","VPC",60157.5135903491,1203150.27180698,12719.0035573432,0.881751921725622,"LM_AR"
"NJ2020","1","1","T0_T24","c_Viruses","VPC",48583.2420907047,1165997.81017691,11552.6136091393,0.815543268529909,"LM_AR"
"NJ2020","1","1","T0_T3","c_Viruses","VPC",-37754.0867093095,-113262.260127928,NA,1,"LM_AR_DIFF"
"NJ2020","1","1","T0_T6","c_Viruses","VPC",100597.014925373,603582.089552239,79877.0457714659,0.613314966295877,"LM_AR_DIFF"
"NJ2020","1","1","T0_T17","c_Viruses","VPC",58782.4513794661,999301.673450924,21332.3020493339,0.791517130361025,"LM_AR_DIFF"
"NJ2020","1","1","T0_T20","c_Viruses","VPC",60157.5135903491,1203150.27180698,12719.0035573432,0.881751921725622,"LM_AR_DIFF"
"NJ2020","1","1","T0_T24","c_Viruses","VPC",48583.2420907047,1165997.81017691,11552.6136091393,0.815543268529909,"LM_AR_DIFF"
"NJ2020","1","1","T0_T3","c_Viruses","VPC",-37754.0867093095,-113262.260127928,NA,1,"LM_AR_DIFF_LMER"
"NJ2020","1","1","T0_T6","c_Viruses","VPC",100597.014925373,603582.089552239,79877.0457714659,0.613314966295879,"LM_AR_DIFF_LMER"
"NJ2020","1","1","T0_T17","c_Viruses","VPC",58782.451379466,999301.673450921,21332.302049334,0.791517130361024,"LM_AR_DIFF_LMER"
"NJ2020","1","1","T0_T20","c_Viruses","VPC",60157.5135903491,1203150.27180698,12719.0035573432,0.881751921725622,"LM_AR_DIFF_LMER"
"NJ2020","1","1","T0_T24","c_Viruses","VPC",48583.2420907047,1165997.81017691,11552.6136091394,0.815543268529908,"LM_AR_DIFF_LMER"
"NJ2020","1","1","T0_T17","c_Viruses","VPC",249802.965962504,1216631.13006396,192662.512584049,NA,"VPCL_SR_AVG"
"NJ2020","1","1","T0_T20","c_Viruses","VPC",262065.38734897,1549253.73134328,186750.032362011,NA,"VPCL_SR_AVG"
"NJ2020","1","1","T0_T24","c_Viruses","VPC",259605.543710022,1566652.45202559,188109.680084776,NA,"VPCL_SR_AVG"
"NJ2020","1","1","T0_T3","c_Viruses","VPC",43724.2359630423,131172.707889127,43724.2359630423,NA,"VPCL_SR_AVG"
"NJ2020","1","1","T0_T6","c_Viruses","VPC",260398.009950249,848017.057569297,187320.208466727,NA,"VPCL_SR_AVG"
"NJ2020","1","1","T0_T3","c_Viruses","VPC",0,0,NA,NA,"VPCL_AR"
"NJ2020","1","1","T0_T6","c_Viruses","VPC",238948.116560057,716844.34968017,NA,NA,"VPCL_AR"
"NJ2020","1","1","T0_T17","c_Viruses","VPC",73426.7438318608,1027974.41364605,NA,NA,"VPCL_AR"
"NJ2020","1","1","T0_T20","c_Viruses","VPC",76332.6226012792,1297654.58422175,NA,NA,"VPCL_AR"
"NJ2020","1","1","T0_T24","c_Viruses","VPC",76332.6226012792,1297654.58422175,NA,NA,"VPCL_AR"
"NJ2020","1","1","T0_T3","c_Viruses","VPC",0,0,0,NA,"VPCL_AR_SE"
"NJ2020","1","1","T0_T6","c_Viruses","VPC",238948.116560057,716844.34968017,208281.811217724,NA,"VPCL_AR_SE"
"NJ2020","1","1","T0_T17","c_Viruses","VPC",238948.116560057,716844.34968017,208281.811217724,NA,"VPCL_AR_SE"
"NJ2020","1","1","T0_T20","c_Viruses","VPC",238948.116560057,716844.34968017,208281.811217724,NA,"VPCL_AR_SE"
"NJ2020","1","1","T0_T24","c_Viruses","VPC",238948.116560057,716844.34968017,208281.811217724,NA,"VPCL_AR_SE"
"NJ2020","1","1","T0_T3","c_Viruses","VPC",0,0,NA,NA,"VPCL_AR_DIFF"
"NJ2020","1","1","T0_T6","c_Viruses","VPC",238948.116560057,716844.34968017,NA,NA,"VPCL_AR_DIFF"
"NJ2020","1","1","T0_T17","c_Viruses","VPC",73426.7438318608,1027974.41364605,NA,NA,"VPCL_AR_DIFF"
"NJ2020","1","1","T0_T20","c_Viruses","VPC",76332.6226012792,1297654.58422175,NA,NA,"VPCL_AR_DIFF"
"NJ2020","1","1","T0_T24","c_Viruses","VPC",76332.6226012792,1297654.58422175,NA,NA,"VPCL_AR_DIFF"
"NJ2020","1","1","T0_T3","c_Viruses","VPC",0,0,0,NA,"VPCL_AR_DIFF_SE"
"NJ2020","1","1","T0_T6","c_Viruses","VPC",238948.116560057,716844.34968017,208281.811217724,NA,"VPCL_AR_DIFF_SE"
"NJ2020","1","1","T0_T17","c_Viruses","VPC",238948.116560057,716844.34968017,208281.811217724,NA,"VPCL_AR_DIFF_SE"
"NJ2020","1","1","T0_T20","c_Viruses","VPC",238948.116560057,716844.34968017,208281.811217724,NA,"VPCL_AR_DIFF_SE"
"NJ2020","1","1","T0_T24","c_Viruses","VPC",238948.116560057,716844.34968017,208281.811217724,NA,"VPCL_AR_DIFF_SE"
"NJ2020","1","1","T0_T3","c_Viruses","VPC",0,0,NA,NA,"VPCL_AR_DIFF_LMER"
"NJ2020","1","1","T0_T6","c_Viruses","VPC",238948.116560057,716844.34968017,NA,NA,"VPCL_AR_DIFF_LMER"
"NJ2020","1","1","T0_T17","c_Viruses","VPC",73426.7438318607,1027974.41364605,NA,NA,"VPCL_AR_DIFF_LMER"
"NJ2020","1","1","T0_T20","c_Viruses","VPC",76332.6226012791,1297654.58422174,NA,NA,"VPCL_AR_DIFF_LMER"
"NJ2020","1","1","T0_T24","c_Viruses","VPC",76332.6226012791,1297654.58422174,NA,NA,"VPCL_AR_DIFF_LMER"
"NJ2020","1","1","T0_T3","c_Viruses","VPC",0,0,0,NA,"VPCL_AR_DIFF_LMER_SE"
"NJ2020","1","1","T0_T6","c_Viruses","VPC",238948.116560057,716844.34968017,173459.802987862,NA,"VPCL_AR_DIFF_LMER_SE"
"NJ2020","1","1","T0_T17","c_Viruses","VPC",238948.116560057,716844.349680171,165377.599782306,NA,"VPCL_AR_DIFF_LMER_SE"
"NJ2020","1","1","T0_T20","c_Viruses","VPC",238948.116560057,716844.349680171,174451.193514309,NA,"VPCL_AR_DIFF_LMER_SE"
"NJ2020","1","1","T0_T24","c_Viruses","VPC",0,0,0,NA,"VPCL_AR_DIFF_LMER_SE"
"NJ2020","1","1","T0_T3","c_V1","VPC",-6575.03095320933,-19725.092859628,60839.0822885121,0.00291141454760626,"LM_AP"
"NJ2020","1","1","T0_T6","c_V1","VPC",90616.1882670545,543697.129602327,55809.9848731601,0.273576878054892,"LM_AP"
"NJ2020","1","1","T0_T17","c_V1","VPC",50091.4572663543,851554.773528023,18098.3394218328,0.433760520412967,"LM_AP"
"NJ2020","1","1","T0_T20","c_V1","VPC",54104.5973278742,1082091.94655749,12005.9591245574,0.609707463652505,"LM_AP"
"NJ2020","1","1","T0_T24","c_V1","VPC",43936.8033006852,1054483.27921645,9240.31212678698,0.585590123595421,"LM_AP"
"NJ2020","1","1","T0_T17","c_V1","VPC",50091.4572663544,851554.773528024,13968.9582155192,0.670338075238142,"LM_SR_AVG"
"NJ2020","1","1","T0_T20","c_V1","VPC",54104.5973278742,1082091.94655748,6743.93388442738,0.737571815921165,"LM_SR_AVG"
"NJ2020","1","1","T0_T24","c_V1","VPC",43936.8033006852,1054483.27921644,2001.11578400191,0.692896598076436,"LM_SR_AVG"
"NJ2020","1","1","T0_T3","c_V1","VPC",-6575.0309532086,-19725.0928596257,82848.545848969,1,"LM_SR_AVG"
"NJ2020","1","1","T0_T6","c_V1","VPC",90616.188267054,543697.129602325,57546.9309655209,0.517381260056135,"LM_SR_AVG"
"NJ2020","1","1","T0_T3","c_V1","VPC",-6575.03095320843,-19725.0928596253,NA,1,"LM_AR"
"NJ2020","1","1","T0_T6","c_V1","VPC",90616.1882670544,543697.129602326,56113.3765796871,0.722824845584002,"LM_AR"
"NJ2020","1","1","T0_T17","c_V1","VPC",50091.4572663544,851554.773528025,16501.3340926298,0.82166534440009,"LM_AR"
"NJ2020","1","1","T0_T20","c_V1","VPC",54104.5973278742,1082091.94655748,10121.6176945338,0.904984607273127,"LM_AR"
"NJ2020","1","1","T0_T24","c_V1","VPC",43936.8033006852,1054483.27921644,9613.23800863084,0.839286392024536,"LM_AR"
"NJ2020","1","1","T0_T3","c_V1","VPC",-6575.03095320843,-19725.0928596253,NA,1,"LM_AR_DIFF"
"NJ2020","1","1","T0_T6","c_V1","VPC",90616.1882670544,543697.129602326,56113.3765796871,0.722824845584002,"LM_AR_DIFF"
"NJ2020","1","1","T0_T17","c_V1","VPC",50091.4572663544,851554.773528025,16501.3340926298,0.82166534440009,"LM_AR_DIFF"
"NJ2020","1","1","T0_T20","c_V1","VPC",54104.5973278742,1082091.94655748,10121.6176945338,0.904984607273127,"LM_AR_DIFF"
"NJ2020","1","1","T0_T24","c_V1","VPC",43936.8033006852,1054483.27921644,9613.23800863084,0.839286392024536,"LM_AR_DIFF"
"NJ2020","1","1","T0_T3","c_V1","VPC",-6575.03095320843,-19725.0928596253,NA,1,"LM_AR_DIFF_LMER"
"NJ2020","1","1","T0_T6","c_V1","VPC",90616.1882670544,543697.129602326,56113.3765796871,0.722824845584002,"LM_AR_DIFF_LMER"
"NJ2020","1","1","T0_T17","c_V1","VPC",50091.4572663545,851554.773528026,16501.3340926297,0.821665344400091,"LM_AR_DIFF_LMER"
"NJ2020","1","1","T0_T20","c_V1","VPC",54104.5973278743,1082091.94655749,10121.6176945338,0.904984607273127,"LM_AR_DIFF_LMER"
"NJ2020","1","1","T0_T24","c_V1","VPC",43936.8033006852,1054483.27921645,9613.23800863085,0.839286392024536,"LM_AR_DIFF_LMER"
"NJ2020","1","1","T0_T17","c_V1","VPC",66979.135384567,977596.441545833,21452.3170093474,NA,"VPCL_SR_AVG"
"NJ2020","1","1","T0_T20","c_V1","VPC",81314.0890128697,1327999.31318143,15709.8446907975,NA,"VPCL_SR_AVG"
"NJ2020","1","1","T0_T24","c_V1","VPC",78806.1068651829,1341137.19018345,17863.1399079509,NA,"VPCL_SR_AVG"
"NJ2020","1","1","T0_T3","c_V1","VPC",50468.189602039,151404.568806117,50468.189602039,NA,"VPCL_SR_AVG"
"NJ2020","1","1","T0_T6","c_V1","VPC",208269.772229485,714826.79126807,152049.051689337,NA,"VPCL_SR_AVG"
"NJ2020","1","1","T0_T3","c_V1","VPC",0,0,NA,NA,"VPCL_AR"
"NJ2020","1","1","T0_T6","c_V1","VPC",187807.407487318,563422.222461954,NA,NA,"VPCL_AR"
"NJ2020","1","1","T0_T17","c_V1","VPC",59013.705195694,826191.872739716,NA,NA,"VPCL_AR"
"NJ2020","1","1","T0_T20","c_V1","VPC",67297.5719407425,1144058.72299262,NA,NA,"VPCL_AR"
"NJ2020","1","1","T0_T24","c_V1","VPC",67297.5719407425,1144058.72299262,NA,NA,"VPCL_AR"
"NJ2020","1","1","T0_T3","c_V1","VPC",0,0,0,NA,"VPCL_AR_SE"
"NJ2020","1","1","T0_T6","c_V1","VPC",187807.407487318,563422.222461954,169972.480813979,NA,"VPCL_AR_SE"
"NJ2020","1","1","T0_T17","c_V1","VPC",187807.407487318,563422.222461954,169972.480813979,NA,"VPCL_AR_SE"
"NJ2020","1","1","T0_T20","c_V1","VPC",187807.407487318,563422.222461954,169972.480813979,NA,"VPCL_AR_SE"
"NJ2020","1","1","T0_T24","c_V1","VPC",187807.407487318,563422.222461954,169972.480813979,NA,"VPCL_AR_SE"
"NJ2020","1","1","T0_T3","c_V1","VPC",0,0,NA,NA,"VPCL_AR_DIFF"
"NJ2020","1","1","T0_T6","c_V1","VPC",187807.407487318,563422.222461954,NA,NA,"VPCL_AR_DIFF"
"NJ2020","1","1","T0_T17","c_V1","VPC",59013.705195694,826191.872739716,NA,NA,"VPCL_AR_DIFF"
"NJ2020","1","1","T0_T20","c_V1","VPC",67297.5719407425,1144058.72299262,NA,NA,"VPCL_AR_DIFF"
"NJ2020","1","1","T0_T24","c_V1","VPC",67297.5719407425,1144058.72299262,NA,NA,"VPCL_AR_DIFF"
"NJ2020","1","1","T0_T3","c_V1","VPC",0,0,0,NA,"VPCL_AR_DIFF_SE"
"NJ2020","1","1","T0_T6","c_V1","VPC",187807.407487318,563422.222461954,169972.480813979,NA,"VPCL_AR_DIFF_SE"
"NJ2020","1","1","T0_T17","c_V1","VPC",187807.407487318,563422.222461954,169972.480813979,NA,"VPCL_AR_DIFF_SE"
"NJ2020","1","1","T0_T20","c_V1","VPC",187807.407487318,563422.222461954,169972.480813979,NA,"VPCL_AR_DIFF_SE"
"NJ2020","1","1","T0_T24","c_V1","VPC",187807.407487318,563422.222461954,169972.480813979,NA,"VPCL_AR_DIFF_SE"
"NJ2020","1","1","T0_T3","c_V1","VPC",0,0,NA,NA,"VPCL_AR_DIFF_LMER"
"NJ2020","1","1","T0_T6","c_V1","VPC",187807.407487318,563422.222461954,NA,NA,"VPCL_AR_DIFF_LMER"
"NJ2020","1","1","T0_T17","c_V1","VPC",59013.7051956941,826191.872739717,NA,NA,"VPCL_AR_DIFF_LMER"
"NJ2020","1","1","T0_T20","c_V1","VPC",67297.5719407426,1144058.72299262,NA,NA,"VPCL_AR_DIFF_LMER"
"NJ2020","1","1","T0_T24","c_V1","VPC",67297.5719407426,1144058.72299262,NA,NA,"VPCL_AR_DIFF_LMER"
"NJ2020","1","1","T0_T3","c_V1","VPC",0,0,0,NA,"VPCL_AR_DIFF_LMER_SE"
"NJ2020","1","1","T0_T6","c_V1","VPC",187807.407487318,563422.222461954,138444.116752922,NA,"VPCL_AR_DIFF_LMER_SE"
"NJ2020","1","1","T0_T17","c_V1","VPC",187807.407487318,563422.222461954,136621.923996001,NA,"VPCL_AR_DIFF_LMER_SE"
"NJ2020","1","1","T0_T20","c_V1","VPC",187807.407487318,563422.222461955,146162.101693656,NA,"VPCL_AR_DIFF_LMER_SE"
"NJ2020","1","1","T0_T24","c_V1","VPC",0,0,0,NA,"VPCL_AR_DIFF_LMER_SE"
"NJ2020","1","1","T0_T3","c_V2","VPC",-17404.6312672612,-52213.8938017835,10952.5710840511,0.386992904722839,"LM_AP"
"NJ2020","1","1","T0_T6","c_V2","VPC",2997.3357247789,17984.0143486734,14943.7555541743,0.00571431813972482,"LM_AP"
"NJ2020","1","1","T0_T17","c_V2","VPC",4833.53654212374,82170.1212161036,4306.74235394442,0.111868886334651,"LM_AP"
"NJ2020","1","1","T0_T20","c_V2","VPC",4300.58288704073,86011.6577408145,2782.24474463443,0.155255200937562,"LM_AP"
"NJ2020","1","1","T0_T24","c_V2","VPC",3909.06270365563,93817.5048877352,2011.04697684469,0.191034163533592,"LM_AP"
"NJ2020","1","1","T0_T17","c_V2","VPC",4833.53654212377,82170.1212161042,887.956150597898,0.247595723030509,"LM_SR_AVG"
"NJ2020","1","1","T0_T20","c_V2","VPC",4300.58288704072,86011.6577408145,844.380023022728,0.363517918458447,"LM_SR_AVG"
"NJ2020","1","1","T0_T24","c_V2","VPC",3909.06270365562,93817.5048877349,1807.32367957072,0.434122240955616,"LM_SR_AVG"
"NJ2020","1","1","T0_T3","c_V2","VPC",-17404.6312672611,-52213.8938017833,8962.1297976352,1,"LM_SR_AVG"
"NJ2020","1","1","T0_T6","c_V2","VPC",2997.33572477883,17984.0143486731,16719.213528876,0.78693891369682,"LM_SR_AVG"
"NJ2020","1","1","T0_T3","c_V2","VPC",-17404.631267261,-52213.8938017829,NA,1,"LM_AR"
"NJ2020","1","1","T0_T6","c_V2","VPC",2997.33572477872,17984.0143486724,11779.0811348522,0.0608134731458682,"LM_AR"
"NJ2020","1","1","T0_T17","c_V2","VPC",4833.53654212376,82170.1212161038,2788.2667039924,0.600408942534192,"LM_AR"
"NJ2020","1","1","T0_T20","c_V2","VPC",4300.58288704072,86011.6577408145,1690.77388055385,0.683199823138788,"LM_AR"
"NJ2020","1","1","T0_T24","c_V2","VPC",3909.06270365561,93817.5048877347,1189.95565248171,0.729575283594361,"LM_AR"
"NJ2020","1","1","T0_T3","c_V2","VPC",-17404.631267261,-52213.8938017829,NA,1,"LM_AR_DIFF"
"NJ2020","1","1","T0_T6","c_V2","VPC",2997.33572477872,17984.0143486724,11779.0811348522,0.0608134731458682,"LM_AR_DIFF"
"NJ2020","1","1","T0_T17","c_V2","VPC",4833.53654212376,82170.1212161038,2788.2667039924,0.600408942534192,"LM_AR_DIFF"
"NJ2020","1","1","T0_T20","c_V2","VPC",4300.58288704072,86011.6577408145,1690.77388055385,0.683199823138788,"LM_AR_DIFF"
"NJ2020","1","1","T0_T24","c_V2","VPC",3909.06270365561,93817.5048877347,1189.95565248171,0.729575283594361,"LM_AR_DIFF"
"NJ2020","1","1","T0_T3","c_V2","VPC",-17404.6312672611,-52213.8938017832,NA,1,"LM_AR_DIFF_LMER"
"NJ2020","1","1","T0_T6","c_V2","VPC",2997.33572477872,17984.0143486724,11779.0811348522,0.0608134731458638,"LM_AR_DIFF_LMER"
"NJ2020","1","1","T0_T17","c_V2","VPC",4833.53654212375,82170.1212161038,2788.2667039924,0.600408942534191,"LM_AR_DIFF_LMER"
"NJ2020","1","1","T0_T20","c_V2","VPC",4300.58288704067,86011.6577408134,1690.77388055389,0.683199823138774,"LM_AR_DIFF_LMER"
"NJ2020","1","1","T0_T24","c_V2","VPC",3909.0627036556,93817.5048877343,1189.95565248172,0.729575283594354,"LM_AR_DIFF_LMER"
"NJ2020","1","1","T0_T17","c_V2","VPC",31847.2119579402,156971.866257107,22072.5598680831,NA,"VPCL_SR_AVG"
"NJ2020","1","1","T0_T20","c_V2","VPC",31431.2002145647,170840.096110627,22279.3439437252,NA,"VPCL_SR_AVG"
"NJ2020","1","1","T0_T24","c_V2","VPC",31397.3175580094,192896.79062047,22310.6299505281,NA,"VPCL_SR_AVG"
"NJ2020","1","1","T0_T3","c_V2","VPC",0,0,0,NA,"VPCL_SR_AVG"
"NJ2020","1","1","T0_T6","c_V2","VPC",26546.4318418767,79639.29552563,24743.6083425907,NA,"VPCL_SR_AVG"
"NJ2020","1","1","T0_T3","c_V2","VPC",0,0,NA,NA,"VPCL_AR"
"NJ2020","1","1","T0_T6","c_V2","VPC",23399.3027168189,70197.9081504566,NA,NA,"VPCL_AR"
"NJ2020","1","1","T0_T17","c_V2","VPC",7972.9441716819,111621.218403547,NA,NA,"VPCL_AR"
"NJ2020","1","1","T0_T20","c_V2","VPC",7972.9441716819,111621.218403547,NA,NA,"VPCL_AR"
"NJ2020","1","1","T0_T24","c_V2","VPC",4993.39736325722,119676.620622877,NA,NA,"VPCL_AR"
"NJ2020","1","1","T0_T3","c_V2","VPC",0,0,0,NA,"VPCL_AR_SE"
"NJ2020","1","1","T0_T6","c_V2","VPC",0,0,0,NA,"VPCL_AR_SE"
"NJ2020","1","1","T0_T17","c_V2","VPC",0,0,0,NA,"VPCL_AR_SE"
"NJ2020","1","1","T0_T20","c_V2","VPC",0,0,0,NA,"VPCL_AR_SE"
"NJ2020","1","1","T0_T24","c_V2","VPC",0,0,0,NA,"VPCL_AR_SE"
"NJ2020","1","1","T0_T3","c_V2","VPC",0,0,NA,NA,"VPCL_AR_DIFF"
"NJ2020","1","1","T0_T6","c_V2","VPC",23399.3027168189,70197.9081504566,NA,NA,"VPCL_AR_DIFF"
"NJ2020","1","1","T0_T17","c_V2","VPC",7972.9441716819,111621.218403547,NA,NA,"VPCL_AR_DIFF"
"NJ2020","1","1","T0_T20","c_V2","VPC",7972.9441716819,111621.218403547,NA,NA,"VPCL_AR_DIFF"
"NJ2020","1","1","T0_T24","c_V2","VPC",4993.39736325722,119676.620622877,NA,NA,"VPCL_AR_DIFF"
"NJ2020","1","1","T0_T3","c_V2","VPC",0,0,0,NA,"VPCL_AR_DIFF_SE"
"NJ2020","1","1","T0_T6","c_V2","VPC",0,0,0,NA,"VPCL_AR_DIFF_SE"
"NJ2020","1","1","T0_T17","c_V2","VPC",0,0,0,NA,"VPCL_AR_DIFF_SE"
"NJ2020","1","1","T0_T20","c_V2","VPC",0,0,0,NA,"VPCL_AR_DIFF_SE"
"NJ2020","1","1","T0_T24","c_V2","VPC",0,0,0,NA,"VPCL_AR_DIFF_SE"
"NJ2020","1","1","T0_T3","c_V2","VPC",0,0,NA,NA,"VPCL_AR_DIFF_LMER"
"NJ2020","1","1","T0_T6","c_V2","VPC",23399.3027168189,70197.9081504566,NA,NA,"VPCL_AR_DIFF_LMER"
"NJ2020","1","1","T0_T17","c_V2","VPC",7972.9441716819,111621.218403547,NA,NA,"VPCL_AR_DIFF_LMER"
"NJ2020","1","1","T0_T20","c_V2","VPC",7972.94417168192,111621.218403547,NA,NA,"VPCL_AR_DIFF_LMER"
"NJ2020","1","1","T0_T24","c_V2","VPC",4993.3973632572,119676.620622877,NA,NA,"VPCL_AR_DIFF_LMER"
"NJ2020","1","1","T0_T3","c_V2","VPC",0,0,0,NA,"VPCL_AR_DIFF_LMER_SE"
"NJ2020","1","1","T0_T6","c_V2","VPC",0,0,0,NA,"VPCL_AR_DIFF_LMER_SE"
"NJ2020","1","1","T0_T17","c_V2","VPC",0,0,0,NA,"VPCL_AR_DIFF_LMER_SE"
"NJ2020","1","1","T0_T20","c_V2","VPC",0,0,0,NA,"VPCL_AR_DIFF_LMER_SE"
"NJ2020","1","1","T0_T24","c_V2","VPC",0,0,0,NA,"VPCL_AR_DIFF_LMER_SE"
"NJ2020","1","1","T0_T3","c_V3","VPC",-13774.4244888409,-41323.2734665228,5038.9175780836,0.65134355607126,"LM_AP"
"NJ2020","1","1","T0_T6","c_V3","VPC",6983.49093354016,41900.9456012409,9768.03937567393,0.0680495308412019,"LM_AP"
"NJ2020","1","1","T0_T17","c_V3","VPC",3857.45757098818,65576.7787067991,2750.65803440126,0.164344883860073,"LM_AP"
"NJ2020","1","1","T0_T20","c_V3","VPC",1752.33337543444,35046.6675086888,1904.35871770366,0.0611489881604798,"LM_AP"
"NJ2020","1","1","T0_T24","c_V3","VPC",737.376086363905,17697.0260727337,1591.46754585902,0.0132395816558333,"LM_AP"
"NJ2020","1","1","T0_T17","c_V3","VPC",3857.45757098819,65576.7787067994,1302.92623453129,0.238521420797532,"LM_SR_AVG"
"NJ2020","1","1","T0_T20","c_V3","VPC",1752.33337543444,35046.6675086888,707.623247602891,0.0990397496500869,"LM_SR_AVG"
"NJ2020","1","1","T0_T24","c_V3","VPC",737.376086363897,17697.0260727335,835.521641352684,0.0652453587679758,"LM_SR_AVG"
"NJ2020","1","1","T0_T3","c_V3","VPC",-13774.4244888408,-41323.2734665225,5210.72475654506,1,"LM_SR_AVG"
"NJ2020","1","1","T0_T6","c_V3","VPC",6983.49093354013,41900.9456012409,9047.84040196075,0.572003730507807,"LM_SR_AVG"
"NJ2020","1","1","T0_T3","c_V3","VPC",-13774.4244888408,-41323.2734665225,NA,1,"LM_AR"
"NJ2020","1","1","T0_T6","c_V3","VPC",6983.49093354013,41900.9456012408,11984.5880569272,0.253478551153705,"LM_AR"
"NJ2020","1","1","T0_T17","c_V3","VPC",3857.45757098819,65576.7787067992,2903.90662193786,0.468729752369378,"LM_AR"
"NJ2020","1","1","T0_T20","c_V3","VPC",1752.33337543443,35046.6675086886,2157.83357704168,0.180210016030799,"LM_AR"
"NJ2020","1","1","T0_T24","c_V3","VPC",737.376086363898,17697.0260727336,1624.37093405274,0.0489927175515763,"LM_AR"
"NJ2020","1","1","T0_T3","c_V3","VPC",-13774.4244888408,-41323.2734665225,NA,1,"LM_AR_DIFF"
"NJ2020","1","1","T0_T6","c_V3","VPC",6983.49093354013,41900.9456012408,11984.5880569272,0.253478551153705,"LM_AR_DIFF"
"NJ2020","1","1","T0_T17","c_V3","VPC",3857.45757098819,65576.7787067992,2903.90662193786,0.468729752369378,"LM_AR_DIFF"
"NJ2020","1","1","T0_T20","c_V3","VPC",1752.33337543443,35046.6675086886,2157.83357704168,0.180210016030799,"LM_AR_DIFF"
"NJ2020","1","1","T0_T24","c_V3","VPC",737.376086363898,17697.0260727336,1624.37093405274,0.0489927175515763,"LM_AR_DIFF"
"NJ2020","1","1","T0_T3","c_V3","VPC",-13774.4244888409,-41323.2734665227,NA,1,"LM_AR_DIFF_LMER"
"NJ2020","1","1","T0_T6","c_V3","VPC",6983.49093354012,41900.9456012407,11984.5880569272,0.253478551153703,"LM_AR_DIFF_LMER"
"NJ2020","1","1","T0_T17","c_V3","VPC",3857.45757098819,65576.7787067992,2903.90662193786,0.468729752369378,"LM_AR_DIFF_LMER"
"NJ2020","1","1","T0_T20","c_V3","VPC",1752.33337543447,35046.6675086894,2157.83357704168,0.180210016030806,"LM_AR_DIFF_LMER"
"NJ2020","1","1","T0_T24","c_V3","VPC",737.376086363895,17697.0260727335,1624.37093405275,0.0489927175515766,"LM_AR_DIFF_LMER"
"NJ2020","1","1","T0_T17","c_V3","VPC",38084.7150566243,152425.560295585,11899.6839511409,NA,"VPCL_SR_AVG"
"NJ2020","1","1","T0_T20","c_V3","VPC",29644.1882430879,152768.339188249,10195.6774112164,NA,"VPCL_SR_AVG"
"NJ2020","1","1","T0_T24","c_V3","VPC",30876.6681881312,170480.096942408,10028.249367286,NA,"VPCL_SR_AVG"
"NJ2020","1","1","T0_T3","c_V3","VPC",0,0,0,NA,"VPCL_SR_AVG"
"NJ2020","1","1","T0_T6","c_V3","VPC",33313.2881659102,99939.8644977307,16666.9698066727,NA,"VPCL_SR_AVG"
"NJ2020","1","1","T0_T3","c_V3","VPC",0,0,NA,NA,"VPCL_AR"
"NJ2020","1","1","T0_T6","c_V3","VPC",27741.4063559212,83224.2190677637,NA,NA,"VPCL_AR"
"NJ2020","1","1","T0_T17","c_V3","VPC",6440.09446448523,90161.3225027933,NA,NA,"VPCL_AR"
"NJ2020","1","1","T0_T20","c_V3","VPC",6440.09446448523,90161.3225027933,NA,NA,"VPCL_AR"
"NJ2020","1","1","T0_T24","c_V3","VPC",6440.09446448523,90161.3225027933,NA,NA,"VPCL_AR"
"NJ2020","1","1","T0_T3","c_V3","VPC",0,0,0,NA,"VPCL_AR_SE"
"NJ2020","1","1","T0_T6","c_V3","VPC",27741.4063559212,83224.2190677637,24926.6243490831,NA,"VPCL_AR_SE"
"NJ2020","1","1","T0_T17","c_V3","VPC",27741.4063559212,83224.2190677637,24926.6243490831,NA,"VPCL_AR_SE"
"NJ2020","1","1","T0_T20","c_V3","VPC",27741.4063559212,83224.2190677637,24926.6243490831,NA,"VPCL_AR_SE"
"NJ2020","1","1","T0_T24","c_V3","VPC",27741.4063559212,83224.2190677637,24926.6243490831,NA,"VPCL_AR_SE"
"NJ2020","1","1","T0_T3","c_V3","VPC",0,0,NA,NA,"VPCL_AR_DIFF"
"NJ2020","1","1","T0_T6","c_V3","VPC",27741.4063559212,83224.2190677637,NA,NA,"VPCL_AR_DIFF"
"NJ2020","1","1","T0_T17","c_V3","VPC",6440.09446448523,90161.3225027933,NA,NA,"VPCL_AR_DIFF"
"NJ2020","1","1","T0_T20","c_V3","VPC",6440.09446448523,90161.3225027933,NA,NA,"VPCL_AR_DIFF"
"NJ2020","1","1","T0_T24","c_V3","VPC",6440.09446448523,90161.3225027933,NA,NA,"VPCL_AR_DIFF"
"NJ2020","1","1","T0_T3","c_V3","VPC",0,0,0,NA,"VPCL_AR_DIFF_SE"
"NJ2020","1","1","T0_T6","c_V3","VPC",27741.4063559212,83224.2190677637,24926.6243490831,NA,"VPCL_AR_DIFF_SE"
"NJ2020","1","1","T0_T17","c_V3","VPC",27741.4063559212,83224.2190677637,24926.6243490831,NA,"VPCL_AR_DIFF_SE"
"NJ2020","1","1","T0_T20","c_V3","VPC",27741.4063559212,83224.2190677637,24926.6243490831,NA,"VPCL_AR_DIFF_SE"
"NJ2020","1","1","T0_T24","c_V3","VPC",27741.4063559212,83224.2190677637,24926.6243490831,NA,"VPCL_AR_DIFF_SE"
"NJ2020","1","1","T0_T3","c_V3","VPC",0,0,NA,NA,"VPCL_AR_DIFF_LMER"
"NJ2020","1","1","T0_T6","c_V3","VPC",27741.4063559213,83224.2190677638,NA,NA,"VPCL_AR_DIFF_LMER"
"NJ2020","1","1","T0_T17","c_V3","VPC",6440.09446448523,90161.3225027933,NA,NA,"VPCL_AR_DIFF_LMER"
"NJ2020","1","1","T0_T20","c_V3","VPC",6440.09446448524,90161.3225027934,NA,NA,"VPCL_AR_DIFF_LMER"
"NJ2020","1","1","T0_T24","c_V3","VPC",6440.09446448525,90161.3225027935,NA,NA,"VPCL_AR_DIFF_LMER"
"NJ2020","1","1","T0_T3","c_V3","VPC",0,0,0,NA,"VPCL_AR_DIFF_LMER_SE"
"NJ2020","1","1","T0_T6","c_V3","VPC",27741.4063559213,83224.2190677638,22373.0565134512,NA,"VPCL_AR_DIFF_LMER_SE"
"NJ2020","1","1","T0_T17","c_V3","VPC",27741.4063559212,83224.2190677637,20204.1882577296,NA,"VPCL_AR_DIFF_LMER_SE"
"NJ2020","1","1","T0_T20","c_V3","VPC",27741.4063559212,83224.2190677637,19158.3102263558,NA,"VPCL_AR_DIFF_LMER_SE"
"NJ2020","1","1","T0_T24","c_V3","VPC",27741.4063559213,83224.2190677638,19858.6143619518,NA,"VPCL_AR_DIFF_LMER_SE"
"NJ2020","1","1","T0_T17","c_Viruses","Diff",186764.360018091,3174994.12030755,94676.5027552137,NA,"LM_AP"
"NJ2020","1","1","T0_T20","c_Viruses","Diff",50265.2210541333,1005304.42108267,77102.5142504129,NA,"LM_AP"
"NJ2020","1","1","T0_T24","c_Viruses","Diff",-19356.3648936788,-464552.75744829,62493.2754660915,NA,"LM_AP"
"NJ2020","1","1","T0_T3","c_Viruses","Diff",44520.2558635395,133560.767590618,123042.02547451,NA,"LM_AP"
"NJ2020","1","1","T0_T6","c_Viruses","Diff",777213.930348258,4663283.58208955,210879.695261149,NA,"LM_AP"
"NJ2020","1","1","T0_T17","c_Viruses","Diff",186764.360018091,3174994.12030755,15971.1253693304,NA,"LM_SR_AVG"
"NJ2020","1","1","T0_T20","c_Viruses","Diff",50265.2210541332,1005304.42108266,22067.6154693343,NA,"LM_SR_AVG"
"NJ2020","1","1","T0_T24","c_Viruses","Diff",-19356.3648936787,-464552.757448288,22729.6877197448,NA,"LM_SR_AVG"
"NJ2020","1","1","T0_T3","c_Viruses","Diff",44520.2558635396,133560.767590618,144915.745998858,NA,"LM_SR_AVG"
"NJ2020","1","1","T0_T6","c_Viruses","Diff",777213.930348259,4663283.58208955,128177.943150635,NA,"LM_SR_AVG"
"NJ2020","1","1","T0_T17","c_Viruses","Diff",186764.360018091,3174994.12030754,178974.922650208,NA,"LM_AR"
"NJ2020","1","1","T0_T20","c_Viruses","Diff",50265.2210541329,1005304.42108266,139076.936800488,NA,"LM_AR"
"NJ2020","1","1","T0_T24","c_Viruses","Diff",-19356.3648936786,-464552.75744829,106307.03241274,NA,"LM_AR"
"NJ2020","1","1","T0_T3","c_Viruses","Diff",44520.2558635398,133560.76759062,NA,NA,"LM_AR"
"NJ2020","1","1","T0_T6","c_Viruses","Diff",777213.930348258,4663283.58208955,423020.890197288,NA,"LM_AR"
"NJ2020","1","1","T0_T3","c_Viruses","Diff",44520.2558635398,133560.767590619,NA,1,"LM_AR_DIFF"
"NJ2020","1","1","T0_T6","c_Viruses","Diff",777213.930348259,4663283.58208955,423020.890197288,0.771462570802087,"LM_AR_DIFF"
"NJ2020","1","1","T0_T17","c_Viruses","Diff",186764.360018091,3174994.12030755,176367.412190288,0.359256977947985,"LM_AR_DIFF"
"NJ2020","1","1","T0_T20","c_Viruses","Diff",50265.2210541332,1005304.42108266,134303.94728165,0.0446085135367774,"LM_AR_DIFF"
"NJ2020","1","1","T0_T24","c_Viruses","Diff",-19356.3648936787,-464552.757448289,102888.594266013,0.00877056021782915,"LM_AR_DIFF"
"NJ2020","1","1","T0_T3","c_Viruses","Diff",44520.2558635424,133560.767590627,NA,1,"LM_AR_DIFF_LMER"
"NJ2020","1","1","T0_T6","c_Viruses","Diff",777213.930348256,4663283.58208954,423020.890197289,0.771462570802085,"LM_AR_DIFF_LMER"
"NJ2020","1","1","T0_T17","c_Viruses","Diff",186764.360018091,3174994.12030755,176367.412190289,0.359256977947985,"LM_AR_DIFF_LMER"
"NJ2020","1","1","T0_T20","c_Viruses","Diff",50265.2210541333,1005304.42108267,134303.94728165,0.0446085135367775,"LM_AR_DIFF_LMER"
"NJ2020","1","1","T0_T24","c_Viruses","Diff",-19356.3648936793,-464552.757448304,102888.594266013,0.00877056021782972,"LM_AR_DIFF_LMER"
"NJ2020","1","1","T0_T17","c_Viruses","Diff",105537.281398312,-588230.277185503,NA,NA,"VPCL_SR_AVG"
"NJ2020","1","1","T0_T20","c_Viruses","Diff",-13299.6243273431,-3133987.20682303,NA,NA,"VPCL_SR_AVG"
"NJ2020","1","1","T0_T24","c_Viruses","Diff",-54283.8528446208,-4173134.32835822,NA,NA,"VPCL_SR_AVG"
"NJ2020","1","1","T0_T3","c_Viruses","Diff",33091.6844349679,99275.0533049033,NA,NA,"VPCL_SR_AVG"
"NJ2020","1","1","T0_T6","c_Viruses","Diff",249765.458422174,816119.402985073,NA,NA,"VPCL_SR_AVG"
"NJ2020","1","1","T0_T17","c_Viruses","Diff",-87751.7791377072,-744989.33901919,NA,NA,"VPCL_AR"
"NJ2020","1","1","T0_T20","c_Viruses","Diff",-255906.183368871,-3353688.69936034,NA,NA,"VPCL_AR"
"NJ2020","1","1","T0_T24","c_Viruses","Diff",-219649.372186686,-4030021.32196162,NA,NA,"VPCL_AR"
"NJ2020","1","1","T0_T3","c_Viruses","Diff",0,0,NA,NA,"VPCL_AR"
"NJ2020","1","1","T0_T6","c_Viruses","Diff",238948.116560057,716844.34968017,NA,NA,"VPCL_AR"
"NJ2020","1","1","T0_T17","c_Viruses","Diff",77769.593590489,-1056119.40298507,243997.23953193,NA,"VPCL_AR_SE"
"NJ2020","1","1","T0_T20","c_Viruses","Diff",-93290.689410093,-3934498.93390192,257688.747758306,NA,"VPCL_AR_SE"
"NJ2020","1","1","T0_T24","c_Viruses","Diff",-93290.689410093,-3934498.93390192,257688.747758306,NA,"VPCL_AR_SE"
"NJ2020","1","1","T0_T3","c_Viruses","Diff",0,0,0,NA,"VPCL_AR_SE"
"NJ2020","1","1","T0_T6","c_Viruses","Diff",238948.116560057,716844.34968017,208281.811217724,NA,"VPCL_AR_SE"
"NJ2020","1","1","T0_T3","c_Viruses","Diff",44520.2558635399,133560.76759062,NA,NA,"VPCL_AR_DIFF"
"NJ2020","1","1","T0_T6","c_Viruses","Diff",777213.930348258,4663283.58208955,NA,NA,"VPCL_AR_DIFF"
"NJ2020","1","1","T0_T17","c_Viruses","Diff",777213.930348258,4663283.58208955,NA,NA,"VPCL_AR_DIFF"
"NJ2020","1","1","T0_T20","c_Viruses","Diff",777213.930348258,4663283.58208955,NA,NA,"VPCL_AR_DIFF"
"NJ2020","1","1","T0_T24","c_Viruses","Diff",777213.930348258,4663283.58208955,NA,NA,"VPCL_AR_DIFF"
"NJ2020","1","1","T0_T3","c_Viruses","Diff",0,0,0,NA,"VPCL_AR_DIFF_SE"
"NJ2020","1","1","T0_T6","c_Viruses","Diff",1509907.60483298,4529722.81449893,343230.852160905,NA,"VPCL_AR_DIFF_SE"
"NJ2020","1","1","T0_T17","c_Viruses","Diff",1509907.60483298,4529722.81449893,343230.852160905,NA,"VPCL_AR_DIFF_SE"
"NJ2020","1","1","T0_T20","c_Viruses","Diff",1509907.60483298,4529722.81449893,343230.852160905,NA,"VPCL_AR_DIFF_SE"
"NJ2020","1","1","T0_T24","c_Viruses","Diff",1509907.60483298,4529722.81449893,343230.852160905,NA,"VPCL_AR_DIFF_SE"
"NJ2020","1","1","T0_T3","c_Viruses","Diff",44520.2558635425,133560.767590628,NA,NA,"VPCL_AR_DIFF_LMER"
"NJ2020","1","1","T0_T6","c_Viruses","Diff",777213.930348256,4663283.58208953,NA,NA,"VPCL_AR_DIFF_LMER"
"NJ2020","1","1","T0_T17","c_Viruses","Diff",777213.93034826,4663283.58208956,NA,NA,"VPCL_AR_DIFF_LMER"
"NJ2020","1","1","T0_T20","c_Viruses","Diff",777213.93034826,4663283.58208956,NA,NA,"VPCL_AR_DIFF_LMER"
"NJ2020","1","1","T0_T24","c_Viruses","Diff",777213.930348256,4663283.58208953,NA,NA,"VPCL_AR_DIFF_LMER"
"NJ2020","1","1","T0_T3","c_Viruses","Diff",0,0,0,NA,"VPCL_AR_DIFF_LMER_SE"
"NJ2020","1","1","T0_T6","c_Viruses","Diff",1509907.60483298,4529722.81449893,245309.205912,NA,"VPCL_AR_DIFF_LMER_SE"
"NJ2020","1","1","T0_T17","c_Viruses","Diff",1509907.60483298,4529722.81449893,233879.244524847,NA,"VPCL_AR_DIFF_LMER_SE"
"NJ2020","1","1","T0_T20","c_Viruses","Diff",1509907.60483298,4529722.81449893,246711.24384011,NA,"VPCL_AR_DIFF_LMER_SE"
"NJ2020","1","1","T0_T24","c_Viruses","Diff",1509907.60483298,4529722.81449893,363599.196137476,NA,"VPCL_AR_DIFF_LMER_SE"
"NJ2020","1","1","T0_T17","c_V1","Diff",138662.692186581,2357265.76717188,73172.0841900795,NA,"LM_AP"
"NJ2020","1","1","T0_T20","c_V1","Diff",39868.3980145163,797367.960290333,59137.594692047,NA,"LM_AP"
"NJ2020","1","1","T0_T24","c_V1","Diff",-12995.9866908274,-311903.68057985,48584.6565231249,NA,"LM_AP"
"NJ2020","1","1","T0_T3","c_V1","Diff",85403.5691150032,256210.707345009,125389.23104932,NA,"LM_AP"
"NJ2020","1","1","T0_T6","c_V1","Diff",607211.817995924,3643270.90797555,155949.505086899,NA,"LM_AP"
"NJ2020","1","1","T0_T17","c_V1","Diff",138662.692186582,2357265.76717188,15381.3736703551,NA,"LM_SR_AVG"
"NJ2020","1","1","T0_T20","c_V1","Diff",39868.3980145164,797367.960290327,20914.106351884,NA,"LM_SR_AVG"
"NJ2020","1","1","T0_T24","c_V1","Diff",-12995.9866908274,-311903.680579858,18374.306327941,NA,"LM_SR_AVG"
"NJ2020","1","1","T0_T3","c_V1","Diff",85403.5691150036,256210.70734501,121058.881245973,NA,"LM_SR_AVG"
"NJ2020","1","1","T0_T6","c_V1","Diff",607211.817995924,3643270.90797554,96648.1615844908,NA,"LM_SR_AVG"
"NJ2020","1","1","T0_T17","c_V1","Diff",138662.692186581,2357265.76717188,136895.687803916,NA,"LM_AR"
"NJ2020","1","1","T0_T20","c_V1","Diff",39868.3980145165,797367.960290326,105605.388784806,NA,"LM_AR"
"NJ2020","1","1","T0_T24","c_V1","Diff",-12995.9866908274,-311903.68057986,80914.4294467986,NA,"LM_AR"
"NJ2020","1","1","T0_T3","c_V1","Diff",85403.5691150033,256210.70734501,NA,NA,"LM_AR"
"NJ2020","1","1","T0_T6","c_V1","Diff",607211.817995924,3643270.90797555,301266.132956766,NA,"LM_AR"
"NJ2020","1","1","T0_T3","c_V1","Diff",85403.5691150033,256210.70734501,NA,1,"LM_AR_DIFF"
"NJ2020","1","1","T0_T6","c_V1","Diff",607211.817995924,3643270.90797555,301266.132956767,0.80246418332428,"LM_AR_DIFF"
"NJ2020","1","1","T0_T17","c_V1","Diff",138662.692186582,2357265.76717189,135616.130362897,0.343279120137331,"LM_AR_DIFF"
"NJ2020","1","1","T0_T20","c_V1","Diff",39868.3980145164,797367.960290328,100951.349622217,0.0494197824161055,"LM_AR_DIFF"
"NJ2020","1","1","T0_T24","c_V1","Diff",-12995.9866908274,-311903.680579858,77491.5595585259,0.00698243102137765,"LM_AR_DIFF"
"NJ2020","1","1","T0_T3","c_V1","Diff",85403.5691150037,256210.707345011,NA,1,"LM_AR_DIFF_LMER"
"NJ2020","1","1","T0_T6","c_V1","Diff",607211.817995924,3643270.90797554,301266.132956767,0.80246418332428,"LM_AR_DIFF_LMER"
"NJ2020","1","1","T0_T17","c_V1","Diff",138662.692186582,2357265.76717189,135616.130362897,0.343279120137332,"LM_AR_DIFF_LMER"
"NJ2020","1","1","T0_T20","c_V1","Diff",39868.3980145166,797367.960290332,100951.349622217,0.0494197824161059,"LM_AR_DIFF_LMER"
"NJ2020","1","1","T0_T24","c_V1","Diff",-12995.9866908269,-311903.680579846,77491.559558526,0.00698243102137706,"LM_AR_DIFF_LMER"
"NJ2020","1","1","T0_T17","c_V1","Diff",-66490.2041927357,-490566.293804497,NA,NA,"VPCL_SR_AVG"
"NJ2020","1","1","T0_T20","c_V1","Diff",-176593.157260528,-2282702.13464615,NA,NA,"VPCL_SR_AVG"
"NJ2020","1","1","T0_T24","c_V1","Diff",-213742.176601073,-3168132.277261,NA,NA,"VPCL_SR_AVG"
"NJ2020","1","1","T0_T3","c_V1","Diff",50468.189602039,151404.568806117,NA,NA,"VPCL_SR_AVG"
"NJ2020","1","1","T0_T6","c_V1","Diff",208269.772229485,714826.79126807,NA,NA,"VPCL_SR_AVG"
"NJ2020","1","1","T0_T17","c_V1","Diff",-74455.634381609,-641970.862610614,NA,NA,"VPCL_AR"
"NJ2020","1","1","T0_T20","c_V1","Diff",-190609.674332656,-2466642.72483496,NA,NA,"VPCL_AR"
"NJ2020","1","1","T0_T24","c_V1","Diff",-161534.348331915,-2974915.84191521,NA,NA,"VPCL_AR"
"NJ2020","1","1","T0_T3","c_V1","Diff",0,0,NA,NA,"VPCL_AR"
"NJ2020","1","1","T0_T6","c_V1","Diff",187807.407487318,563422.222461954,NA,NA,"VPCL_AR"
"NJ2020","1","1","T0_T17","c_V1","Diff",54338.067910015,-904740.512888376,203770.570443857,NA,"VPCL_AR_SE"
"NJ2020","1","1","T0_T20","c_V1","Diff",-70099.83878608,-3047279.22536563,211883.096978691,NA,"VPCL_AR_SE"
"NJ2020","1","1","T0_T24","c_V1","Diff",-70099.83878608,-3047279.22536563,211883.096978691,NA,"VPCL_AR_SE"
"NJ2020","1","1","T0_T3","c_V1","Diff",0,0,0,NA,"VPCL_AR_SE"
"NJ2020","1","1","T0_T6","c_V1","Diff",187807.407487318,563422.222461954,169972.480813979,NA,"VPCL_AR_SE"
"NJ2020","1","1","T0_T3","c_V1","Diff",85403.5691150033,256210.70734501,NA,NA,"VPCL_AR_DIFF"
"NJ2020","1","1","T0_T6","c_V1","Diff",607211.817995924,3643270.90797554,NA,NA,"VPCL_AR_DIFF"
"NJ2020","1","1","T0_T17","c_V1","Diff",607211.817995924,3643270.90797554,NA,NA,"VPCL_AR_DIFF"
"NJ2020","1","1","T0_T20","c_V1","Diff",607211.817995924,3643270.90797554,NA,NA,"VPCL_AR_DIFF"
"NJ2020","1","1","T0_T24","c_V1","Diff",607211.817995924,3643270.90797554,NA,NA,"VPCL_AR_DIFF"
"NJ2020","1","1","T0_T3","c_V1","Diff",0,0,0,NA,"VPCL_AR_DIFF_SE"
"NJ2020","1","1","T0_T6","c_V1","Diff",1129020.06687684,3387060.20063053,289109.761592231,NA,"VPCL_AR_DIFF_SE"
"NJ2020","1","1","T0_T17","c_V1","Diff",1129020.06687684,3387060.20063053,289109.761592231,NA,"VPCL_AR_DIFF_SE"
"NJ2020","1","1","T0_T20","c_V1","Diff",1129020.06687684,3387060.20063053,289109.761592231,NA,"VPCL_AR_DIFF_SE"
"NJ2020","1","1","T0_T24","c_V1","Diff",1129020.06687684,3387060.20063053,289109.761592231,NA,"VPCL_AR_DIFF_SE"
"NJ2020","1","1","T0_T3","c_V1","Diff",85403.5691150039,256210.707345012,NA,NA,"VPCL_AR_DIFF_LMER"
"NJ2020","1","1","T0_T6","c_V1","Diff",607211.817995923,3643270.90797554,NA,NA,"VPCL_AR_DIFF_LMER"
"NJ2020","1","1","T0_T17","c_V1","Diff",607211.817995925,3643270.90797555,NA,NA,"VPCL_AR_DIFF_LMER"
"NJ2020","1","1","T0_T20","c_V1","Diff",607211.817995925,3643270.90797555,NA,NA,"VPCL_AR_DIFF_LMER"
"NJ2020","1","1","T0_T24","c_V1","Diff",607211.817995927,3643270.90797556,NA,NA,"VPCL_AR_DIFF_LMER"
"NJ2020","1","1","T0_T3","c_V1","Diff",0,0,0,NA,"VPCL_AR_DIFF_LMER_SE"
"NJ2020","1","1","T0_T6","c_V1","Diff",1129020.06687684,3387060.20063053,195789.547542746,NA,"VPCL_AR_DIFF_LMER_SE"
"NJ2020","1","1","T0_T17","c_V1","Diff",1129020.06687684,3387060.20063053,193212.57783265,NA,"VPCL_AR_DIFF_LMER_SE"
"NJ2020","1","1","T0_T20","c_V1","Diff",1129020.06687684,3387060.20063053,206704.426520124,NA,"VPCL_AR_DIFF_LMER_SE"
"NJ2020","1","1","T0_T24","c_V1","Diff",1129020.06687684,3387060.20063053,314945.425647007,NA,"VPCL_AR_DIFF_LMER_SE"
"NJ2020","1","1","T0_T17","c_V2","Diff",28664.7359605464,487300.51132929,15184.1502714504,NA,"LM_AP"
"NJ2020","1","1","T0_T20","c_V2","Diff",5043.12753308829,100862.550661766,12534.7902519771,NA,"LM_AP"
"NJ2020","1","1","T0_T24","c_V2","Diff",-6196.44004425697,-148714.561062168,10035.2565827666,NA,"LM_AP"
"NJ2020","1","1","T0_T3","c_V2","Diff",-11774.93438135,-35324.8031440497,26051.8507928754,NA,"LM_AP"
"NJ2020","1","1","T0_T6","c_V2","Diff",106572.325559002,639433.953354012,37541.0943888137,NA,"LM_AP"
"NJ2020","1","1","T0_T17","c_V2","Diff",28664.7359605464,487300.51132929,2701.18183302283,NA,"LM_SR_AVG"
"NJ2020","1","1","T0_T20","c_V2","Diff",5043.12753308828,100862.550661766,2147.68563625274,NA,"LM_SR_AVG"
"NJ2020","1","1","T0_T24","c_V2","Diff",-6196.44004425698,-148714.561062168,3989.06512652715,NA,"LM_SR_AVG"
"NJ2020","1","1","T0_T3","c_V2","Diff",-11774.9343813501,-35324.8031440503,27304.2451200224,NA,"LM_SR_AVG"
"NJ2020","1","1","T0_T6","c_V2","Diff",106572.325559002,639433.953354012,23217.6090838055,NA,"LM_SR_AVG"
"NJ2020","1","1","T0_T17","c_V2","Diff",28664.7359605465,487300.511329289,26531.7758317078,NA,"LM_AR"
"NJ2020","1","1","T0_T20","c_V2","Diff",5043.12753308829,100862.550661766,21706.3290276895,NA,"LM_AR"
"NJ2020","1","1","T0_T24","c_V2","Diff",-6196.44004425699,-148714.561062167,16662.1137573569,NA,"LM_AR"
"NJ2020","1","1","T0_T3","c_V2","Diff",-11774.93438135,-35324.8031440499,NA,NA,"LM_AR"
"NJ2020","1","1","T0_T6","c_V2","Diff",106572.325559002,639433.953354011,68327.8223844169,NA,"LM_AR"
"NJ2020","1","1","T0_T3","c_V2","Diff",-11774.9343813499,-35324.8031440498,NA,1,"LM_AR_DIFF"
"NJ2020","1","1","T0_T6","c_V2","Diff",106572.325559002,639433.953354012,68327.8223844168,0.708686584148506,"LM_AR_DIFF"
"NJ2020","1","1","T0_T17","c_V2","Diff",28664.7359605464,487300.51132929,25025.2591367069,0.396137959032084,"LM_AR_DIFF"
"NJ2020","1","1","T0_T20","c_V2","Diff",5043.12753308828,100862.550661766,20787.9049487946,0.0192406465240818,"LM_AR_DIFF"
"NJ2020","1","1","T0_T24","c_V2","Diff",-6196.44004425698,-148714.561062168,16061.1155958826,0.0358761573251627,"LM_AR_DIFF"
"NJ2020","1","1","T0_T3","c_V2","Diff",-11774.9343813505,-35324.8031440514,NA,1,"LM_AR_DIFF_LMER"
"NJ2020","1","1","T0_T6","c_V2","Diff",106572.325559002,639433.95335401,68327.8223844171,0.708686584148502,"LM_AR_DIFF_LMER"
"NJ2020","1","1","T0_T17","c_V2","Diff",28664.7359605465,487300.51132929,25025.2591367069,0.396137959032085,"LM_AR_DIFF_LMER"
"NJ2020","1","1","T0_T20","c_V2","Diff",5043.12753308822,100862.550661764,20787.9049487945,0.0192406465240813,"LM_AR_DIFF_LMER"
"NJ2020","1","1","T0_T24","c_V2","Diff",-6196.44004425699,-148714.561062168,16061.1155958826,0.0358761573251629,"LM_AR_DIFF_LMER"
"NJ2020","1","1","T0_T17","c_V2","Diff",11104.8603513081,-85504.2322080413,NA,NA,"VPCL_SR_AVG"
"NJ2020","1","1","T0_T20","c_V2","Diff",-15306.9042775314,-562054.849791892,NA,NA,"VPCL_SR_AVG"
"NJ2020","1","1","T0_T24","c_V2","Diff",-13955.3160477915,-688755.203016124,NA,NA,"VPCL_SR_AVG"
"NJ2020","1","1","T0_T3","c_V2","Diff",-10246.3290530945,-30738.9871592834,NA,NA,"VPCL_SR_AVG"
"NJ2020","1","1","T0_T6","c_V2","Diff",16300.1027887822,48900.3083663466,NA,NA,"VPCL_SR_AVG"
"NJ2020","1","1","T0_T17","c_V2","Diff",-11275.8841288513,-100115.892902318,NA,NA,"VPCL_AR"
"NJ2020","1","1","T0_T20","c_V2","Diff",-42181.0528814063,-590534.740339688,NA,NA,"VPCL_AR"
"NJ2020","1","1","T0_T24","c_V2","Diff",-42279.5474410379,-731236.385854435,NA,NA,"VPCL_AR"
"NJ2020","1","1","T0_T3","c_V2","Diff",0,0,NA,NA,"VPCL_AR"
"NJ2020","1","1","T0_T6","c_V2","Diff",23399.3027168189,70197.9081504566,NA,NA,"VPCL_AR"
"NJ2020","1","1","T0_T17","c_V2","Diff",-19248.8283005332,-211737.111305865,6478.42784595703,NA,"VPCL_AR_SE"
"NJ2020","1","1","T0_T20","c_V2","Diff",-50153.9970530882,-702155.958743235,4611.35471672108,NA,"VPCL_AR_SE"
"NJ2020","1","1","T0_T24","c_V2","Diff",-47272.9448042951,-850913.006477312,8255.42855039378,NA,"VPCL_AR_SE"
"NJ2020","1","1","T0_T3","c_V2","Diff",0,0,0,NA,"VPCL_AR_SE"
"NJ2020","1","1","T0_T6","c_V2","Diff",0,0,0,NA,"VPCL_AR_SE"
"NJ2020","1","1","T0_T3","c_V2","Diff",0,0,NA,NA,"VPCL_AR_DIFF"
"NJ2020","1","1","T0_T6","c_V2","Diff",224919.585499354,674758.756498062,NA,NA,"VPCL_AR_DIFF"
"NJ2020","1","1","T0_T17","c_V2","Diff",224919.585499354,674758.756498062,NA,NA,"VPCL_AR_DIFF"
"NJ2020","1","1","T0_T20","c_V2","Diff",224919.585499354,674758.756498062,NA,NA,"VPCL_AR_DIFF"
"NJ2020","1","1","T0_T24","c_V2","Diff",224919.585499354,674758.756498062,NA,NA,"VPCL_AR_DIFF"
"NJ2020","1","1","T0_T3","c_V2","Diff",0,0,0,NA,"VPCL_AR_DIFF_SE"
"NJ2020","1","1","T0_T6","c_V2","Diff",224919.585499354,674758.756498062,72560.3050969831,NA,"VPCL_AR_DIFF_SE"
"NJ2020","1","1","T0_T17","c_V2","Diff",224919.585499354,674758.756498062,72560.3050969831,NA,"VPCL_AR_DIFF_SE"
"NJ2020","1","1","T0_T20","c_V2","Diff",224919.585499354,674758.756498062,72560.3050969831,NA,"VPCL_AR_DIFF_SE"
"NJ2020","1","1","T0_T24","c_V2","Diff",224919.585499354,674758.756498062,72560.3050969831,NA,"VPCL_AR_DIFF_SE"
"NJ2020","1","1","T0_T3","c_V2","Diff",0,0,NA,NA,"VPCL_AR_DIFF_LMER"
"NJ2020","1","1","T0_T6","c_V2","Diff",224919.585499354,674758.756498062,NA,NA,"VPCL_AR_DIFF_LMER"
"NJ2020","1","1","T0_T17","c_V2","Diff",224919.585499354,674758.756498062,NA,NA,"VPCL_AR_DIFF_LMER"
"NJ2020","1","1","T0_T20","c_V2","Diff",224919.585499354,674758.756498062,NA,NA,"VPCL_AR_DIFF_LMER"
"NJ2020","1","1","T0_T24","c_V2","Diff",224919.585499354,674758.756498062,NA,NA,"VPCL_AR_DIFF_LMER"
"NJ2020","1","1","T0_T3","c_V2","Diff",0,0,0,NA,"VPCL_AR_DIFF_LMER_SE"
"NJ2020","1","1","T0_T6","c_V2","Diff",224919.585499354,674758.756498062,49005.8769016385,NA,"VPCL_AR_DIFF_LMER_SE"
"NJ2020","1","1","T0_T17","c_V2","Diff",224919.585499354,674758.756498062,45475.5717188756,NA,"VPCL_AR_DIFF_LMER_SE"
"NJ2020","1","1","T0_T20","c_V2","Diff",224919.585499354,674758.756498062,41825.8525605804,NA,"VPCL_AR_DIFF_LMER_SE"
"NJ2020","1","1","T0_T24","c_V2","Diff",224919.585499354,674758.756498062,49055.0135024879,NA,"VPCL_AR_DIFF_LMER_SE"
"NJ2020","1","1","T0_T17","c_V3","Diff",19436.9318709636,330427.841806381,9247.80991150399,NA,"LM_AP"
"NJ2020","1","1","T0_T20","c_V3","Diff",5353.69550652905,107073.910130581,7384.18137757191,NA,"LM_AP"
"NJ2020","1","1","T0_T24","c_V3","Diff",-163.938158593829,-3934.5158062519,5782.76874328834,NA,"LM_AP"
"NJ2020","1","1","T0_T3","c_V3","Diff",-29108.3788701145,-87325.1366103437,18333.1536198888,NA,"LM_AP"
"NJ2020","1","1","T0_T6","c_V3","Diff",63429.7867933337,380578.720760002,26432.9160198952,NA,"LM_AP"
"NJ2020","1","1","T0_T17","c_V3","Diff",19436.9318709636,330427.841806381,3324.98499141521,NA,"LM_SR_AVG"
"NJ2020","1","1","T0_T20","c_V3","Diff",5353.69550652906,107073.910130581,1886.35177940034,NA,"LM_SR_AVG"
"NJ2020","1","1","T0_T24","c_V3","Diff",-163.938158593827,-3934.51580625187,1899.89250969749,NA,"LM_SR_AVG"
"NJ2020","1","1","T0_T3","c_V3","Diff",-29108.3788701145,-87325.1366103436,12247.986802504,NA,"LM_SR_AVG"
"NJ2020","1","1","T0_T6","c_V3","Diff",63429.7867933337,380578.720760002,17827.3506295506,NA,"LM_SR_AVG"
"NJ2020","1","1","T0_T17","c_V3","Diff",19436.9318709636,330427.841806381,16901.4393244188,NA,"LM_AR"
"NJ2020","1","1","T0_T20","c_V3","Diff",5353.69550652905,107073.910130581,13269.4458709407,NA,"LM_AR"
"NJ2020","1","1","T0_T24","c_V3","Diff",-163.938158593829,-3934.5158062519,9807.81670991596,NA,"LM_AR"
"NJ2020","1","1","T0_T3","c_V3","Diff",-29108.3788701145,-87325.1366103436,NA,NA,"LM_AR"
"NJ2020","1","1","T0_T6","c_V3","Diff",63429.7867933337,380578.720760002,53426.934856106,NA,"LM_AR"
"NJ2020","1","1","T0_T3","c_V3","Diff",-29108.3788701145,-87325.1366103436,NA,1,"LM_AR_DIFF"
"NJ2020","1","1","T0_T6","c_V3","Diff",63429.7867933337,380578.720760002,53426.934856106,0.584976641937924,"LM_AR_DIFF"
"NJ2020","1","1","T0_T17","c_V3","Diff",19436.9318709636,330427.841806381,16558.6443635234,0.407909580475444,"LM_AR_DIFF"
"NJ2020","1","1","T0_T20","c_V3","Diff",5353.69550652905,107073.910130581,13109.5775746876,0.0526638716542085,"LM_AR_DIFF"
"NJ2020","1","1","T0_T24","c_V3","Diff",-163.938158593824,-3934.51580625177,9703.79945820783,7.1348607451317e-05,"LM_AR_DIFF"
"NJ2020","1","1","T0_T3","c_V3","Diff",-29108.3788701147,-87325.1366103442,NA,1,"LM_AR_DIFF_LMER"
"NJ2020","1","1","T0_T6","c_V3","Diff",63429.7867933336,380578.720760002,53426.9348561061,0.584976641937922,"LM_AR_DIFF_LMER"
"NJ2020","1","1","T0_T17","c_V3","Diff",19436.9318709636,330427.841806381,16558.6443635233,0.407909580475443,"LM_AR_DIFF_LMER"
"NJ2020","1","1","T0_T20","c_V3","Diff",5353.69550652908,107073.910130582,13109.5775746876,0.052663871654209,"LM_AR_DIFF_LMER"
"NJ2020","1","1","T0_T24","c_V3","Diff",-163.938158593866,-3934.51580625278,9703.79945820783,7.13486074513535e-05,"LM_AR_DIFF_LMER"
"NJ2020","1","1","T0_T17","c_V3","Diff",26187.5603201215,13359.7911427127,NA,NA,"VPCL_SR_AVG"
"NJ2020","1","1","T0_T20","c_V3","Diff",9888.42973061963,-231719.40096685,NA,NA,"VPCL_SR_AVG"
"NJ2020","1","1","T0_T24","c_V3","Diff",11105.1558689873,-241566.377990346,NA,NA,"VPCL_SR_AVG"
"NJ2020","1","1","T0_T3","c_V3","Diff",-15333.9543812737,-46001.8631438211,NA,NA,"VPCL_SR_AVG"
"NJ2020","1","1","T0_T6","c_V3","Diff",17979.3337846365,53938.0013539096,NA,NA,"VPCL_SR_AVG"
"NJ2020","1","1","T0_T17","c_V3","Diff",-5457.06027201757,-48904.4466500787,NA,NA,"VPCL_AR"
"NJ2020","1","1","T0_T20","c_V3","Diff",-13315.664047983,-294326.417652306,NA,NA,"VPCL_AR"
"NJ2020","1","1","T0_T24","c_V3","Diff",-11165.447581658,-313628.875439256,NA,NA,"VPCL_AR"
"NJ2020","1","1","T0_T3","c_V3","Diff",-15333.9543812737,-46001.863143821,NA,NA,"VPCL_AR"
"NJ2020","1","1","T0_T6","c_V3","Diff",12407.4519746475,37222.3559239427,NA,NA,"VPCL_AR"
"NJ2020","1","1","T0_T17","c_V3","Diff",19281.0512641893,-9839.6869412877,28797.3712182151,NA,"VPCL_AR_SE"
"NJ2020","1","1","T0_T20","c_V3","Diff",3563.8437122585,-255261.657943514,28196.9800483959,NA,"VPCL_AR_SE"
"NJ2020","1","1","T0_T24","c_V3","Diff",3563.8437122585,-255261.657943514,28196.9800483959,NA,"VPCL_AR_SE"
"NJ2020","1","1","T0_T3","c_V3","Diff",0,0,0,NA,"VPCL_AR_SE"
"NJ2020","1","1","T0_T6","c_V3","Diff",27741.4063559212,83224.2190677637,24926.6243490831,NA,"VPCL_AR_SE"
"NJ2020","1","1","T0_T3","c_V3","Diff",0,0,NA,NA,"VPCL_AR_DIFF"
"NJ2020","1","1","T0_T6","c_V3","Diff",155967.952456782,467903.857370346,NA,NA,"VPCL_AR_DIFF"
"NJ2020","1","1","T0_T17","c_V3","Diff",155967.952456782,467903.857370346,NA,NA,"VPCL_AR_DIFF"
"NJ2020","1","1","T0_T20","c_V3","Diff",155967.952456782,467903.857370346,NA,NA,"VPCL_AR_DIFF"
"NJ2020","1","1","T0_T24","c_V3","Diff",155967.952456782,467903.857370346,NA,NA,"VPCL_AR_DIFF"
"NJ2020","1","1","T0_T3","c_V3","Diff",0,0,0,NA,"VPCL_AR_DIFF_SE"
"NJ2020","1","1","T0_T6","c_V3","Diff",155967.952456782,467903.857370346,38016.2030584958,NA,"VPCL_AR_DIFF_SE"
"NJ2020","1","1","T0_T17","c_V3","Diff",155967.952456782,467903.857370346,38016.2030584958,NA,"VPCL_AR_DIFF_SE"
"NJ2020","1","1","T0_T20","c_V3","Diff",155967.952456782,467903.857370346,38016.2030584958,NA,"VPCL_AR_DIFF_SE"
"NJ2020","1","1","T0_T24","c_V3","Diff",155967.952456782,467903.857370346,38016.2030584958,NA,"VPCL_AR_DIFF_SE"
"NJ2020","1","1","T0_T3","c_V3","Diff",0,0,NA,NA,"VPCL_AR_DIFF_LMER"
"NJ2020","1","1","T0_T6","c_V3","Diff",155967.952456782,467903.857370346,NA,NA,"VPCL_AR_DIFF_LMER"
"NJ2020","1","1","T0_T17","c_V3","Diff",155967.952456782,467903.857370346,NA,NA,"VPCL_AR_DIFF_LMER"
"NJ2020","1","1","T0_T20","c_V3","Diff",155967.952456782,467903.857370346,NA,NA,"VPCL_AR_DIFF_LMER"
"NJ2020","1","1","T0_T24","c_V3","Diff",155967.952456782,467903.857370346,NA,NA,"VPCL_AR_DIFF_LMER"
"NJ2020","1","1","T0_T3","c_V3","Diff",0,0,0,NA,"VPCL_AR_DIFF_LMER_SE"
"NJ2020","1","1","T0_T6","c_V3","Diff",155967.952456782,467903.857370346,31640.2799530624,NA,"VPCL_AR_DIFF_LMER_SE"
"NJ2020","1","1","T0_T17","c_V3","Diff",155967.952456782,467903.857370346,28573.0370508204,NA,"VPCL_AR_DIFF_LMER_SE"
"NJ2020","1","1","T0_T20","c_V3","Diff",155967.952456782,467903.857370346,27093.9421542635,NA,"VPCL_AR_DIFF_LMER_SE"
"NJ2020","1","1","T0_T24","c_V3","Diff",155967.952456782,467903.857370346,28084.3217606093,NA,"VPCL_AR_DIFF_LMER_SE"
