"Sample_Name","Staining_Protocol","Expt_Date","Date_Measurement","Location","Expt_No","Depth","Sample_Type","Timepoint","Replicate","c_Bacteria","c_HNA","c_LNA","c_Viruses","c_V1","c_V2","c_V3","VBR","HNAperLNA"
"vi201102.021","Viruses",2020-08-04,2020-11-02,"NJ2020",1,1,"0.22",0,1,33262.2601279318,12095.3673192479,21166.8928086839,167846481.876333,139607157.427415,23902141.2727252,4337183.17619202,5046.15384615385,0.571428571428571
"vi201102.036","Viruses",2020-08-04,2020-11-02,"NJ2020",1,1,"VP",0,1,1528784.64818763,924134.92599259,604649.722195043,9218507.46268657,7347689.79153366,1275850.96819533,594966.702957575,6.02995815899582,1.52838063439065
"vi201102.079","Viruses",2020-08-04,2020-11-02,"NJ2020",1,1,"VPC",0,1,1434115.13859275,867115.60607961,566999.532513141,7540810.23454158,5760696.03858608,1175887.42412259,604226.771832911,5.25816235504014,1.52930568079351
"vi201102.022","Viruses",2020-08-04,2020-11-02,"NJ2020",1,1,"0.22",0,2,2558.63539445629,319.829424307036,2238.80597014925,148615778.251599,123805640.084685,21219394.525744,3590743.64116998,58084,0.142857142857143
"vi201102.037","Viruses",2020-08-04,2020-11-02,"NJ2020",1,1,"VP",0,2,1459701.49253731,877636.695582213,582064.7969551,8725202.5586354,6827751.13279736,1253894.60568183,643556.820156196,5.97738825591586,1.50779896013865
"vi201102.080","Viruses",2020-08-04,2020-11-02,"NJ2020",1,1,"VPC",0,2,1395735.60767591,830283.746104642,565451.861571265,7965031.98294243,6115218.50982582,1201275.28961884,648538.183497768,5.70669110907424,1.46835443037975
"vi201102.023","Viruses",2020-08-04,2020-11-02,"NJ2020",1,1,"0.22",0,3,2558.63539445629,1119.40298507463,1439.23240938166,162381236.673774,133710102.775316,24146486.2384953,4524647.65996291,63464,0.777777777777778
"vi201102.038","Viruses",2020-08-04,2020-11-02,"NJ2020",1,1,"VP",0,3,1533901.91897655,913072.909321675,620829.00965487,9012281.44989339,7036517.78162831,1245212.52039113,730551.147873951,5.87539616346956,1.47073170731707
"vi201102.081","Viruses",2020-08-04,2020-11-02,"NJ2020",1,1,"VPC",0,3,1431556.50319829,871715.656411818,559840.846786476,7965031.98294243,6122742.15464598,1205287.90018959,637001.928106857,5.5638963360143,1.55707762557078
"vi201102.039","Viruses",2020-08-04,2020-11-02,"NJ2020",1,1,"VP",3,1,1601449.89339019,998949.19240801,602500.700982182,8889466.95095949,7044005.87290997,1177721.66647569,667739.411573831,5.55088672311871,1.6580050293378
"vi201102.082","Viruses",2020-08-04,2020-11-02,"NJ2020",1,1,"VPC",3,1,1419786.7803838,845634.618204825,574152.162178971,7945586.35394456,6246328.26991703,1085860.02122775,613398.062799785,5.59632366192107,1.47284060552093
"vi201102.040","Viruses",2020-08-04,2020-11-02,"NJ2020",1,1,"VP",3,2,1614243.07036247,971778.369016708,642464.701345765,8836759.06183369,6782321.70024213,1334243.48205729,720193.879534268,5.4742431447139,1.5125786163522
"vi201102.083","Viruses",2020-08-04,2020-11-02,"NJ2020",1,1,"VPC",3,2,1357867.80383795,775048.038636422,582819.765201531,7545415.7782516,5722190.81031949,1210974.09933825,612250.868593855,5.5568117580554,1.32982456140351
"vi201102.041","Viruses",2020-08-04,2020-11-02,"NJ2020",1,1,"VP",3,3,1601449.89339019,964607.157481951,636842.735908241,8511300.63965885,6591056.09487901,1197923.454406,722321.090373842,5.31474676465889,1.5146708961142
"vi201102.084","Viruses",2020-08-04,2020-11-02,"NJ2020",1,1,"VPC",3,3,1392153.51812367,833860.590547081,558292.927576586,7670277.18550107,5963209.48465053,1109644.12498036,597423.575870182,5.50964896158794,1.49358974358974
"vi201102.049","Viruses",2020-08-04,2020-11-02,"NJ2020",1,1,"VP",6,1,1445884.86140725,911305.875327136,534578.986080113,8335778.25159915,6659909.07171775,1109984.84528629,565884.334595107,5.76517430543267,1.70471698113208
"vi201102.091","Viruses",2020-08-04,2020-11-02,"NJ2020",1,1,"VPC",6,1,1454584.2217484,859271.760337858,595312.461410542,7668486.14072495,6074270.53401375,1069290.95572093,524924.650990273,5.27194371152155,1.44339622641509
"vi201102.050","Viruses",2020-08-04,2020-11-02,"NJ2020",1,1,"VP",6,2,1510874.20042644,957290.700804594,553583.499621845,8228827.29211087,6491806.37586664,1116939.09058782,620081.825656418,5.44640135478408,1.72926162260711
"vi201102.092","Viruses",2020-08-04,2020-11-02,"NJ2020",1,1,"VPC",6,2,1598891.25799574,944219.07889943,654672.179096306,9191385.92750533,7094674.54538254,1359257.73697788,737453.645144907,5.74859977596415,1.44227769110764
"vi201102.051","Viruses",2020-08-04,2020-11-02,"NJ2020",1,1,"VP",6,3,1341492.53731343,866957.813261892,474534.724051541,7429509.59488273,5860367.18608697,1021767.14991351,547375.25888224,5.53824146481022,1.82696390658174
"vi201102.093","Viruses",2020-08-04,2020-11-02,"NJ2020",1,1,"VPC",6,3,1367590.61833689,806567.068671998,561023.549664889,7620895.52238806,5852987.31977783,1049679.91956503,718228.283045206,5.57249766136576,1.43767060964513
"vi201102.052","Viruses",2020-08-04,2020-11-02,"NJ2020",1,1,"VP",17,1,2103454.15778252,1472215.26553853,631238.892243982,9977398.7206823,8234775.97580285,1136363.2466609,606259.498218561,4.74334022624985,2.3322632423756
"vi201102.094","Viruses",2020-08-04,2020-11-02,"NJ2020",1,1,"VPC",17,1,1282132.19616205,696189.616068882,585942.580093165,8074797.44136461,6274352.71298467,1117104.32550992,683340.40287001,6.29794452205149,1.18815331010453
"vi201102.053","Viruses",2020-08-04,2020-11-02,"NJ2020",1,1,"VP",17,2,2085031.98294243,1500959.61259923,584072.370343203,9691343.28358209,7674592.94924332,1306535.91326953,710214.421069241,4.64805497607068,2.56981786643539
"vi201102.095","Viruses",2020-08-04,2020-11-02,"NJ2020",1,1,"VPC",17,2,1347121.53518124,791223.334418688,555898.200762549,8993347.54797441,7120817.69461807,1198979.5640411,673550.289315244,6.67597340930674,1.42332415059688
"vi201102.054","Viruses",2020-08-04,2020-11-02,"NJ2020",1,1,"VP",17,3,2118805.97014925,1553385.7256044,565420.244544851,9635053.30490405,7837928.89099389,1167583.87489238,629540.539017781,4.54739765728777,2.74731182795699
"vi201102.096","Viruses",2020-08-04,2020-11-02,"NJ2020",1,1,"VPC",17,3,1348656.71641791,799393.042358231,549263.674059679,8327078.891258,6520297.58653813,1163892.85042778,642888.454292084,6.17435021817492,1.45539033457249
"vi201102.061","Viruses",2020-08-04,2020-11-02,"NJ2020",1,1,"VP",20,1,2923240.93816631,2218248.06413145,704992.874034862,9175522.3880597,7263242.90180717,1263618.65413417,648660.832118354,3.13881838074398,3.1464829586657
"vi201102.108","Viruses",2020-08-04,2020-11-02,"NJ2020",1,1,"VPC",20,1,1285202.55863539,734328.459943961,550874.098691433,8408955.2238806,6655183.64302583,1170689.02602773,583082.554827036,6.54290264782003,1.3330241187384
"vi201102.062","Viruses",2020-08-04,2020-11-02,"NJ2020",1,1,"VP",20,2,2944221.74840085,2302106.36100869,642115.387392164,10484008.5287846,8455685.44681708,1289500.62731045,738822.454657113,3.56087598852872,3.58519108280255
"vi201102.109","Viruses",2020-08-04,2020-11-02,"NJ2020",1,1,"VPC",20,2,1384477.6119403,766087.833258954,618389.778681344,8812707.8891258,6979032.79745646,1193272.24072419,640402.85094515,6.3653668453151,1.23884297520661
"vi201102.063","Viruses",2020-08-04,2020-11-02,"NJ2020",1,1,"VP",20,3,2872579.95735608,2236103.35174862,636476.60560746,9372025.58635394,7410495.68638775,1266291.73502304,695238.164943154,3.26258127727799,3.51325301204819
"vi201102.110","Viruses",2020-08-04,2020-11-02,"NJ2020",1,1,"VPC",20,3,1355309.1684435,744602.359887698,610706.808555799,8975948.82729211,7134160.81877672,1208736.28318415,633051.725331248,6.62280536152539,1.21924686192469
"vi201102.024","Viruses",2020-08-04,2020-11-02,"NJ2020",1,1,"0.22",24,1,12793.1769722814,4975.12437810945,7818.05259417199,135950533.049041,113303755.316989,19023692.5329617,3623085.19908977,10626.8,0.636363636363637
"vi201102.064","Viruses",2020-08-04,2020-11-02,"NJ2020",1,1,"VP",24,1,3533731.34328358,2883332.51986342,650398.823420159,12333390.1918977,10086238.196283,1538955.64423663,708196.351377999,3.49018897979871,4.43317610062893
"vi201102.111","Viruses",2020-08-04,2020-11-02,"NJ2020",1,1,"VPC",24,1,1267803.83795309,688323.970061594,579479.867891498,8460639.65884861,6691094.10928551,1236168.32567491,533377.223888198,6.67346115035318,1.18783068783069
"vi201102.025","Viruses",2020-08-04,2020-11-02,"NJ2020",1,1,"0.22",24,2,28144.9893390192,6701.18793786171,21443.8014011575,131549680.170576,109809228.137231,18304862.2510114,3435589.78233366,4674,0.3125
"vi201102.099","Viruses",2020-08-04,2020-11-02,"NJ2020",1,1,"VP",24,2,3780383.79530917,3033300.6500345,747083.14527467,9830788.91257996,7764923.92962414,1391286.58963812,674578.39331769,2.60047377326565,4.06019151846785
"vi201102.112","Viruses",2020-08-04,2020-11-02,"NJ2020",1,1,"VPC",24,2,1262686.56716418,701095.091116655,561591.476047524,8529211.08742004,6769470.53059558,1157909.28639049,601831.270433965,6.7548125633232,1.2484076433121
"vi201102.026","Viruses",2020-08-04,2020-11-02,"NJ2020",1,1,"0.22",24,3,-7675.90618336887,-2193.1160523911,-5482.79013097776,138703624.733475,116994360.502333,18299092.3199492,3410171.9111938,-18070,0.4
"vi201102.100","Viruses",2020-08-04,2020-11-02,"NJ2020",1,1,"VP",24,3,3451343.28358209,2747279.47236431,704063.811217782,8707036.24733475,6748015.62426306,1292173.20464612,666847.41842558,2.52279635258359,3.90203193033382
"vi201102.113","Viruses",2020-08-04,2020-11-02,"NJ2020",1,1,"VPC",24,3,1287761.19402985,703158.493248046,584602.700781805,8488272.92110874,6584394.12744381,1231714.56152075,672164.232144183,6.59149612557123,1.2027972027972
"vi201103.011","Viruses",2020-08-06,2020-11-03,"NJ2020",2,1,"0.22",0,1,2302.77185501066,657.934815717332,1644.83703929333,12126652.4520256,10474609.8566486,1558655.2412912,93387.3540858288,5266.11111111111,0.4
"vi201103.027","Viruses",2020-08-06,2020-11-03,"NJ2020",2,1,"VP",0,1,902558.635394456,485109.308981462,417449.326412995,33939019.1897655,28626526.845766,4623201.22266329,689291.121336125,37.603118355776,1.16207951070336
"vi201104.009","Viruses",2020-08-06,2020-11-03,"NJ2020",2,1,"VPC",0,1,825159.914712153,467213.832987703,357946.08172445,36735607.6759062,31173468.4722723,4822707.81222524,739431.391408684,44.5193798449612,1.30526315789474
"vi201103.013","Viruses",2020-08-06,2020-11-03,"NJ2020",2,1,"0.22",0,2,2302.77185501066,328.967407858666,1973.80444715199,12777569.2963753,10998407.650657,1675072.56541792,104089.080300295,5548.77777777778,0.166666666666667
"vi201103.028","Viruses",2020-08-06,2020-11-03,"NJ2020",2,1,"VP",0,2,857782.515991471,513137.755102041,344644.76088943,34344562.8997868,28800530.5860556,4845791.46817307,698240.84555808,40.0387770320656,1.48888888888889
"vi201104.010","Viruses",2020-08-06,2020-11-03,"NJ2020",2,1,"VPC",0,2,770149.253731343,451553.308376683,318595.94535466,34180810.2345416,28994947.5223088,4534163.38743347,651699.324799306,44.3820598006645,1.41732283464567
"vi201103.014","Viruses",2020-08-06,2020-11-03,"NJ2020",2,1,"0.22",0,3,4349.68017057569,0,4349.68017057569,11726993.6034115,9998794.39030925,1618093.74356522,110105.46953705,2696.05882352941,0
"vi201103.029","Viruses",2020-08-06,2020-11-03,"NJ2020",2,1,"VP",0,3,810447.76119403,490097.543777177,320350.217416853,34106609.8081023,28548909.3674178,4803640.58189821,754059.858786347,42.0836621941594,1.52988047808765
"vi201104.011","Viruses",2020-08-06,2020-11-03,"NJ2020",2,1,"VPC",0,3,841791.044776119,488741.367787926,353049.676988193,34688699.3603412,29698408.5135331,4346016.30847585,644274.538332219,41.2082066869301,1.38434163701068
"vi201103.030","Viruses",2020-08-06,2020-11-03,"NJ2020",2,1,"VP",3,1,905117.270788913,523410.55151404,381706.719274873,31519829.424307,26589821.0869008,4314708.78937687,615299.548029338,34.8240282685512,1.37123745819398
"vi201104.012","Viruses",2020-08-06,2020-11-03,"NJ2020",2,1,"VPC",3,1,830277.185501066,472290.804460516,357986.38104055,34512153.5181237,29321777.7725852,4527238.11081578,663137.634722668,41.5670261941448,1.31929824561404
"vi201103.031","Viruses",2020-08-06,2020-11-03,"NJ2020",2,1,"VP",3,2,891044.776119403,534882.179361074,356162.596758329,31380383.7953092,26307204.8335756,4426186.89609612,646992.065637438,35.2175161521895,1.50179211469534
"vi201104.013","Viruses",2020-08-06,2020-11-03,"NJ2020",2,1,"VPC",3,2,828997.867803838,476045.745299477,352952.122504361,34224307.0362473,29019439.1263886,4472480.34492101,732387.564937742,41.2839506172839,1.34875444839858
"vi201103.032","Viruses",2020-08-06,2020-11-03,"NJ2020",2,1,"VP",3,3,828358.208955224,510544.350665777,317813.858289446,31706609.8081023,26584782.5984945,4444330.12515636,677497.084451469,38.2764478764479,1.60642570281124
"vi201104.014","Viruses",2020-08-06,2020-11-03,"NJ2020",2,1,"VPC",3,3,811087.420042644,450743.628166113,360343.791876531,34189765.4584222,29036656.9824413,4481237.92370648,671870.552274417,42.1529968454259,1.25087108013937
"vi201103.042","Viruses",2020-08-06,2020-11-03,"NJ2020",2,1,"VP",6,1,884648.187633262,556632.567499581,328015.620133682,30381876.3326226,26179156.3937847,3625017.88238354,577702.056454362,34.3434562545192,1.6969696969697
"vi201104.032","Viruses",2020-08-06,2020-11-03,"NJ2020",2,1,"VPC",6,1,807249.46695096,409327.437716107,397922.029234853,52775692.9637527,47907016.4236731,4228394.85967844,640281.680401083,65.3771790808241,1.02866242038217
"vi201103.043","Viruses",2020-08-06,2020-11-03,"NJ2020",2,1,"VP",6,2,928144.989339019,610883.632393376,317261.356945643,28878678.0383795,24715861.9367482,3550820.93517485,611995.166456447,31.1144038594073,1.92549019607843
"vi201104.033","Viruses",2020-08-06,2020-11-03,"NJ2020",2,1,"VPC",6,2,825159.914712153,498138.013028996,327021.901683158,34220469.0831556,29199885.5323324,4295065.69665801,725517.854165204,41.4713178294574,1.52325581395349
"vi201103.044","Viruses",2020-08-06,2020-11-03,"NJ2020",2,1,"VP",6,3,943496.801705757,604933.305579153,338563.496126604,28714925.3731343,24730002.0511516,3425460.56790934,559462.754073418,30.4345762711864,1.78676470588235
"vi201104.034","Viruses",2020-08-06,2020-11-03,"NJ2020",2,1,"VPC",6,3,789339.019189765,416841.953954146,372497.06523562,36909594.8827292,32154278.0181542,4074542.41835829,680774.446216714,46.7601296596434,1.11904761904762
"vi201103.045","Viruses",2020-08-06,2020-11-03,"NJ2020",2,1,"VP",17.5,1,2115351.81236674,1791857.15049942,323494.661867315,68129424.3070363,63727850.4377119,3821619.6598449,579954.209479445,32.2071363773813,5.5390625
"vi201104.035","Viruses",2020-08-06,2020-11-03,"NJ2020",2,1,"VPC",17.5,1,772707.8891258,466158.201964417,306549.687161383,33117697.228145,28211651.9782313,4189686.97177721,716358.2781365,42.8592715231788,1.52066115702479
"vi201103.046","Viruses",2020-08-06,2020-11-03,"NJ2020",2,1,"VP",17.5,2,2348187.63326226,2048338.24259246,299849.390669804,49089339.0191898,44881681.3889735,3592148.96008871,615508.670127559,20.9052029419777,6.83122362869198
"vi201104.036","Viruses",2020-08-06,2020-11-03,"NJ2020",2,1,"VPC",17.5,2,809808.102345416,405537.70383495,404270.398510466,47185074.6268657,42129033.3462202,4396172.16561135,659869.115034143,58.2669826224329,1.00313479623824
"vi201103.047","Viruses",2020-08-06,2020-11-03,"NJ2020",2,1,"VP",17.5,3,1946481.87633262,1618281.30055669,328200.575775929,56943070.3624733,52907933.6824011,3426011.75686689,609124.923205401,29.2543542556687,4.93076923076923
"vi201104.037","Viruses",2020-08-06,2020-11-03,"NJ2020",2,1,"VPC",17.5,3,763752.665245203,445839.035101677,317913.630143525,31136034.1151386,26780013.47831,3746152.54651182,609868.090316758,40.7671691792295,1.40239043824701
"vi201103.056","Viruses",2020-08-06,2020-11-03,"NJ2020",2,1,"VP",20.5,1,3259701.49253731,2851281.57178088,408419.920756437,101012366.73774,96187842.3482567,4203974.07264928,620550.316833892,30.9882260596546,6.98125
"vi201104.052","Viruses",2020-08-06,2020-11-03,"NJ2020",2,1,"VPC",20.5,1,679957.356076759,398207.070409594,281750.285667165,52933688.6993603,46698290.3514932,5652176.86758679,583221.480280377,77.8485418626529,1.41333333333333
"vi201103.057","Viruses",2020-08-06,2020-11-03,"NJ2020",2,1,"VP",20.5,2,3223880.59701493,2853759.70503776,370120.891977169,56796588.4861407,52186944.2541462,3797071.03129701,812573.200697561,17.6174603174603,7.71034482758621
"vi201104.053","Viruses",2020-08-06,2020-11-03,"NJ2020",2,1,"VPC",20.5,2,550746.268656716,360103.329506315,190642.939150402,45562260.1279318,39596677.9971433,5369277.12577967,596305.005008777,82.7282229965157,1.88888888888889
"vi201103.058","Viruses",2020-08-06,2020-11-03,"NJ2020",2,1,"VP",20.5,3,2814498.93390192,2470022.63646152,344476.297440398,81418336.8869936,77070607.8554735,3783946.41177855,563782.619741503,28.9281818181818,7.17037037037037
"vi201104.054","Viruses",2020-08-06,2020-11-03,"NJ2020",2,1,"VPC",20.5,3,699147.121535181,436027.237086457,263119.884448724,37720042.6439232,32167775.6662274,4938296.15831924,613970.819376606,53.9515096065874,1.65714285714286
"vi201103.015","Viruses",2020-08-06,2020-11-03,"NJ2020",2,1,"0.22",24,1,1791.0447761194,895.522388059701,895.522388059701,9907803.83795309,8238011.87344456,1581134.92755799,88657.0369505441,5531.85714285714,1
"vi201103.059","Viruses",2020-08-06,2020-11-03,"NJ2020",2,1,"VP",24,1,3878891.25799574,3500961.10250965,377930.155486089,135175266.52452,130205849.810947,4363203.91099497,606212.802578402,34.848944591029,9.26351351351351
"vi201104.060","Viruses",2020-08-06,2020-11-03,"NJ2020",2,1,"VPC",24,1,670362.473347548,414405.892614848,255956.5807327,73359914.7121535,67305818.8165103,5366015.88752061,688080.008122652,109.43320610687,1.61904761904762
"vi201103.016","Viruses",2020-08-06,2020-11-03,"NJ2020",2,1,"0.22",24,2,767.590618336887,383.795309168444,383.795309168444,9745074.62686567,8055300.26462107,1580364.51145179,109409.850792816,12695.6666666667,1
"vi201103.060","Viruses",2020-08-06,2020-11-03,"NJ2020",2,1,"VP",24,2,3418336.8869936,3086459.51932432,331877.367669282,75244349.6801706,70447512.8705263,3982135.95467291,814700.854971321,22.0119760479042,9.3
"vi201104.047","Viruses",2020-08-06,2020-11-03,"NJ2020",2,1,"VPC",24,2,610234.541577825,402754.797441365,207479.744136461,67631130.0639659,61550736.739555,5449647.12893256,630746.195478306,110.828092243187,1.94117647058824
"vi201103.017","Viruses",2020-08-06,2020-11-03,"NJ2020",2,1,"0.22",24,3,255.863539445629,0,255.863539445629,9171428.57142857,7500950.90911958,1562655.92228723,107821.740021762,35845,0
"vi201103.061","Viruses",2020-08-06,2020-11-03,"NJ2020",2,1,"VP",24,3,3474626.86567164,3135078.46513209,339548.400539551,111264818.763326,106580118.218025,4005279.01048543,679421.534815508,32.0220913107511,9.23308270676692
"vi201104.048","Viruses",2020-08-06,2020-11-03,"NJ2020",2,1,"VPC",24,3,658848.614072495,440865.243617283,217983.370455212,56081449.8933902,50083864.367379,5285623.82137147,711961.704639755,85.1203883495146,2.02247191011236
"vi201105.008","Viruses",2020-08-18,2020-11-05,"NJ2020",3,1,"0.22",0,1,-48614.0724946695,0,-48614.0724946695,194497228.144989,166095185.589803,23265340.4691166,5136702.08606973,-4000.84210526316,0
"vi201105.029","Viruses",2020-08-18,2020-11-05,"NJ2020",3,1,"VP",0,1,2357270.78891258,1116333.17689838,1240937.6120142,14406652.4520256,12525043.4777931,1306069.87291107,575539.10132146,6.11158146097905,0.899588477366256
"vi201105.086","Viruses",2020-08-18,2020-11-05,"NJ2020",3,1,"VPC",0,1,2508486.14072495,1183469.93316744,1325016.2075575,13687931.7697228,11882079.376555,1280123.17834729,525729.214820474,5.45665034679723,0.893173929811029
"vi201105.009","Viruses",2020-08-18,2020-11-05,"NJ2020",3,1,"0.22",0,2,-23027.7185501066,0,-23027.7185501066,191391044.776119,161779849.833232,24235671.1574846,5375523.785403,-8311.33333333333,0
"vi201105.030","Viruses",2020-08-18,2020-11-05,"NJ2020",3,1,"VP",0,2,2572196.16204691,1189564.11068452,1382632.05136239,16966823.0277186,14859312.8236732,1463014.76478613,644495.439259174,6.59623992837959,0.860362024381234
"vi201105.087","Viruses",2020-08-18,2020-11-05,"NJ2020",3,1,"VPC",0,2,2445031.98294243,1115466.00183142,1329565.98111101,12526311.3006397,10638846.3551961,1263789.53987604,623675.40556752,5.12316868982838,0.838970023059185
"vi201105.010","Viruses",2020-08-18,2020-11-05,"NJ2020",3,1,"0.22",0,3,-12793.1769722814,-1163.01608838922,-11630.1608838922,191350106.609808,162212356.936104,23578975.6269388,5558774.04676537,-14957.2,0.1
"vi201105.031","Viruses",2020-08-18,2020-11-05,"NJ2020",3,1,"VP",0,3,2681194.02985075,1287729.11969018,1393464.91016057,18305501.0660981,13650015.4540729,3643379.49582746,1012106.11619776,6.82736902376181,0.924120234604105
"vi201105.088","Viruses",2020-08-18,2020-11-05,"NJ2020",3,1,"VPC",0,3,2524349.68017058,1146688.39722728,1377661.28294329,13787206.8230277,11683421.8775219,1355250.97130377,748533.974202048,5.46168660044598,0.832344213649851
"vi201105.032","Viruses",2020-08-18,2020-11-05,"NJ2020",3,1,"VP",3,1,2688869.93603412,1319405.59361248,1369464.34242163,16668486.1407249,14366175.517088,1524926.74214971,777383.881487263,6.19906746598154,0.963446475195823
"vi201105.089","Viruses",2020-08-18,2020-11-05,"NJ2020",3,1,"VPC",3,1,2531002.13219616,1152313.71049916,1378688.421697,14423283.5820896,12412232.0501606,1264218.07711865,746833.454810307,5.69864536999596,0.835804299481097
"vi201105.033","Viruses",2020-08-18,2020-11-05,"NJ2020",3,1,"VP",3,2,2603411.51385928,1280508.66494903,1322902.84891025,18782942.4307036,16503444.3752518,1491473.39997903,788024.65547279,7.21474201474201,0.967953667953668
"vi201105.090","Viruses",2020-08-18,2020-11-05,"NJ2020",3,1,"VPC",3,2,2528955.2238806,1195747.67102053,1333207.55286007,13989850.7462687,11928787.9676103,1289288.18025135,771774.598406951,5.53186968838527,0.896895362207742
"vi201105.034","Viruses",2020-08-18,2020-11-05,"NJ2020",3,1,"VP",3,3,2531257.99573561,1186974.08839579,1344283.90733981,18882729.2110874,16609690.8638686,1524981.8323253,748056.514893547,7.45982007480036,0.882978723404255
"vi201105.091","Viruses",2020-08-18,2020-11-05,"NJ2020",3,1,"VPC",3,3,2492622.60127932,1159442.53429741,1333180.06698191,13138336.8869936,11100403.3769998,1215976.96949702,821956.540496753,5.27088893451037,0.869681870448448
"vi201105.052","Viruses",2020-08-18,2020-11-05,"NJ2020",3,1,"VP",6,1,2659189.76545842,1379614.19117737,1279575.57428105,15561876.3326226,13620677.5473551,1347942.60764936,593256.177618133,5.8521119984605,1.07818109293977
"vi201105.109","Viruses",2020-08-18,2020-11-05,"NJ2020",3,1,"VPC",6,1,2341918.97654584,1111696.26809855,1230222.70844729,15490234.5415778,13740110.5037333,1234404.03359909,515720.004245398,6.61433409810991,0.903654485049834
"vi201105.053","Viruses",2020-08-18,2020-11-05,"NJ2020",3,1,"VP",6,2,2581407.24946695,1301931.57243776,1279475.67702919,17926055.4371002,16027211.6828094,1329746.58438623,569097.169904557,6.94429576766776,1.01755085759872
"vi201105.110","Viruses",2020-08-18,2020-11-05,"NJ2020",3,1,"VPC",6,2,2463710.02132196,1182805.619942,1280904.40137996,13710959.4882729,11914160.3617855,1228357.22101683,568441.905470552,5.56516772250493,0.923414439569206
"vi201105.054","Viruses",2020-08-18,2020-11-05,"NJ2020",3,1,"VP",6,3,2934498.93390192,1545359.8247949,1389139.10910701,13696119.4029851,11594523.844274,1425902.88027548,675692.678435629,4.66727700758567,1.11245865490628
"vi201105.111","Viruses",2020-08-18,2020-11-05,"NJ2020",3,1,"VPC",6,3,2421748.40085288,1132192.92326793,1289555.47758495,13820469.0831557,11933940.3689241,1293375.53469701,593153.179534577,5.7068145800317,0.87797147385103
"vi201105.055","Viruses",2020-08-18,2020-11-05,"NJ2020",3,1,"VP",9,1,2953432.8358209,1583673.060798,1369759.7750229,16334584.2217484,14112418.4592125,1498775.59040642,723390.172129472,5.53071125357359,1.15616846813269
"vi201105.112","Viruses",2020-08-18,2020-11-05,"NJ2020",3,1,"VPC",9,1,2427889.12579957,1173581.92802223,1254307.19777735,13510874.2004264,11642194.0281855,1250141.5080762,618538.664164712,5.56486458004005,0.935641547861507
"vi201105.056","Viruses",2020-08-18,2020-11-05,"NJ2020",3,1,"VP",9,2,2937569.29637527,1581100.47112864,1356468.82524663,15108486.1407249,13018853.7207542,1423511.66061233,666120.759358443,5.1431931016462,1.16560030109146
"vi201105.113","Viruses",2020-08-18,2020-11-05,"NJ2020",3,1,"VPC",9,2,1649552.23880597,930202.469546418,719349.769259552,10064904.0511727,8414469.52429968,998750.091905007,651684.434968017,6.10159764231425,1.2931156848829
"vi201105.057","Viruses",2020-08-18,2020-11-05,"NJ2020",3,1,"VP",9,3,2877185.5010661,1572344.09923413,1304841.40183196,15250234.5415778,13182004.3800311,1418661.65433574,649568.507210961,5.30040017785683,1.20500782472613
"vi201105.114","Viruses",2020-08-18,2020-11-05,"NJ2020",3,1,"VPC",9,3,1549765.45842217,840221.984375132,709543.474047043,8564520.25586354,7058282.55888795,917467.332756676,588770.364218918,5.5263331682351,1.1841726618705
"vi201105.071","Viruses",2020-08-18,2020-11-05,"NJ2020",3,1,"VP",12,1,3273773.98720682,1932925.17766639,1340848.80954043,12992238.8059701,11004965.5995117,1401656.49447928,585616.711979138,3.96858147713951,1.44156832889227
"vi201105.127","Viruses",2020-08-18,2020-11-05,"NJ2020",3,1,"VPC",12,1,1601961.62046908,880490.874704041,721470.745765042,9228230.2771855,7832763.81003666,916605.354634595,478861.112514244,5.76058137677687,1.22041105598866
"vi201105.072","Viruses",2020-08-18,2020-11-05,"NJ2020",3,1,"VP",12,2,3297313.43283582,1952356.63786331,1344956.79497251,12330575.6929638,10345097.1561244,1375760.69755174,609717.839287637,3.73958252502522,1.45161290322581
"vi201105.128","Viruses",2020-08-18,2020-11-05,"NJ2020",3,1,"VPC",12,2,1616289.97867804,890723.550413522,725566.428264516,8894584.2217484,7405973.93993145,976540.36999705,512069.9118199,5.50308690834257,1.2276250880902
"vi201105.073","Viruses",2020-08-18,2020-11-05,"NJ2020",3,1,"VP",12,3,3007675.90618337,1737552.84366379,1270123.06251958,14064307.0362473,12174725.9017882,1295151.45206461,594429.682394493,4.6761378136963,1.36801928485335
"vi201105.129","Viruses",2020-08-18,2020-11-05,"NJ2020",3,1,"VPC",12,3,1642388.05970149,917323.841564283,725064.218137209,7592238.80597015,6150377.44793492,925627.062949211,516234.295086022,4.6226826608506,1.26516220028209
"vi201105.011","Viruses",2020-08-18,2020-11-05,"NJ2020",3,1,"0.22",24,1,74200.4264392324,60950.3502893695,13250.0761498629,176904051.172708,147794030.844262,23736802.1031634,5373218.22528201,2384.13793103448,4.6
"vi201105.068","Viruses",2020-08-18,2020-11-05,"NJ2020",3,1,"VP",24,1,9266737.73987207,7709517.34832332,1557220.39154875,28312579.9573561,25684074.4618912,1653637.34750489,974868.147960014,3.05529095050735,4.95081967213115
"vi201105.130","Viruses",2020-08-18,2020-11-05,"NJ2020",3,1,"VPC",24,1,1510874.20042644,794551.102356239,716323.0980702,7916673.77398721,6358426.89391069,993519.819625438,564727.060451079,5.23979678238781,1.10920770877944
"vi201105.012","Viruses",2020-08-18,2020-11-05,"NJ2020",3,1,"0.22",24,2,33262.2601279318,13304.9040511727,19957.3560767591,171710021.321962,143998937.944955,22750865.5887596,4960217.788247,5162.30769230769,0.666666666666666
"vi201105.069","Viruses",2020-08-18,2020-11-05,"NJ2020",3,1,"VP",24,2,9433049.04051173,7885977.93941562,1547071.1010961,26108315.565032,23500365.0297733,1588319.53828434,1019630.99697433,2.76774937275378,5.0973597359736
"vi201105.131","Viruses",2020-08-18,2020-11-05,"NJ2020",3,1,"VPC",24,2,1495522.3880597,762844.240336778,732678.147722924,6679317.69722814,5296480.48642601,902153.243319275,480683.967482857,4.46621043627032,1.04117236566643
"vi201105.013","Viruses",2020-08-18,2020-11-05,"NJ2020",3,1,"0.22",24,3,17910.447761194,6321.33450395083,11589.1132572432,166792324.093817,139472584.753513,22360375.0027879,4959364.33751551,9312.57142857143,0.545454545454546
"vi201105.070","Viruses",2020-08-18,2020-11-05,"NJ2020",3,1,"VP",24,3,9234754.79744137,7766894.67068842,1467860.12675295,24710021.3219616,22321594.450892,1448820.49067502,939606.380394591,2.67576366281083,5.29130434782609
"vi201105.132","Viruses",2020-08-18,2020-11-05,"NJ2020",3,1,"VPC",24,3,1466353.9445629,732154.410255953,734199.534306947,7282643.92324094,5699135.19455377,1007460.67147971,576048.057207457,4.96649799336939,0.997214484679666
"vi201109.014","Viruses",2020-08-20,2020-11-09,"NJ2020",4,1,"0.22",0,1,5117.27078891258,731.038684130369,4386.23210478221,59151812.3667377,49919852.5142018,8064787.1142463,1167172.73828961,11559.25,0.166666666666667
"vi201109.033","Viruses",2020-08-20,2020-11-09,"NJ2020",4,1,"VP",0,1,1530703.62473348,845713.752665245,684989.87206823,16309381.663113,13460316.4333208,2117297.49802029,731767.731771924,10.6548265775178,1.23463687150838
"vi201109.087","Viruses",2020-08-20,2020-11-09,"NJ2020",4,1,"VPC",0,1,3012793.17697228,1539588.37772397,1473204.79924831,32048187.6332623,26589659.2390647,4074018.41768088,1384509.97651671,10.6373673036093,1.04506065857886
"vi201109.015","Viruses",2020-08-20,2020-11-09,"NJ2020",4,1,"0.22",0,2,0,0,0,58000426.4392324,49256202.2594122,7539854.70885505,1204369.4709652,Inf,NA
"vi201109.034","Viruses",2020-08-20,2020-11-09,"NJ2020",4,1,"VP",0,2,1489765.45842217,825238.229108859,664527.229313316,15695309.1684435,12832510.4980254,2160392.77633712,702405.894080988,10.5354229282954,1.24184261036468
"vi201109.088","Viruses",2020-08-20,2020-11-09,"NJ2020",4,1,"VPC",0,2,3079317.69722814,1632855.44558657,1446462.25164158,30882729.2110874,25341195.4546824,4172864.48126285,1368669.27514214,10.0290818446199,1.1288614298323
"vi201109.016","Viruses",2020-08-20,2020-11-09,"NJ2020",4,1,"0.22",0,3,48614.0724946695,10127.9317697228,38486.1407249467,59717270.7889126,50491182.1628036,8093852.98791164,1132235.63819732,1228.39473684211,0.263157894736842
"vi201109.035","Viruses",2020-08-20,2020-11-09,"NJ2020",4,1,"VP",0,3,1583155.65031983,859828.290342921,723327.359976908,16042004.2643923,13307079.5228736,1984986.10198914,749938.639529565,10.1329292929293,1.18871252204586
"vi201109.089","Viruses",2020-08-20,2020-11-09,"NJ2020",4,1,"VPC",0,3,3019189.76545842,1554914.6445363,1464275.12092212,29229850.7462687,23545218.2811685,4261583.67283891,1423048.7922612,9.68135593220339,1.06190061028771
"vi201109.036","Viruses",2020-08-20,2020-11-09,"NJ2020",4,1,"VP",3,1,1537100.21321962,881440.869157473,655659.344062143,16672707.8891258,14047152.8938034,2009745.25833547,615809.736986885,10.8468580940491,1.3443579766537
"vi201109.090","Viruses",2020-08-20,2020-11-09,"NJ2020",4,1,"VPC",3,1,2984648.18763326,1554876.60074308,1429771.58689019,30552665.2452026,25223858.6624342,3971695.13115682,1357111.45161154,10.2366052293185,1.0875
"vi201109.037","Viruses",2020-08-20,2020-11-09,"NJ2020",4,1,"VP",3,2,1535820.89552239,878887.539048941,656933.356473447,17714072.4946695,15029031.2328636,2054435.17720239,630606.084603512,11.5339441899209,1.3378640776699
"vi201109.091","Viruses",2020-08-20,2020-11-09,"NJ2020",4,1,"VPC",3,2,3002558.63539446,1595747.57408294,1406811.06131152,30244349.6801706,24551859.3972081,4275042.54746188,1417447.73550064,10.0728589688965,1.13430127041742
"vi201109.038","Viruses",2020-08-20,2020-11-09,"NJ2020",4,1,"VP",3,3,1567803.83795309,904453.149803696,663350.688149396,17469722.8144989,14885062.4961098,1910886.64921716,673773.669172024,11.1427988576091,1.36346153846154
"vi201109.092","Viruses",2020-08-20,2020-11-09,"NJ2020",4,1,"VPC",3,3,2915565.03198294,1549691.74642176,1365873.28556119,29548400.8528785,24079696.4329038,4166451.84601576,1302252.57395893,10.1347082053532,1.13457943925234
"vi201109.051","Viruses",2020-08-20,2020-11-09,"NJ2020",4,1,"VP",6,1,3176545.84221748,1802594.08636679,1373951.75585069,34465458.4221748,28927848.8311038,4238710.70197561,1298898.88909546,10.8499798630689,1.31197771587744
"vi201109.106","Viruses",2020-08-20,2020-11-09,"NJ2020",4,1,"VPC",6,1,3076119.40298507,1504873.35108689,1571246.05189819,36326865.6716418,30689872.836382,4239757.06070573,1397235.77455408,11.8093158660844,0.957757920389927
"vi201109.052","Viruses",2020-08-20,2020-11-09,"NJ2020",4,1,"VP",6,2,3295522.3880597,1945672.33518817,1349850.05287153,34351599.1471215,28538947.9682795,4483650.03325776,1329001.14558426,10.4237189440994,1.4413988657845
"vi201109.107","Viruses",2020-08-20,2020-11-09,"NJ2020",4,1,"VPC",6,2,3241151.38592751,1542068.08751494,1699083.29841257,33882089.5522388,28597251.7344666,3911512.76209006,1373325.05568214,10.4537201499901,0.907588279489106
"vi201109.053","Viruses",2020-08-20,2020-11-09,"NJ2020",4,1,"VP",6,3,3260980.81023454,1898411.36370462,1362569.44652993,34543496.8017058,28785618.6081558,4373422.22257408,1384455.97097587,10.5929776382895,1.39325842696629
"vi201109.108","Viruses",2020-08-20,2020-11-09,"NJ2020",4,1,"VPC",6,3,3300000,1483404.25531915,1816595.74468085,36077398.7206823,30251203.5393231,4406312.97895766,1419882.20240156,10.9325450668734,0.816584680252987
"vi201109.054","Viruses",2020-08-20,2020-11-09,"NJ2020",4,1,"VP",9,1,3450319.82942431,2128377.7646005,1321942.06482381,32639872.0682303,27211827.3002349,4077628.63154661,1350416.13644874,9.45995550611791,1.61003861003861
"vi201109.109","Viruses",2020-08-20,2020-11-09,"NJ2020",4,1,"VPC",9,1,3615991.47121535,1691803.91926566,1924187.55194969,40528144.989339,33933601.9209147,5023449.20243955,1571093.86598475,11.2080311339112,0.879230258792303
"vi201109.055","Viruses",2020-08-20,2020-11-09,"NJ2020",4,1,"VP",9,2,3449040.51172708,2119443.68848638,1329596.8232407,32087206.8230277,26560386.0634432,4211987.46367794,1314833.29590662,9.30322700296736,1.59404990403071
"vi201109.110","Viruses",2020-08-20,2020-11-09,"NJ2020",4,1,"VPC",9,2,3079957.35607676,1584014.53746012,1495942.81861664,33082515.9914712,27568131.8117758,4092213.63770346,1422170.54199201,10.741225337487,1.05887372013652
"vi201109.056","Viruses",2020-08-20,2020-11-09,"NJ2020",4,1,"VP",9,3,3171428.57142857,1986288.93230663,1185139.63912194,38775479.7441365,33091248.1379912,4313565.82877687,1370665.77736835,12.226502622025,1.67599569429494
"vi201109.111","Viruses",2020-08-20,2020-11-09,"NJ2020",4,1,"VPC",9,3,3333262.26012793,1654503.21299341,1678759.04713452,34720042.6439232,28799196.7302342,4483919.16793359,1436926.7457555,10.4162348877375,0.985551330798479
"vi201109.069","Viruses",2020-08-20,2020-11-09,"NJ2020",4,1,"VP",12,1,4185287.84648188,2761703.19647463,1423584.65000725,35158848.6140725,29497678.0745184,4331729.73265164,1329440.80690241,8.40058077334556,1.93996415770609
"vi201109.125","Viruses",2020-08-20,2020-11-09,"NJ2020",4,1,"VPC",12,1,3014072.49466951,1493677.12483833,1520395.36983118,34942004.2643923,29562427.5503498,4049198.05224038,1330378.66180217,11.5929541595925,0.982426778242678
"vi201109.070","Viruses",2020-08-20,2020-11-09,"NJ2020",4,1,"VP",12,2,4268443.49680171,2673836.69136174,1594606.80543997,32661620.4690832,27175134.1761996,4230270.12099571,1256216.17188781,7.65188071332234,1.6768
"vi201109.126","Viruses",2020-08-20,2020-11-09,"NJ2020",4,1,"VPC",12,2,3145842.21748401,1473659.09702528,1672183.12045873,34457142.8571429,28761820.3507597,4194826.50370432,1500496.00267883,10.9532330215535,0.881278538812785
"vi201109.071","Viruses",2020-08-20,2020-11-09,"NJ2020",4,1,"VP",12,3,4048400.85287846,2656842.77773971,1391558.07513875,35330277.1855011,29764704.2516976,4224683.99194792,1340888.94185555,8.72697108547954,1.90925756186984
"vi201109.127","Viruses",2020-08-20,2020-11-09,"NJ2020",4,1,"VPC",12,3,3115138.59275053,1479945.33634349,1635193.25640704,35098081.0234542,29552824.0575835,4118864.89406693,1426392.07180375,11.2669404517454,0.905058365758755
"vi201109.017","Viruses",2020-08-20,2020-11-09,"NJ2020",4,1,"0.22",24,1,248187.63326226,233588.360717421,14599.2725448388,54436247.3347548,45081622.6834341,8239487.23641641,1115137.41490429,219.335051546392,16
"vi201109.072","Viruses",2020-08-20,2020-11-09,"NJ2020",4,1,"VP",24,1,7580597.01492537,6007000.46523909,1573596.54968628,36268017.0575693,30501004.4897524,4434511.85405279,1332500.71376408,4.78432199814362,3.81737012987013
"vi201109.128","Viruses",2020-08-20,2020-11-09,"NJ2020",4,1,"VPC",24,1,2827292.1108742,1302360.37855834,1524931.73231586,31160341.1513859,25204755.2622182,4530328.24197163,1425257.64719608,11.0212669683258,0.854045037531276
"vi201109.018","Viruses",2020-08-20,2020-11-09,"NJ2020",4,1,"0.22",24,2,58848.6140724947,31526.0432531221,27322.5708193725,54710021.3219616,45532371.3869628,7994730.55506448,1182919.37993431,929.673913043478,1.15384615384615
"vi201109.073","Viruses",2020-08-20,2020-11-09,"NJ2020",4,1,"VP",24,2,7997654.58422175,6224655.93178607,1772998.65243568,41636034.1151386,34817091.3944495,5271713.231375,1547229.48931404,5.20603055266736,3.51080691642651
"vi201109.129","Viruses",2020-08-20,2020-11-09,"NJ2020",4,1,"VPC",24,2,2889978.67803838,1269453.66227214,1620525.01576624,29898933.901919,24318622.3683103,4264259.72755561,1316051.80605304,10.3457281983178,0.783359497645212
"vi201109.019","Viruses",2020-08-20,2020-11-09,"NJ2020",4,1,"0.22",24,3,30703.6247334755,18060.9557255738,12642.6690079017,54894243.0703625,45470338.6806007,8135636.60882096,1288267.78094084,1787.875,1.42857142857143
"vi201109.074","Viruses",2020-08-20,2020-11-09,"NJ2020",4,1,"VP",24,3,8041151.38592751,6476352.26793526,1564799.11799225,35868869.9360341,30143085.4664366,4451563.79694118,1274220.67265635,4.4606634317079,4.13877551020408
"vi201109.130","Viruses",2020-08-20,2020-11-09,"NJ2020",4,1,"VPC",24,3,2484434.96801706,1213624.24268864,1270810.72532842,32722388.0597015,27185005.3723981,4263696.39393598,1273686.29336745,13.1709577754892,0.955
"vi201109.161","Viruses",2020-09-01,2020-11-09,"NJ2020",5,1,"0.22",0,1,6396.58848614072,5330.49040511727,1066.09808102345,29206183.3688699,26117878.2402756,2919737.76108658,168567.367507799,4565.9,5
"vi201109.178","Viruses",2020-09-01,2020-11-09,"NJ2020",5,1,"VP",0,1,1307462.68656716,602286.074426333,705176.612140831,29823454.1577825,25405909.1934331,3941364.77621282,476180.188136646,22.8101761252446,0.854092526690391
"vi201111.013","Viruses",2020-09-01,2020-11-11,"NJ2020",5,1,"VPC",0,1,1465458.42217484,740392.509353017,725065.912821823,36558422.1748401,30938299.2989442,5035007.31285577,585115.563040097,24.9467481449149,1.02113821138211
"vi201109.162","Viruses",2020-09-01,2020-11-09,"NJ2020",5,1,"0.22",0,2,8955.22388059702,3358.20895522388,5597.01492537313,26570788.91258,23339393.1630848,3043012.78702941,188382.962465708,2967.07142857143,0.6
"vi201109.179","Viruses",2020-09-01,2020-11-09,"NJ2020",5,1,"VP",0,2,1372707.8891258,641769.196105474,730938.693020325,30725373.1343284,25886899.9654375,4292903.57801045,545569.590880391,22.3830382106244,0.878006872852234
"vi201111.014","Viruses",2020-09-01,2020-11-11,"NJ2020",5,1,"VPC",0,2,1485927.50533049,695163.860714582,790763.644615908,36004477.6119403,30192647.2126347,5146545.27800283,665285.121302805,24.2303056392596,0.87910447761194
"vi201109.163","Viruses",2020-09-01,2020-11-09,"NJ2020",5,1,"0.22",0,3,8955.22388059702,1119.40298507463,7835.82089552239,25647121.5351812,22698988.9936525,2756108.58288515,192023.958643637,2863.92857142857,0.142857142857143
"vi201109.180","Viruses",2020-09-01,2020-11-09,"NJ2020",5,1,"VP",0,3,1333049.04051173,621336.417187669,711712.623324058,31574840.0852878,26842261.2897434,4213164.75287638,519414.042668043,23.6861804222649,0.873015873015873
"vi201111.015","Viruses",2020-09-01,2020-11-11,"NJ2020",5,1,"VPC",0,3,1299147.12153518,619808.734532957,679338.387002224,39957569.2963753,34402771.7140856,4928515.21960453,626282.362685138,30.7567700640079,0.912371134020619
"vi201109.181","Viruses",2020-09-01,2020-11-09,"NJ2020",5,1,"VP",3,1,1285714.28571429,609616.724738676,676097.56097561,30823880.5970149,26178738.511042,4103313.60449679,541828.481476138,23.9741293532338,0.901669758812616
"vi201111.016","Viruses",2020-09-01,2020-11-11,"NJ2020",5,1,"VPC",3,1,1615138.59275053,737500.783895648,877637.808854885,40176332.6226013,34044989.5993361,5438344.04771249,692998.975552633,24.8748514851485,0.840324763193505
"vi201109.182","Viruses",2020-09-01,2020-11-09,"NJ2020",5,1,"VP",3,2,1238379.53091684,571559.783500082,666819.747416762,32160767.5906183,27490889.2735954,4138981.59024935,530896.726773625,25.9700413223141,0.857142857142857
"vi201111.017","Viruses",2020-09-01,2020-11-11,"NJ2020",5,1,"VPC",3,2,1347761.19402985,647534.266115124,700226.927914727,36411300.6396588,30939749.7211514,4886479.15897908,585071.759528327,27.016136687233,0.924749163879599
"vi201109.183","Viruses",2020-09-01,2020-11-09,"NJ2020",5,1,"VP",3,3,1298507.46268657,598442.569759896,700064.892926671,30918550.1066098,26300820.0801154,4104788.60236982,512941.424124621,23.8108374384236,0.854838709677419
"vi201111.018","Viruses",2020-09-01,2020-11-11,"NJ2020",5,1,"VPC",3,3,1240298.50746269,610268.712669082,630029.794793605,37565245.2025586,32338044.4104024,4592801.27280053,634399.519355654,30.2872614749871,0.968634686346863
"vi201109.202","Viruses",2020-09-01,2020-11-09,"NJ2020",5,1,"VP",6,1,1100213.2196162,479514.894561051,620698.325055154,37036886.9936034,32670252.2780322,3878227.88466771,488406.830903483,33.6633720930232,0.772540983606557
"vi201111.033","Viruses",2020-09-01,2020-11-11,"NJ2020",5,1,"VPC",6,1,1415565.03198294,666223.470337049,749341.561645894,34238379.5309168,29250814.8155695,4417449.44508429,570115.270263015,24.1870763669227,0.889078498293515
"vi201109.203","Viruses",2020-09-01,2020-11-09,"NJ2020",5,1,"VP",6,2,1184648.18763326,556059.353378878,628588.834254384,31200639.6588486,27093006.52563,3620457.52103484,487175.612183757,26.3374730021598,0.884615384615385
"vi201111.034","Viruses",2020-09-01,2020-11-11,"NJ2020",5,1,"VPC",6,2,1485927.50533049,757030.19204445,728897.313286041,33309594.8827292,28202266.2364857,4490926.91307615,616401.733167314,22.4167025398192,1.03859649122807
"vi201109.204","Viruses",2020-09-01,2020-11-09,"NJ2020",5,1,"VP",6,3,1334328.35820896,626421.328472143,707907.029736812,27590405.1172708,23663454.9557906,3468429.10935595,458521.052124202,20.6773729626079,0.884892086330935
"vi201111.035","Viruses",2020-09-01,2020-11-11,"NJ2020",5,1,"VPC",6,3,1446268.65671642,693083.653351281,753185.003365137,34338166.3113006,29154025.7462511,4619032.74429034,565107.820759227,23.7425917735515,0.920203735144313
"vi201109.205","Viruses",2020-09-01,2020-11-09,"NJ2020",5,1,"VP",9,1,1306183.36886994,650545.518023915,655637.850846021,29996801.7057569,25588615.4460282,3916291.04638573,491895.21334302,22.9652301665034,0.992233009708738
"vi201111.036","Viruses",2020-09-01,2020-11-11,"NJ2020",5,1,"VPC",9,1,1484648.18763326,716109.375602607,768538.812030655,34356076.7590618,29057359.5683211,4688294.90154615,610422.2891946,23.1408875484705,0.931780366056572
"vi201109.206","Viruses",2020-09-01,2020-11-09,"NJ2020",5,1,"VP",9,2,1295948.82729211,674708.132087248,621240.695204863,28964392.3240938,24591507.1175479,3838533.21897202,534351.987573897,22.3499506416584,1.08606557377049
"vi201111.037","Viruses",2020-09-01,2020-11-11,"NJ2020",5,1,"VPC",9,2,1413006.39658849,659829.231348108,753177.165240379,34523667.3773987,29380612.6557985,4526290.93951895,616763.782081281,24.4327750113173,0.876061120543294
"vi201109.207","Viruses",2020-09-01,2020-11-09,"NJ2020",5,1,"VP",9,3,1266524.52025586,679722.707353398,586801.812902465,30558422.1748401,25934955.4256591,4083600.87128263,539865.877898381,24.1277777777778,1.15835140997831
"vi201111.039","Viruses",2020-09-01,2020-11-11,"NJ2020",5,1,"VPC",9,3,1402771.85501066,673893.13362864,728878.721382021,34957356.0767591,29832157.2224181,4507052.78765432,618146.066686668,24.9202006383949,0.924561403508772
"vi201109.219","Viruses",2020-09-01,2020-11-09,"NJ2020",5,1,"VP",12,1,1363113.00639659,649826.684613644,713286.321782945,32515138.5927505,27902581.3824426,4141759.99913062,470797.211177322,23.8535898639137,0.911032028469751
"vi201111.052","Viruses",2020-09-01,2020-11-11,"NJ2020",5,1,"VPC",12,1,1408528.78464819,703625.893328333,704902.891319855,33816204.6908316,28892520.8028175,4354983.23359764,568700.654416406,24.008174386921,0.998188405797102
"vi201109.220","Viruses",2020-09-01,2020-11-09,"NJ2020",5,1,"VP",12,2,1176332.62260128,542532.718182487,633799.904418793,34065671.641791,29912853.7901397,3691672.87387341,461144.977777925,28.9592169657423,0.856
"vi201111.053","Viruses",2020-09-01,2020-11-11,"NJ2020",5,1,"VPC",12,2,1457142.85714286,693451.859271316,763690.997871541,33688272.9211087,28589158.9126807,4529175.86275241,569938.145675596,23.1194029850746,0.908026755852843
"vi201109.221","Viruses",2020-09-01,2020-11-09,"NJ2020",5,1,"VP",12,3,1378464.81876333,674000.753925715,704464.064837612,31551812.3667377,26904237.682637,4150695.74919146,496878.934909256,22.8890951276102,0.956756756756757
"vi201111.054","Viruses",2020-09-01,2020-11-11,"NJ2020",5,1,"VPC",12,3,1440511.72707889,715147.665925691,725364.061153201,33841791.0447761,28849817.2369165,4361342.17998067,630631.627878978,23.4928952042629,0.985915492957746
"vi201109.164","Viruses",2020-09-01,2020-11-09,"NJ2020",5,1,"0.22",24,1,8955.22388059702,0,8955.22388059702,22643283.5820896,19681266.1687416,2745437.10374979,216580.309598136,2528.5,0
"vi201109.222","Viruses",2020-09-01,2020-11-09,"NJ2020",5,1,"VP",24,1,1125159.91471215,560045.813404022,565114.101308131,33409381.663113,29317052.7113714,3653954.85592886,438374.095812709,29.6930073905628,0.991031390134529
"vi201111.055","Viruses",2020-09-01,2020-11-11,"NJ2020",5,1,"VPC",24,1,1394456.28997868,618055.718268938,776400.57170974,32014925.3731343,27239839.2652124,4195407.57749713,579678.530424799,22.9587155963303,0.796052631578947
"vi201109.165","Viruses",2020-09-01,2020-11-09,"NJ2020",5,1,"0.22",24,2,52452.0255863539,1248.85775205605,51203.1678342979,18527718.5501066,16066908.5880044,2277650.94213819,183159.019964067,353.231707317073,0.024390243902439
"vi201109.223","Viruses",2020-09-01,2020-11-09,"NJ2020",5,1,"VP",24,2,1452665.24520256,746649.619037679,706015.62616488,30181663.1130064,25731199.8087002,3910139.44961441,540323.854691828,20.776750330251,1.05755395683453
"vi201111.056","Viruses",2020-09-01,2020-11-11,"NJ2020",5,1,"VPC",24,2,1413646.0554371,655104.269592803,758541.785844298,31256289.978678,26500364.6101083,4220615.47839886,535309.89017084,22.110407239819,0.863636363636364
"vi201109.166","Viruses",2020-09-01,2020-11-09,"NJ2020",5,1,"0.22",24,3,10234.5415778252,0,10234.5415778252,21372921.108742,18517196.7719942,2669427.08360619,186297.253141603,2088.3125,0
"vi201109.224","Viruses",2020-09-01,2020-11-09,"NJ2020",5,1,"VP",24,3,1425799.57356077,766859.254168035,658940.319392732,31074626.8656716,26644175.0798745,3939991.23986092,490460.545936205,21.7945266935846,1.16377649325626
"vi201111.057","Viruses",2020-09-01,2020-11-11,"NJ2020",5,1,"VPC",24,3,1412366.73773987,656380.201806776,755986.535933096,32469083.1556503,27666614.6025368,4237843.76530663,564624.787806874,22.9891304347826,0.868243243243243
"vi201112.012","Viruses",2020-09-03,2020-11-12,"NJ2020",6,1,"0.22",0,1,-255.863539445629,-85.2878464818763,-170.575692963753,10804861.4072495,8635809.41961432,1997482.91802225,171569.069612898,-42229,0.5
"vi201112.039","Viruses",2020-09-03,2020-11-12,"NJ2020",6,1,"VP",0,1,1208315.56503198,646219.400286092,562096.164745891,27976759.0618337,23746218.5708052,3627426.24747274,603114.243555709,23.153520381154,1.14965986394558
"vi201112.098","Viruses",2020-09-03,2020-11-12,"NJ2020",6,1,"VPC",0,1,1270362.47334755,607786.258562468,662576.21478508,27339658.8486141,23003920.011638,3718133.5931854,617605.243790715,21.5211480362538,0.917307692307692
"vi201112.016","Viruses",2020-09-03,2020-11-12,"NJ2020",6,1,"0.22",0,2,-255.863539445629,-85.2878464818763,-170.575692963753,11716759.0618337,9371508.26096422,2134363.13030332,210887.670566144,-45793,0.5
"vi201112.040","Viruses",2020-09-03,2020-11-12,"NJ2020",6,1,"VP",0,2,1276119.40298507,608100.854369511,668018.548615564,26804904.0511727,22568808.6461849,3662301.56332277,573793.841665012,21.0050125313283,0.91030534351145
"vi201112.099","Viruses",2020-09-03,2020-11-12,"NJ2020",6,1,"VPC",0,2,1281876.3326226,628195.856841891,653680.47578071,27298720.6823028,23024388.1116491,3686752.48635789,587580.084295764,21.2959081836327,0.961013645224171
"vi201112.018","Viruses",2020-09-03,2020-11-12,"NJ2020",6,1,"0.22",0,3,2046.90831556503,255.863539445629,1791.0447761194,11567590.6183369,9206806.85574006,2152435.22735813,208348.535238704,5651.25,0.142857142857143
"vi201112.041","Viruses",2020-09-03,2020-11-12,"NJ2020",6,1,"VP",0,3,1291471.21535181,643823.26135505,647647.953996763,30669722.8144989,26176251.797491,3861557.10344936,631913.913558628,23.7478949975235,0.994094488188976
"vi201112.100","Viruses",2020-09-03,2020-11-12,"NJ2020",6,1,"VPC",0,3,1275479.74413646,656215.852377899,619263.891758561,27539232.4093817,23272802.1069475,3666229.08755481,600201.214879368,21.5912738214644,1.059670781893
"vi201112.042","Viruses",2020-09-03,2020-11-12,"NJ2020",6,1,"VP",3,1,1232622.60127932,636068.953504012,596553.647775306,28593390.1918977,24445618.2935667,3588072.55783327,559699.340497669,23.197197716658,1.06623931623932
"vi201112.101","Viruses",2020-09-03,2020-11-12,"NJ2020",6,1,"VPC",3,1,1168017.0575693,686544.377349892,481472.680219405,26577185.5010661,22559122.8566778,3404608.42846959,613454.215918741,22.7541073384447,1.42592592592593
"vi201112.043","Viruses",2020-09-03,2020-11-12,"NJ2020",6,1,"VP",3,2,1276119.40298507,647621.035680737,628498.367304337,27528997.8678038,23438654.3623496,3527406.39194802,562937.113506213,21.5724310776942,1.03042596348884
"vi201112.102","Viruses",2020-09-03,2020-11-12,"NJ2020",6,1,"VPC",3,2,1253731.34328358,709683.290862759,544048.052420823,26592537.3134328,22405749.4663499,3603311.29543038,583476.551652562,21.2107142857143,1.30444964871194
"vi201112.044","Viruses",2020-09-03,2020-11-12,"NJ2020",6,1,"VP",3,3,1236460.554371,644999.010836832,591461.54353417,27792537.3134328,23527710.6002265,3668050.60989469,596776.103311661,22.4774961200207,1.09051724137931
"vi201112.103","Viruses",2020-09-03,2020-11-12,"NJ2020",6,1,"VPC",3,3,1205117.27078891,671349.68467839,533767.586110523,27615991.4712154,23554374.9027265,3446371.69419804,615244.874290797,22.9156050955414,1.25775656324582
"vi201112.064","Viruses",2020-09-03,2020-11-12,"NJ2020",6,1,"VP",6,1,1198720.68230277,633046.553326384,565674.128976388,23096162.0469083,18631434.82584,3760621.45145986,704105.76960843,19.2673425827108,1.11910112359551
"vi201112.116","Viruses",2020-09-03,2020-11-12,"NJ2020",6,1,"VPC",6,1,1095735.60767591,613408.319279659,482327.288396247,23181236.673774,19359552.5841472,3350500.527503,471183.562123798,21.1558669001751,1.27176781002639
"vi201112.065","Viruses",2020-09-03,2020-11-12,"NJ2020",6,1,"VP",6,2,1205117.27078891,613999.622142452,591117.64864646,25240298.5074627,21447146.2468312,3264455.1671049,528697.093526538,20.9442675159236,1.03870967741935
"vi201112.117","Viruses",2020-09-03,2020-11-12,"NJ2020",6,1,"VPC",6,2,1080383.79530917,595547.251124489,484836.54418468,22513432.8358209,18816678.4703716,3189941.26696028,506813.098489016,20.8383658969805,1.22834645669291
"vi201112.066","Viruses",2020-09-03,2020-11-12,"NJ2020",6,1,"VP",6,3,1011940.29850746,507874.679301111,504065.619206352,29598933.901919,26174574.1761103,2966276.51687378,458083.208934938,29.2496839443742,1.00755667506297
"vi201112.118","Viruses",2020-09-03,2020-11-12,"NJ2020",6,1,"VPC",6,3,1054797.44136461,586564.07776729,468233.363597316,21983795.3091684,18303278.4773398,3255985.0421202,424531.789708391,20.8417222559127,1.25271739130435
"vi201112.067","Viruses",2020-09-03,2020-11-12,"NJ2020",6,1,"VP",9,1,3837.95309168444,1705.75692963753,2132.19616204691,10589552.238806,8872815.9543579,1568554.83673781,148181.447710254,2759.16666666667,0.8
"vi201112.119","Viruses",2020-09-03,2020-11-12,"NJ2020",6,1,"VPC",9,1,14712.1535181237,4597.54797441365,10114.60554371,10223027.7185501,8308535.61909168,1709239.34146006,205252.757998364,694.869565217391,0.454545454545455
"vi201112.068","Viruses",2020-09-03,2020-11-12,"NJ2020",6,1,"VP",9,2,1214072.49466951,611485.727681711,602586.766987799,25057356.0767591,21131508.3089241,3347380.51973223,578467.248102702,20.6390937829294,1.01476793248945
"vi201112.120","Viruses",2020-09-03,2020-11-12,"NJ2020",6,1,"VPC",9,2,1111087.42004264,628725.298397556,482362.121645088,25803837.9530917,21376439.9741862,3929923.52281334,497474.456092172,23.223949337939,1.30343007915567
"vi201112.069","Viruses",2020-09-03,2020-11-12,"NJ2020",6,1,"VP",9,3,1281876.3326226,698164.788303381,583711.54431922,25360554.3710021,21513322.3571085,3289788.67184813,557443.342045533,19.7839321357285,1.19607843137255
"vi201112.121","Viruses",2020-09-03,2020-11-12,"NJ2020",6,1,"VPC",9,3,1010021.32196162,605503.966314523,404517.355647097,22728358.2089552,19049226.9681551,3170936.48312124,508194.757678914,22.5028499050032,1.49685534591195
"vi201112.081","Viruses",2020-09-03,2020-11-12,"NJ2020",6,1,"VP",12,1,1189765.45842217,650235.453747306,539530.004674869,24434328.358209,20774720.1920378,3111725.35122887,547882.814942259,20.5370967741935,1.20518867924528
"vi201112.133","Viruses",2020-09-03,2020-11-12,"NJ2020",6,1,"VPC",12,1,917910.447761194,533225.986251316,384684.461509878,22929211.08742,19439361.0147323,3105269.59035515,384580.482332562,24.9797909407665,1.38613861386139
"vi201112.082","Viruses",2020-09-03,2020-11-12,"NJ2020",6,1,"VP",12,2,1233262.26012793,680903.311835339,552358.948292593,24374200.4264392,20678725.0042043,3145138.4489776,550336.973257363,19.7640041493776,1.23271889400922
"vi201112.134","Viruses",2020-09-03,2020-11-12,"NJ2020",6,1,"VPC",12,2,864179.104477612,526628.969689,337550.134788612,22656716.4179104,19135656.1508766,3065686.39504291,455373.871990951,26.2176165803109,1.56015037593985
"vi201112.083","Viruses",2020-09-03,2020-11-12,"NJ2020",6,1,"VP",12,3,1270362.47334755,698826.651170144,571535.822177404,25931130.0639659,22076317.2410102,3338509.84375687,516302.979198859,20.4123867069486,1.22271714922049
"vi201112.135","Viruses",2020-09-03,2020-11-12,"NJ2020",6,1,"VPC",12,3,943496.801705757,551113.878789096,392382.922916661,22107889.1257996,18609120.7775627,3057381.43863344,441386.909603445,23.4318644067797,1.40453074433657
"vi201112.019","Viruses",2020-09-03,2020-11-12,"NJ2020",6,1,"0.22",24,1,-511.727078891258,-170.575692963753,-341.151385927505,9192153.51812367,7368124.35161539,1684979.84262526,139049.323883016,-17963,0.5
"vi201112.084","Viruses",2020-09-03,2020-11-12,"NJ2020",6,1,"VP",24,1,1572281.44989339,1024403.79717527,547877.652718118,25551172.7078891,21859865.9949666,3132811.13460799,558495.578314516,16.2510170870626,1.86976744186047
"vi201112.136","Viruses",2020-09-03,2020-11-12,"NJ2020",6,1,"VPC",24,1,1021535.18123667,590813.257804793,430721.923431881,20998720.6823028,17580872.8616584,3003187.02438751,414660.796256895,20.5560425798372,1.3716814159292
"vi201112.020","Viruses",2020-09-03,2020-11-12,"NJ2020",6,1,"0.22",24,2,511.727078891258,102.345415778252,409.381663113006,9957185.5010661,7944843.53751647,1828677.80709407,183664.156455556,19458,0.25
"vi201112.085","Viruses",2020-09-03,2020-11-12,"NJ2020",6,1,"VP",24,2,1452025.58635394,999859.723936707,452165.862417237,25309381.663113,20785175.4565291,3852430.13348512,671776.073098829,17.4303964757709,2.2112676056338
"vi201112.137","Viruses",2020-09-03,2020-11-12,"NJ2020",6,1,"VPC",24,2,958848.614072495,542289.216170802,416559.397901693,18483582.0895522,14838305.1294238,3103678.82290448,541598.137223968,19.2768512341561,1.30182926829268
"vi201112.021","Viruses",2020-09-03,2020-11-12,"NJ2020",6,1,"0.22",24,3,511.727078891258,0,511.727078891258,9529893.3901919,7608006.70023458,1747395.68422141,174491.005735908,18623,0
"vi201112.086","Viruses",2020-09-03,2020-11-12,"NJ2020",6,1,"VP",24,3,1535181.23667377,983535.198931248,551646.037742526,24923027.7185501,21287666.8146396,3123320.69434667,512040.209563814,16.2345833333333,1.78290993071594
"vi201112.138","Viruses",2020-09-03,2020-11-12,"NJ2020",6,1,"VPC",24,3,1067590.61833689,610051.781906792,457538.836430094,19224307.0362473,15091458.6504037,3510073.44933092,622774.936512682,18.0071899340923,1.33333333333333
"vi201116.116","Viruses",2020-09-05,2020-11-16,"NJ2020",7,1,"0.22",0,1,8955.22388059702,688.863375430539,8266.36050516647,71295095.9488273,58523383.5612417,11407718.6705271,1363993.7170584,7961.28571428571,0.0833333333333333
"vi201116.162","Viruses",2020-09-05,2020-11-16,"NJ2020",7,1,"VP",0,1,902686.567164179,349880.495596761,552806.071567418,3702345.41577825,3005770.76126369,503040.128233394,193534.526281167,4.1014739229025,0.63291724456773
"vi201118.008","Viruses",2020-09-05,2020-11-16,"NJ2020",7,1,"VPC",0,1,971513.859275053,501541.483954889,469972.375320165,7198208.95522388,6280862.69577089,658911.076682364,258435.182770628,7.40927047669213,1.06717226435536
"vi201116.117","Viruses",2020-09-05,2020-11-16,"NJ2020",7,1,"0.22",0,2,21748.4008528785,6041.22245913291,15707.1783937456,75217484.0085288,61847949.6309622,11986739.6576562,1382794.71991033,3458.52941176471,0.384615384615385
"vi201116.163","Viruses",2020-09-05,2020-11-16,"NJ2020",7,1,"VP",0,2,891428.571428571,339397.116644823,552031.454783748,3779872.06823028,2959668.7748402,567180.43379241,253022.85959767,4.2402411021814,0.614814814814815
"vi201118.009","Viruses",2020-09-05,2020-11-16,"NJ2020",7,1,"VPC",0,2,1083582.08955224,539498.557985811,544083.531566428,6826695.09594883,5880142.73676579,658107.386493877,288444.972689164,6.30011806375443,0.991573033707865
"vi201116.118","Viruses",2020-09-05,2020-11-16,"NJ2020",7,1,"0.22",0,3,8955.22388059702,2755.45350172216,6199.77037887486,73587633.2622601,61053614.2935497,11204577.0210449,1329441.94766555,8217.28571428571,0.444444444444444
"vi201116.164","Viruses",2020-09-05,2020-11-16,"NJ2020",7,1,"VP",0,3,924434.968017058,327909.887742849,596525.080274209,3531428.57142857,2748022.85391832,545519.402654198,237886.314856055,3.8200941046222,0.549700085689803
"vi201118.010","Viruses",2020-09-05,2020-11-16,"NJ2020",7,1,"VPC",0,3,1078464.81876333,535921.109749182,542543.709014144,6684434.96801706,5767667.49098198,648721.192172357,268046.284862725,6.19810201660736,0.987793427230047
"vi201116.165","Viruses",2020-09-05,2020-11-16,"NJ2020",7,1,"VP",3,1,867377.398720682,335297.332681654,532080.066039028,4911812.36673774,4108485.60473449,582480.916778985,220845.84522426,5.66283185840708,0.630163304514889
"vi201118.011","Viruses",2020-09-05,2020-11-16,"NJ2020",7,1,"VPC",3,1,1077953.09168444,539485.975469668,538467.116214767,6808784.64818763,5891365.63819618,629002.947837487,288416.062153965,6.31640161405174,1.00189214758751
"vi201116.166","Viruses",2020-09-05,2020-11-16,"NJ2020",7,1,"VP",3,2,799573.560767591,299233.18621248,500340.374555111,4502686.56716418,3700755.90998438,565184.493157647,236746.164022153,5.63136,0.59805924412666
"vi201118.012","Viruses",2020-09-05,2020-11-16,"NJ2020",7,1,"VPC",3,2,1071812.36673774,559339.343478155,512473.023259585,6987889.12579957,6080409.4466031,619766.252133098,287713.427063378,6.51969443781332,1.09145129224652
"vi201116.167","Viruses",2020-09-05,2020-11-16,"NJ2020",7,1,"VP",3,3,622515.991471215,202822.198288119,419693.793183097,2802473.34754797,2075631.30172383,493302.60019515,233539.445628998,4.50184956843403,0.483262325015216
"vi201118.013","Viruses",2020-09-05,2020-11-16,"NJ2020",7,1,"VPC",3,3,1061577.82515991,546580.137426386,514997.687733529,6824648.18763326,5911577.69444468,665975.405544018,247095.087644565,6.42877801879971,1.06132542037587
"vi201116.168","Viruses",2020-09-05,2020-11-16,"NJ2020",7,1,"VP",6,1,966140.724946695,421216.908654009,544923.816292686,5461407.24946695,4579837.55256865,630375.136943538,251194.559954764,5.65280720338983,0.772983114446529
"vi201118.020","Viruses",2020-09-05,2020-11-16,"NJ2020",7,1,"VPC",6,1,1101492.53731343,538745.770452328,562746.766861105,7343795.30916844,6430304.81202932,663865.337081738,249625.160057382,6.667131242741,0.957350272232305
"vi201116.169","Viruses",2020-09-05,2020-11-16,"NJ2020",7,1,"VP",6,2,899104.47761194,345534.182413685,553570.295198256,3422430.70362473,2644910.99464912,548046.86272865,229472.846246964,3.80648833238475,0.624192059095106
"vi201118.021","Viruses",2020-09-05,2020-11-16,"NJ2020",7,1,"VPC",6,2,1043155.65031983,533576.92343819,509578.72688164,8147206.82302772,7202989.21120362,683250.466236354,260967.145587748,7.81015452538631,1.04709418837675
"vi201116.170","Viruses",2020-09-05,2020-11-16,"NJ2020",7,1,"VP",6,3,948997.867803838,371369.216783996,577628.651019842,2510021.32196162,1734958.28243592,536752.718628612,238310.320897092,2.64491776759234,0.642920353982301
"vi201118.022","Viruses",2020-09-05,2020-11-16,"NJ2020",7,1,"VPC",6,3,976631.130063966,498781.293294561,477849.836769405,6858678.03837953,5908057.52009302,670334.468564921,280286.04972159,7.02279276919046,1.04380341880342
"vi201116.171","Viruses",2020-09-05,2020-11-16,"NJ2020",7,1,"VP",9,1,1058763.32622601,453207.96170901,605555.364517003,2329893.3901919,1633210.78696502,484360.286052972,212322.317173906,2.20057999033349,0.748417053609117
"vi201118.023","Viruses",2020-09-05,2020-11-16,"NJ2020",7,1,"VPC",9,1,1055948.82729211,542271.593125833,513677.234166278,7327420.04264392,6433664.45640579,628429.573830992,265326.012407143,6.93918100314999,1.05566600397614
"vi201116.172","Viruses",2020-09-05,2020-11-16,"NJ2020",7,1,"VP",9,2,1032409.38166311,453963.620161844,578445.761501269,2514371.0021322,1809252.84519236,497353.526985177,207764.62995466,2.43543990086741,0.784798939460892
"vi201118.024","Viruses",2020-09-05,2020-11-16,"NJ2020",7,1,"VPC",9,2,1010916.84434968,504947.858112037,505968.986237643,7085373.13432836,6147199.07388266,662413.693306322,275760.367139372,7.00885851683118,0.997981836528759
"vi201116.173","Viruses",2020-09-05,2020-11-16,"NJ2020",7,1,"VP",9,3,955138.592750533,398719.883513736,556418.709236797,1961449.89339019,1318935.40275597,440539.548248064,201974.942386156,2.0535762121618,0.716582452916858
"vi201118.025","Viruses",2020-09-05,2020-11-16,"NJ2020",7,1,"VPC",9,3,1054413.64605544,563204.964454793,491208.681600644,6855095.94882729,5925076.49844315,662969.60820324,267049.842180906,6.50133462751759,1.14656964656965
"vi201116.174","Viruses",2020-09-05,2020-11-16,"NJ2020",7,1,"VP",12,1,1312324.09381663,768015.113544742,544308.980271889,3511215.35181237,2843491.67765937,474703.962303474,193019.711849524,2.67557028660558,1.41099107562236
"vi201118.032","Viruses",2020-09-05,2020-11-16,"NJ2020",7,1,"VPC",12,1,1093560.76759062,569285.843932815,524274.923657803,6911385.92750533,6082692.06468526,595809.131681494,232884.731138576,6.32007487131493,1.08585365853659
"vi201116.175","Viruses",2020-09-05,2020-11-16,"NJ2020",7,1,"VP",12,2,1204861.40724947,684109.723275954,520751.683973512,3812878.46481876,3119537.0774216,486437.136082462,206904.251314705,3.16457846676577,1.31369661266568
"vi201118.033","Viruses",2020-09-05,2020-11-16,"NJ2020",7,1,"VPC",12,2,1085373.13432836,552916.285678113,532456.848650245,6689296.37526652,5721264.70843823,662805.355552841,305226.311275451,6.16313059877416,1.03842459173871
"vi201116.176","Viruses",2020-09-05,2020-11-16,"NJ2020",7,1,"VP",12,3,1264733.47547974,709447.219417079,555286.256062665,3358208.95522388,2646517.41293532,493781.094527363,217910.447761194,2.65527007889945,1.27762430939227
"vi201118.034","Viruses",2020-09-05,2020-11-16,"NJ2020",7,1,"VPC",12,3,1083837.95309168,540640.262585139,543197.690506545,6953347.54797441,6035960.65597637,640439.905734485,276946.986263561,6.41548630783758,0.995291902071563
"vi201116.119","Viruses",2020-09-05,2020-11-16,"NJ2020",7,1,"0.22",24,1,72921.1087420043,40298.5074626866,32622.6012793177,69864818.7633262,57572877.3684318,11041614.9779352,1250326.41695917,958.087719298246,1.23529411764706
"vi201116.177","Viruses",2020-09-05,2020-11-16,"NJ2020",7,1,"VP",24,1,2079914.71215352,1492996.69120278,586918.020950734,2645117.27078891,1984887.30886512,464185.612721288,196044.349202501,1.27174314183786,2.5437908496732
"vi201118.035","Viruses",2020-09-05,2020-11-16,"NJ2020",7,1,"VPC",24,1,1162132.19616205,587204.120243851,574928.075918196,6843326.22601279,5730204.47368482,777998.951227457,335122.801100518,5.88859533245266,1.02135231316726
"vi201116.120","Viruses",2020-09-05,2020-11-16,"NJ2020",7,1,"0.22",24,2,124093.81663113,100558.782442467,23535.0341886626,65968017.0575693,54115488.5432636,10643651.0301282,1208877.48417749,531.59793814433,4.27272727272727
"vi201116.178","Viruses",2020-09-05,2020-11-16,"NJ2020",7,1,"VP",24,2,2056631.13006397,1461788.55252992,594842.577534044,2772537.31343284,2140920.12509036,448858.73016507,182758.458177403,1.34809654142822,2.45743766122098
"vi201118.036","Viruses",2020-09-05,2020-11-16,"NJ2020",7,1,"VPC",24,2,1114029.85074627,580543.563175856,533486.287570413,6527590.61833689,5536707.49453734,707139.201396792,283743.92240276,5.859439595774,1.0882070949185
"vi201116.121","Viruses",2020-09-05,2020-11-16,"NJ2020",7,1,"0.22",24,3,83155.6503198294,65336.5823941517,17819.0679256777,67994456.2899787,55584965.0994815,11091847.1410908,1317644.04940639,817.676923076923,3.66666666666667
"vi201116.179","Viruses",2020-09-05,2020-11-16,"NJ2020",7,1,"VP",24,3,1875479.74413646,1352779.90816497,522699.835971492,2771769.7228145,2129277.06222634,456520.958986043,185971.701602115,1.47789904502046,2.5880626223092
"vi201118.037","Viruses",2020-09-05,2020-11-16,"NJ2020",7,1,"VPC",24,3,972793.176972281,510435.115992817,462358.060979465,8120597.01492537,7104839.08710532,744922.276811281,270835.651008771,8.34771173066807,1.10398230088496
