"Location","Station_Number","Depth","Time_Range","Population","Sample_Type","VP","abs_VP","VP_SE","VP_R_Squared","VP_Method","Replicate"
"NJ2020",2,1,"T0_T3","c_Viruses","VP",-806396.589999995,-2419189.76999998,NA,1,"LM_SR","1"
"NJ2020",2,1,"T0_T6","c_Viruses","VP",-592857.143333335,-3557142.86000001,123287.057015604,0.958547704198926,"LM_SR","1"
"NJ2020",2,1,"T0_T17.5","c_Viruses","VP",2178945.18895055,38131540.8066347,662781.107861237,0.843849729490264,"LM_SR","1"
"NJ2020",2,1,"T0_T20.5","c_Viruses","VP",3181782.04150743,65226531.8509023,733797.06247072,0.862393809972948,"LM_SR","1"
"NJ2020",2,1,"T0_T24","c_Viruses","VP",4038518.71095269,96924449.0628647,776552.097423106,0.871158915369878,"LM_SR","1"
"NJ2020",2,1,"T0_T3","c_Viruses","VP",-988059.699999997,-2964179.09999999,NA,1,"LM_SR","2"
"NJ2020",2,1,"T0_T6","c_Viruses","VP",-910980.810000003,-5465884.86000002,44501.5178903386,0.997619347236675,"LM_SR","2"
"NJ2020",2,1,"T0_T17.5","c_Viruses","VP",993302.127812167,17382787.2367129,455051.456824461,0.70435051889716,"LM_SR","2"
"NJ2020",2,1,"T0_T20.5","c_Viruses","VP",1232044.05636943,25256903.1555733,308601.33827611,0.841595414457204,"LM_SR","2"
"NJ2020",2,1,"T0_T24","c_Viruses","VP",1643534.69648489,39444832.7156373,353535.215902018,0.843822429068982,"LM_SR","2"
"NJ2020",2,1,"T0_T3","c_Viruses","VP",-800000.000000001,-2400000,NA,1,"LM_SR","3"
"NJ2020",2,1,"T0_T6","c_Viruses","VP",-898614.073333335,-5391684.44000001,56934.8617848842,0.996001747567925,"LM_SR","3"
"NJ2020",2,1,"T0_T17.5","c_Viruses","VP",1482270.00359303,25939725.062878,568947.633649129,0.772404066486483,"LM_SR","3"
"NJ2020",2,1,"T0_T20.5","c_Viruses","VP",2256072.87879587,46249494.0153154,585383.396131569,0.83196464234558,"LM_SR","3"
"NJ2020",2,1,"T0_T24","c_Viruses","VP",3017446.67494415,72418720.1986597,660307.56370508,0.839245745413956,"LM_SR","3"
"NJ2020",6,1,"T0_T3","c_Viruses","VP",205543.710000004,616631.130000012,NA,1,"LM_SR","1"
"NJ2020",6,1,"T0_T6","c_Viruses","VP",-813432.835000001,-4880597.01000001,588306.382553665,0.656566611120903,"LM_SR","1"
"NJ2020",6,1,"T0_T9","c_Viruses","VP",-1921961.62,-17297654.58,691977.53022903,0.794121305221528,"LM_SR","1"
"NJ2020",6,1,"T0_T12","c_Viruses","VP",-836289.978333333,-10035479.74,743306.983657282,0.296738043244253,"LM_SR","1"
"NJ2020",6,1,"T0_T24","c_Viruses","VP",-100191.8975,-2404605.54,385678.757355384,0.0165915781421648,"LM_SR","1"
"NJ2020",6,1,"T0_T3","c_Viruses","VP",241364.606666667,724093.82,NA,1,"LM_SR","2"
"NJ2020",6,1,"T0_T6","c_Viruses","VP",-260767.59,-1564605.54,289906.158914278,0.447233346933335,"LM_SR","2"
"NJ2020",6,1,"T0_T9","c_Viruses","VP",-251044.775666667,-2259402.981,129771.442293003,0.651710385567342,"LM_SR","2"
"NJ2020",6,1,"T0_T12","c_Viruses","VP",-244434.967666667,-2933219.61200001,75020.7011355378,0.779672367979455,"LM_SR","2"
"NJ2020",6,1,"T0_T24","c_Viruses","VP",-81599.1472500003,-1958379.53400001,57139.2611726104,0.337682337202207,"LM_SR","2"
"NJ2020",6,1,"T0_T3","c_Viruses","VP",-959061.833333333,-2877185.5,NA,1,"LM_SR","3"
"NJ2020",6,1,"T0_T6","c_Viruses","VP",-178464.818333336,-1070788.91000002,450677.89673887,0.135553525753585,"LM_SR","3"
"NJ2020",6,1,"T0_T9","c_Viruses","VP",-470703.624333333,-4236332.619,262849.678014949,0.615891444283771,"LM_SR","3"
"NJ2020",6,1,"T0_T12","c_Viruses","VP",-396972.281333333,-4763667.376,157613.730549452,0.678922844155193,"LM_SR","3"
"NJ2020",6,1,"T0_T24","c_Viruses","VP",-222057.569083333,-5329381.658,84896.9250971239,0.631045171441137,"LM_SR","3"
"NJ2020",2,1,"T0_T3","c_Viruses","VP",0,0,NA,NA,"VPCL_SR","1"
"NJ2020",2,1,"T0_T6","c_Viruses","VP",0,0,NA,NA,"VPCL_SR","1"
"NJ2020",2,1,"T0_T17.5","c_Viruses","VP",3282395.47652174,37747547.98,NA,NA,"VPCL_SR","1"
"NJ2020",2,1,"T0_T20.5","c_Viruses","VP",4871068.30137931,70630490.37,NA,NA,"VPCL_SR","1"
"NJ2020",2,1,"T0_T24","c_Viruses","VP",5821855.00944444,104793390.17,NA,NA,"VPCL_SR","1"
"NJ2020",2,1,"T0_T3","c_Viruses","VP",0,0,NA,NA,"VPCL_SR","2"
"NJ2020",2,1,"T0_T6","c_Viruses","VP",0,0,NA,NA,"VPCL_SR","2"
"NJ2020",2,1,"T0_T17.5","c_Viruses","VP",1757448.78086957,20210660.98,NA,NA,"VPCL_SR","2"
"NJ2020",2,1,"T0_T20.5","c_Viruses","VP",1925373.13448276,27917910.45,NA,NA,"VPCL_SR","2"
"NJ2020",2,1,"T0_T24","c_Viruses","VP",2575870.64666667,46365671.64,NA,NA,"VPCL_SR","2"
"NJ2020",2,1,"T0_T3","c_Viruses","VP",0,0,NA,NA,"VPCL_SR","3"
"NJ2020",2,1,"T0_T6","c_Viruses","VP",0,0,NA,NA,"VPCL_SR","3"
"NJ2020",2,1,"T0_T17.5","c_Viruses","VP",2454621.30347826,28228144.99,NA,NA,"VPCL_SR","3"
"NJ2020",2,1,"T0_T20.5","c_Viruses","VP",3634718.03586207,52703411.52,NA,NA,"VPCL_SR","3"
"NJ2020",2,1,"T0_T24","c_Viruses","VP",4586105.19055555,82549893.43,NA,NA,"VPCL_SR","3"
"NJ2020",6,1,"T0_T3","c_Viruses","VP",205543.710000001,616631.130000003,NA,NA,"VPCL_SR","1"
"NJ2020",6,1,"T0_T6","c_Viruses","VP",205543.710000001,616631.130000003,NA,NA,"VPCL_SR","1"
"NJ2020",6,1,"T0_T9","c_Viruses","VP",205543.710000001,616631.130000003,NA,NA,"VPCL_SR","1"
"NJ2020",6,1,"T0_T12","c_Viruses","VP",2410234.54166667,14461407.25,NA,NA,"VPCL_SR","1"
"NJ2020",6,1,"T0_T24","c_Viruses","VP",601492.537333334,15578251.6,NA,NA,"VPCL_SR","1"
"NJ2020",6,1,"T0_T3","c_Viruses","VP",241364.606666667,724093.82,NA,NA,"VPCL_SR","2"
"NJ2020",6,1,"T0_T6","c_Viruses","VP",241364.606666667,724093.82,NA,NA,"VPCL_SR","2"
"NJ2020",6,1,"T0_T9","c_Viruses","VP",241364.606666667,724093.82,NA,NA,"VPCL_SR","2"
"NJ2020",6,1,"T0_T12","c_Viruses","VP",241364.606666667,724093.82,NA,NA,"VPCL_SR","2"
"NJ2020",6,1,"T0_T24","c_Viruses","VP",159648.187916667,1659275.05,NA,NA,"VPCL_SR","2"
"NJ2020",6,1,"T0_T3","c_Viruses","VP",0,0,NA,NA,"VPCL_SR","3"
"NJ2020",6,1,"T0_T6","c_Viruses","VP",602132.196666667,1806396.59,NA,NA,"VPCL_SR","3"
"NJ2020",6,1,"T0_T9","c_Viruses","VP",602132.196666667,1806396.59,NA,NA,"VPCL_SR","3"
"NJ2020",6,1,"T0_T12","c_Viruses","VP",396162.046666666,2376972.28,NA,NA,"VPCL_SR","3"
"NJ2020",6,1,"T0_T24","c_Viruses","VP",396162.046666666,2376972.28,NA,NA,"VPCL_SR","3"
"NJ2020",2,1,"T0_T3","c_V1","VP",-678901.919999998,-2036705.75999999,NA,1,"LM_SR","1"
"NJ2020",2,1,"T0_T6","c_V1","VP",-407895.076666669,-2447370.46000001,156465.873950732,0.871730197939724,"LM_SR","1"
"NJ2020",2,1,"T0_T17.5","c_V1","VP",2223490.90833867,38911090.8959267,629644.167505371,0.861786809659518,"LM_SR","1"
"NJ2020",2,1,"T0_T20.5","c_V1","VP",3201720.65379739,65635273.4028465,710427.787275565,0.871304279296996,"LM_SR","1"
"NJ2020",2,1,"T0_T24","c_V1","VP",4045836.84454337,97100084.2690408,759356.778394942,0.876495021896623,"LM_SR","1"
"NJ2020",2,1,"T0_T3","c_V1","VP",-831108.586666669,-2493325.76000001,NA,1,"LM_SR","2"
"NJ2020",2,1,"T0_T6","c_V1","VP",-680778.108333334,-4084668.65000001,86793.3421331564,0.98400591609675,"LM_SR","2"
"NJ2020",2,1,"T0_T17.5","c_V1","VP",1061394.45741017,18574403.0046781,416674.556012811,0.764393481291709,"LM_SR","2"
"NJ2020",2,1,"T0_T20.5","c_V1","VP",1272950.17100394,26095478.5055808,280526.963769174,0.87283187509902,"LM_SR","2"
"NJ2020",2,1,"T0_T24","c_V1","VP",1668262.81602825,40038307.5846781,332970.337638278,0.862555001116748,"LM_SR","2"
"NJ2020",2,1,"T0_T3","c_V1","VP",-654708.923333331,-1964126.76999999,NA,1,"LM_SR","3"
"NJ2020",2,1,"T0_T6","c_V1","VP",-636484.553333336,-3818907.32000002,10521.844925313,0.999726794530903,"LM_SR","3"
"NJ2020",2,1,"T0_T17.5","c_V1","VP",1561927.66125934,27333734.0720384,525213.902777623,0.815566444198059,"LM_SR","3"
"NJ2020",2,1,"T0_T20.5","c_V1","VP",2309534.86917197,47345464.8180255,557243.297130373,0.851319359412196,"LM_SR","3"
"NJ2020",2,1,"T0_T24","c_V1","VP",3050385.6332523,73209255.1980552,637203.731828735,0.85139360389387,"LM_SR","3"
"NJ2020",6,1,"T0_T3","c_V1","VP",233133.240000001,699399.720000003,NA,1,"LM_SR","1"
"NJ2020",6,1,"T0_T6","c_V1","VP",-852463.956666669,-5114783.74000002,626769.833727002,0.649104006028147,"LM_SR","1"
"NJ2020",6,1,"T0_T9","c_V1","VP",-1681146.37693333,-15130317.3924,554502.422099046,0.821298951347612,"LM_SR","1"
"NJ2020",6,1,"T0_T12","c_V1","VP",-717193.3032,-8606319.6384,642048.405359401,0.29374820331987,"LM_SR","1"
"NJ2020",6,1,"T0_T24","c_V1","VP",-72393.9748333337,-1737455.39600001,334573.736543648,0.011569307990822,"LM_SR","1"
"NJ2020",6,1,"T0_T3","c_V1","VP",289948.570000003,869845.710000008,NA,1,"LM_SR","2"
"NJ2020",6,1,"T0_T6","c_V1","VP",-186943.733333335,-1121662.40000001,275333.89970396,0.315538061896977,"LM_SR","2"
"NJ2020",6,1,"T0_T9","c_V1","VP",-210113.637666667,-1891022.739,123857.577163625,0.589980600928187,"LM_SR","2"
"NJ2020",6,1,"T0_T12","c_V1","VP",-202910.445,-2434925.34,71630.0342161871,0.72787904705849,"LM_SR","2"
"NJ2020",6,1,"T0_T24","c_V1","VP",-95218.9885000004,-2285255.72400001,43914.5845716136,0.540305212843285,"LM_SR","2"
"NJ2020",6,1,"T0_T3","c_V1","VP",-882847.066666663,-2648541.19999999,NA,1,"LM_SR","3"
"NJ2020",6,1,"T0_T6","c_V1","VP",-279.603333334441,-1677.62000000665,509550.562533506,3.01099467670515e-07,"LM_SR","3"
"NJ2020",6,1,"T0_T9","c_V1","VP",-378064.158000001,-3402577.42200001,315439.500386164,0.418008720494366,"LM_SR","3"
"NJ2020",6,1,"T0_T12","c_V1","VP",-340475.245333333,-4085702.944,183407.56505602,0.534607311487177,"LM_SR","3"
"NJ2020",6,1,"T0_T24","c_V1","VP",-193700.829083334,-4648819.89800001,90013.4169790953,0.536539212087768,"LM_SR","3"
"NJ2020",2,1,"T0_T3","c_V1","VP",0,0,NA,NA,"VPCL_SR","1"
"NJ2020",2,1,"T0_T6","c_V1","VP",0,0,NA,NA,"VPCL_SR","1"
"NJ2020",2,1,"T0_T17.5","c_V1","VP",3265103.83043478,37548694.05,NA,NA,"VPCL_SR","1"
"NJ2020",2,1,"T0_T20.5","c_V1","VP",4828185.23862069,70008685.96,NA,NA,"VPCL_SR","1"
"NJ2020",2,1,"T0_T24","c_V1","VP",5779260.745,104026693.41,NA,NA,"VPCL_SR","1"
"NJ2020",2,1,"T0_T3","c_V1","VP",0,0,NA,NA,"VPCL_SR","2"
"NJ2020",2,1,"T0_T6","c_V1","VP",0,0,NA,NA,"VPCL_SR","2"
"NJ2020",2,1,"T0_T17.5","c_V1","VP",1753549.5173913,20165819.45,NA,NA,"VPCL_SR","2"
"NJ2020",2,1,"T0_T20.5","c_V1","VP",1894557.40068965,27471082.31,NA,NA,"VPCL_SR","2"
"NJ2020",2,1,"T0_T24","c_V1","VP",2540647.27388889,45731650.93,NA,NA,"VPCL_SR","2"
"NJ2020",2,1,"T0_T3","c_V1","VP",0,0,NA,NA,"VPCL_SR","3"
"NJ2020",2,1,"T0_T6","c_V1","VP",0,0,NA,NA,"VPCL_SR","3"
"NJ2020",2,1,"T0_T17.5","c_V1","VP",2450254.92434783,28177931.63,NA,NA,"VPCL_SR","3"
"NJ2020",2,1,"T0_T20.5","c_V1","VP",3609696.95241379,52340605.81,NA,NA,"VPCL_SR","3"
"NJ2020",2,1,"T0_T24","c_V1","VP",4547228.675,81850116.15,NA,NA,"VPCL_SR","3"
"NJ2020",6,1,"T0_T3","c_V1","VP",233133.24,699399.719999999,NA,NA,"VPCL_SR","1"
"NJ2020",6,1,"T0_T6","c_V1","VP",233133.24,699399.719999999,NA,NA,"VPCL_SR","1"
"NJ2020",6,1,"T0_T9","c_V1","VP",233133.24,699399.719999999,NA,NA,"VPCL_SR","1"
"NJ2020",6,1,"T0_T12","c_V1","VP",2100217.326,12601303.956,NA,NA,"VPCL_SR","1"
"NJ2020",6,1,"T0_T24","c_V1","VP",549468.287866666,13686449.756,NA,NA,"VPCL_SR","1"
"NJ2020",6,1,"T0_T3","c_V1","VP",289948.57,869845.710000001,NA,NA,"VPCL_SR","2"
"NJ2020",6,1,"T0_T6","c_V1","VP",289948.57,869845.710000001,NA,NA,"VPCL_SR","2"
"NJ2020",6,1,"T0_T9","c_V1","VP",289948.57,869845.710000001,NA,NA,"VPCL_SR","2"
"NJ2020",6,1,"T0_T12","c_V1","VP",289948.57,869845.710000001,NA,NA,"VPCL_SR","2"
"NJ2020",6,1,"T0_T24","c_V1","VP",149409.720833334,976296.170000002,NA,NA,"VPCL_SR","2"
"NJ2020",6,1,"T0_T3","c_V1","VP",0,0,NA,NA,"VPCL_SR","3"
"NJ2020",6,1,"T0_T6","c_V1","VP",882287.859999999,2646863.58,NA,NA,"VPCL_SR","3"
"NJ2020",6,1,"T0_T9","c_V1","VP",882287.859999999,2646863.58,NA,NA,"VPCL_SR","3"
"NJ2020",6,1,"T0_T12","c_V1","VP",534976.41,3209858.46,NA,NA,"VPCL_SR","3"
"NJ2020",6,1,"T0_T24","c_V1","VP",534976.41,3209858.46,NA,NA,"VPCL_SR","3"
"NJ2020",2,1,"T0_T3","c_V2","VP",-102830.811333333,-308492.434,NA,1,"LM_SR","1"
"NJ2020",2,1,"T0_T6","c_V2","VP",-166363.890166667,-998183.341000002,36680.8401668705,0.95363985273863,"LM_SR","1"
"NJ2020",2,1,"T0_T17.5","c_V2","VP",-39701.4576236215,-694775.508413376,31378.3294433458,0.444577079914654,"LM_SR","1"
"NJ2020",2,1,"T0_T20.5","c_V2","VP",-17525.1959002123,-359266.515954352,23168.4197684128,0.160176780230428,"LM_SR","1"
"NJ2020",2,1,"T0_T24","c_V2","VP",-5501.60078219446,-132038.418772667,18130.2731169078,0.0225022136870273,"LM_SR","1"
"NJ2020",2,1,"T0_T3","c_V2","VP",-139868.190666667,-419604.572,NA,1,"LM_SR","2"
"NJ2020",2,1,"T0_T6","c_V2","VP",-215828.422166667,-1294970.533,43855.660104231,0.960348212914014,"LM_SR","2"
"NJ2020",2,1,"T0_T17.5","c_V2","VP",-64335.477013874,-1125870.8477428,37528.6836518847,0.595045747635732,"LM_SR","2"
"NJ2020",2,1,"T0_T20.5","c_V2","VP",-44607.0127161055,-914443.760680164,25462.2655828754,0.505693435396748,"LM_SR","2"
"NJ2020",2,1,"T0_T24","c_V2","VP",-30434.0175670171,-730416.421608411,20228.8033301651,0.361378193403447,"LM_SR","2"
"NJ2020",2,1,"T0_T3","c_V2","VP",-119770.152333333,-359310.457,NA,1,"LM_SR","3"
"NJ2020",2,1,"T0_T6","c_V2","VP",-229696.669,-1378180.014,63466.1039885778,0.929071098506653,"LM_SR","3"
"NJ2020",2,1,"T0_T17.5","c_V2","VP",-72958.2386709356,-1276769.17674137,40106.0663375824,0.623298401736212,"LM_SR","3"
"NJ2020",2,1,"T0_T20.5","c_V2","VP",-46988.1704491963,-963257.494208523,28772.6969660836,0.470615309114692,"LM_SR","3"
"NJ2020",2,1,"T0_T24","c_V2","VP",-29850.2355239817,-716405.65257556,23233.3849095531,0.292124241612416,"LM_SR","3"
"NJ2020",6,1,"T0_T3","c_V2","VP",-13117.8963333333,-39353.689,NA,1,"LM_SR","1"
"NJ2020",6,1,"T0_T6","c_V2","VP",22199.2006666664,133195.203999999,20390.3354599462,0.542395580662886,"LM_SR","1"
"NJ2020",6,1,"T0_T9","c_V2","VP",-200135.511233333,-1801219.6011,128688.491564912,0.547370706146753,"LM_SR","1"
"NJ2020",6,1,"T0_T12","c_V2","VP",-101697.3171,-1220367.8052,93542.8706092993,0.282630608190345,"LM_SR","1"
"NJ2020",6,1,"T0_T24","c_V2","VP",-25360.5356833334,-608652.856400002,46111.6476980683,0.0703034731484563,"LM_SR","1"
"NJ2020",6,1,"T0_T3","c_V2","VP",-44965.0569999999,-134895.171,NA,1,"LM_SR","2"
"NJ2020",6,1,"T0_T6","c_V2","VP",-66307.7326666669,-397846.396000002,12322.1995413768,0.966618695113119,"LM_SR","2"
"NJ2020",6,1,"T0_T9","c_V2","VP",-40257.1451333333,-362314.3062,16018.0634675811,0.759509771527383,"LM_SR","2"
"NJ2020",6,1,"T0_T12","c_V2","VP",-40478.4033333332,-485740.839999999,9248.91547592693,0.864585794911636,"LM_SR","2"
"NJ2020",6,1,"T0_T24","c_V2","VP",9175.97061666662,220223.294799999,14882.9525988023,0.0867839431320856,"LM_SR","2"
"NJ2020",6,1,"T0_T3","c_V2","VP",-64502.1643333329,-193506.492999999,NA,1,"LM_SR","3"
"NJ2020",6,1,"T0_T6","c_V2","VP",-149213.431,-895280.586000002,48908.072613394,0.902987640100947,"LM_SR","3"
"NJ2020",6,1,"T0_T9","c_V2","VP",-80569.3128666667,-725123.8158,45266.6716778001,0.613001468202066,"LM_SR","3"
"NJ2020",6,1,"T0_T12","c_V2","VP",-47478.5485333334,-569742.5824,32373.1897766756,0.417579561147021,"LM_SR","3"
"NJ2020",6,1,"T0_T24","c_V2","VP",-24432.7977666667,-586387.1464,15516.5484647622,0.382664087853011,"LM_SR","3"
"NJ2020",2,1,"T0_T3","c_V2","VP",0,0,NA,NA,"VPCL_SR","1"
"NJ2020",2,1,"T0_T6","c_V2","VP",0,0,NA,NA,"VPCL_SR","1"
"NJ2020",2,1,"T0_T17.5","c_V2","VP",17095.8067826087,196601.778,NA,NA,"VPCL_SR","1"
"NJ2020",2,1,"T0_T20.5","c_V2","VP",39928.0131724138,578956.191,NA,NA,"VPCL_SR","1"
"NJ2020",2,1,"T0_T24","c_V2","VP",41010.3349444444,738186.029,NA,NA,"VPCL_SR","1"
"NJ2020",2,1,"T0_T3","c_V2","VP",0,0,NA,NA,"VPCL_SR","2"
"NJ2020",2,1,"T0_T6","c_V2","VP",0,0,NA,NA,"VPCL_SR","2"
"NJ2020",2,1,"T0_T17.5","c_V2","VP",3593.74130434782,41328.0249999999,NA,NA,"VPCL_SR","2"
"NJ2020",2,1,"T0_T20.5","c_V2","VP",16982.7652413793,246250.096,NA,NA,"VPCL_SR","2"
"NJ2020",2,1,"T0_T24","c_V2","VP",23961.9455555556,431315.02,NA,NA,"VPCL_SR","2"
"NJ2020",2,1,"T0_T3","c_V2","VP",0,0,NA,NA,"VPCL_SR","3"
"NJ2020",2,1,"T0_T6","c_V2","VP",0,0,NA,NA,"VPCL_SR","3"
"NJ2020",2,1,"T0_T17.5","c_V2","VP",47.9294782608909,551.189000000246,NA,NA,"VPCL_SR","3"
"NJ2020",2,1,"T0_T20.5","c_V2","VP",24723.1616551724,358485.844,NA,NA,"VPCL_SR","3"
"NJ2020",2,1,"T0_T24","c_V2","VP",32212.1356666667,579818.442,NA,NA,"VPCL_SR","3"
"NJ2020",6,1,"T0_T3","c_V2","VP",0,0,NA,NA,"VPCL_SR","1"
"NJ2020",6,1,"T0_T6","c_V2","VP",57516.2976666666,172548.893,NA,NA,"VPCL_SR","1"
"NJ2020",6,1,"T0_T9","c_V2","VP",57516.2976666666,172548.893,NA,NA,"VPCL_SR","1"
"NJ2020",6,1,"T0_T12","c_V2","VP",285953.2345,1715719.407,NA,NA,"VPCL_SR","1"
"NJ2020",6,1,"T0_T24","c_V2","VP",80900.0254333333,1736805.191,NA,NA,"VPCL_SR","1"
"NJ2020",6,1,"T0_T3","c_V2","VP",0,0,NA,NA,"VPCL_SR","2"
"NJ2020",6,1,"T0_T6","c_V2","VP",0,0,NA,NA,"VPCL_SR","2"
"NJ2020",6,1,"T0_T9","c_V2","VP",27641.7843333334,82925.3530000001,NA,NA,"VPCL_SR","2"
"NJ2020",6,1,"T0_T12","c_V2","VP",27641.7843333334,82925.3530000001,NA,NA,"VPCL_SR","2"
"NJ2020",6,1,"T0_T24","c_V2","VP",43291.379,790217.037,NA,NA,"VPCL_SR","2"
"NJ2020",6,1,"T0_T3","c_V2","VP",0,0,NA,NA,"VPCL_SR","3"
"NJ2020",6,1,"T0_T6","c_V2","VP",0,0,NA,NA,"VPCL_SR","3"
"NJ2020",6,1,"T0_T9","c_V2","VP",107837.385,323512.155,NA,NA,"VPCL_SR","3"
"NJ2020",6,1,"T0_T12","c_V2","VP",62038.8878333333,372233.327,NA,NA,"VPCL_SR","3"
"NJ2020",6,1,"T0_T24","c_V2","VP",62038.8878333333,372233.327,NA,NA,"VPCL_SR","3"
"NJ2020",2,1,"T0_T3","c_V3","VP",-24663.8577666667,-73991.5733,NA,1,"LM_SR","1"
"NJ2020",2,1,"T0_T6","c_V3","VP",-18598.1774666667,-111589.0648,3502.02215402324,0.965757528299157,"LM_SR","1"
"NJ2020",2,1,"T0_T17.5","c_V3","VP",-4844.26209669156,-84774.5866921023,3380.1082277964,0.506656412915926,"LM_SR","1"
"NJ2020",2,1,"T0_T20.5","c_V3","VP",-2413.41530509555,-49475.0137544587,2511.0994492445,0.235417771433035,"LM_SR","1"
"NJ2020",2,1,"T0_T24","c_V3","VP",-1816.53201294349,-43596.7683106438,1799.6343872105,0.203007390455652,"LM_SR","1"
"NJ2020",2,1,"T0_T3","c_V3","VP",-17082.9266666667,-51248.78,NA,1,"LM_SR","2"
"NJ2020",2,1,"T0_T6","c_V3","VP",-14374.27985,-86245.6791000002,1563.83796874216,0.988302282916886,"LM_SR","2"
"NJ2020",2,1,"T0_T17.5","c_V3","VP",-3756.85254571326,-65744.9195499821,2561.11735931907,0.518274004884481,"LM_SR","2"
"NJ2020",2,1,"T0_T20.5","c_V3","VP",3700.89784956021,75868.4059159843,4845.47922130238,0.162798207846063,"LM_SR","2"
"NJ2020",2,1,"T0_T24","c_V3","VP",5705.89792802234,136941.550272536,3648.13648432692,0.379486908573276,"LM_SR","2"
"NJ2020",2,1,"T0_T3","c_V3","VP",-25520.9247666667,-76562.7743,NA,1,"LM_SR","3"
"NJ2020",2,1,"T0_T6","c_V3","VP",-32432.8507833334,-194597.1047,3990.60234634124,0.985086451017403,"LM_SR","3"
"NJ2020",2,1,"T0_T17.5","c_V3","VP",-6699.41901031661,-117239.832680541,6213.80230658482,0.367570978261359,"LM_SR","3"
"NJ2020",2,1,"T0_T20.5","c_V3","VP",-6473.81989951471,-132713.307940052,3706.20054086873,0.504226375766871,"LM_SR","3"
"NJ2020",2,1,"T0_T24","c_V3","VP",-3088.7241107753,-74129.3786586072,3465.83725626387,0.165662330093122,"LM_SR","3"
"NJ2020",6,1,"T0_T3","c_V3","VP",-14471.6343666666,-43414.9030999999,NA,1,"LM_SR","1"
"NJ2020",6,1,"T0_T6","c_V3","VP",16831.921,100991.526,18073.1161175374,0.464485708522464,"LM_SR","1"
"NJ2020",6,1,"T0_T9","c_V3","VP",-40679.7319533333,-366117.58758,34173.9312983032,0.41468925493261,"LM_SR","1"
"NJ2020",6,1,"T0_T12","c_V3","VP",-17399.35834,-208792.30008,23873.5095587664,0.150423345876399,"LM_SR","1"
"NJ2020",6,1,"T0_T24","c_V3","VP",-2437.38729166667,-58497.2950000001,11203.5545312612,0.0116941535841976,"LM_SR","1"
"NJ2020",6,1,"T0_T3","c_V3","VP",-3618.90939999994,-10856.7281999998,NA,1,"LM_SR","2"
"NJ2020",6,1,"T0_T6","c_V3","VP",-7516.12470000002,-45096.7482000001,2250.05830254492,0.917752072520415,"LM_SR","2"
"NJ2020",6,1,"T0_T9","c_V3","VP",-673.993360000003,-6065.94024000003,4076.45347055178,0.0134840505600783,"LM_SR","2"
"NJ2020",6,1,"T0_T12","c_V3","VP",-1046.12007333333,-12553.4408799999,2363.32754030907,0.0613079937030752,"LM_SR","2"
"NJ2020",6,1,"T0_T24","c_V3","VP",4443.87077666666,106652.89864,1886.50830293134,0.581102743578985,"LM_SR","2"
"NJ2020",6,1,"T0_T3","c_V3","VP",-11712.6034333333,-35137.8103,NA,1,"LM_SR","3"
"NJ2020",6,1,"T0_T6","c_V3","VP",-28971.7841166667,-173830.7047,9964.59261351487,0.89421794578256,"LM_SR","3"
"NJ2020",6,1,"T0_T9","c_V3","VP",-12070.15364,-108631.38276,10727.5498342939,0.387625105276219,"LM_SR","3"
"NJ2020",6,1,"T0_T12","c_V3","VP",-9018.48766999998,-108221.85204,6439.28025583902,0.395346607481065,"LM_SR","3"
"NJ2020",6,1,"T0_T24","c_V3","VP",-3923.9427425,-94174.6258200001,3152.36856715315,0.279204967118151,"LM_SR","3"
"NJ2020",2,1,"T0_T3","c_V3","VP",0,0,NA,NA,"VPCL_SR","1"
"NJ2020",2,1,"T0_T6","c_V3","VP",0,0,NA,NA,"VPCL_SR","1"
"NJ2020",2,1,"T0_T17.5","c_V3","VP",195.839391304352,2252.15300000005,NA,NA,"VPCL_SR","1"
"NJ2020",2,1,"T0_T20.5","c_V3","VP",2955.05243448276,42848.2603000001,NA,NA,"VPCL_SR","1"
"NJ2020",2,1,"T0_T24","c_V3","VP",2955.05243448276,42848.2603000001,NA,NA,"VPCL_SR","1"
"NJ2020",2,1,"T0_T3","c_V3","VP",0,0,NA,NA,"VPCL_SR","2"
"NJ2020",2,1,"T0_T6","c_V3","VP",0,0,NA,NA,"VPCL_SR","2"
"NJ2020",2,1,"T0_T17.5","c_V3","VP",305.522052173908,3513.50359999994,NA,NA,"VPCL_SR","2"
"NJ2020",2,1,"T0_T20.5","c_V3","VP",13832.9678758621,200578.0342,NA,NA,"VPCL_SR","2"
"NJ2020",2,1,"T0_T24","c_V3","VP",11261.4271388889,202705.6885,NA,NA,"VPCL_SR","2"
"NJ2020",2,1,"T0_T3","c_V3","VP",0,0,NA,NA,"VPCL_SR","3"
"NJ2020",2,1,"T0_T6","c_V3","VP",0,0,NA,NA,"VPCL_SR","3"
"NJ2020",2,1,"T0_T17.5","c_V3","VP",4318.44948695652,49662.1690999999,NA,NA,"VPCL_SR","3"
"NJ2020",2,1,"T0_T20.5","c_V3","VP",4318.44948695652,49662.1690999999,NA,NA,"VPCL_SR","3"
"NJ2020",2,1,"T0_T24","c_V3","VP",18679.069757764,165301.0842,NA,NA,"VPCL_SR","3"
"NJ2020",6,1,"T0_T3","c_V3","VP",0,0,NA,NA,"VPCL_SR","1"
"NJ2020",6,1,"T0_T6","c_V3","VP",48135.4763666666,144406.4291,NA,NA,"VPCL_SR","1"
"NJ2020",6,1,"T0_T9","c_V3","VP",48135.4763666666,144406.4291,NA,NA,"VPCL_SR","1"
"NJ2020",6,1,"T0_T12","c_V3","VP",90684.6327166666,544107.7963,NA,NA,"VPCL_SR","1"
"NJ2020",6,1,"T0_T24","c_V3","VP",37744.87587,554720.5597,NA,NA,"VPCL_SR","1"
"NJ2020",6,1,"T0_T3","c_V3","VP",0,0,NA,NA,"VPCL_SR","2"
"NJ2020",6,1,"T0_T6","c_V3","VP",0,0,NA,NA,"VPCL_SR","2"
"NJ2020",6,1,"T0_T9","c_V3","VP",16590.0515333333,49770.1546,NA,NA,"VPCL_SR","2"
"NJ2020",6,1,"T0_T12","c_V3","VP",16590.0515333333,49770.1546,NA,NA,"VPCL_SR","2"
"NJ2020",6,1,"T0_T24","c_V3","VP",13354.9882583333,171209.2544,NA,NA,"VPCL_SR","2"
"NJ2020",6,1,"T0_T3","c_V3","VP",0,0,NA,NA,"VPCL_SR","3"
"NJ2020",6,1,"T0_T6","c_V3","VP",0,0,NA,NA,"VPCL_SR","3"
"NJ2020",6,1,"T0_T9","c_V3","VP",33120.0443666666,99360.1330999999,NA,NA,"VPCL_SR","3"
"NJ2020",6,1,"T0_T12","c_V3","VP",33120.0443666666,99360.1330999999,NA,NA,"VPCL_SR","3"
"NJ2020",6,1,"T0_T24","c_V3","VP",33120.0443666666,99360.1330999999,NA,NA,"VPCL_SR","3"
"NJ2020",2,1,"T0_T3","c_Viruses","VPC",-741151.386666663,-2223454.15999999,NA,1,"LM_SR","1"
"NJ2020",2,1,"T0_T6","c_Viruses","VPC",2673347.54666667,16040085.28,1971361.87830769,0.647761409727296,"LM_SR","1"
"NJ2020",2,1,"T0_T17.5","c_Viruses","VPC",-235132.312280327,-4114815.46490573,825768.921342748,0.038960007082774,"LM_SR","1"
"NJ2020",2,1,"T0_T20.5","c_Viruses","VPC",334205.160294207,6851205.78603125,604562.364164273,0.0924473877619433,"LM_SR","1"
"NJ2020",2,1,"T0_T24","c_Viruses","VPC",968891.510055847,23253396.2413403,604203.469541188,0.391309506534263,"LM_SR","1"
"NJ2020",2,1,"T0_T3","c_Viruses","VPC",14498.9366666716,43496.8100000147,NA,1,"LM_SR","2"
"NJ2020",2,1,"T0_T6","c_Viruses","VPC",6609.80833333116,39658.849999987,4554.79036692042,0.678033741447871,"LM_SR","2"
"NJ2020",2,1,"T0_T17.5","c_Viruses","VPC",803921.238747777,14068621.6780861,190483.328568998,0.899051158610371,"LM_SR","2"
"NJ2020",2,1,"T0_T20.5","c_Viruses","VPC",701411.634382772,14378938.5048468,129944.034167987,0.906647396602976,"LM_SR","2"
"NJ2020",2,1,"T0_T24","c_Viruses","VPC",1140657.14234888,27375771.4163732,312659.538382316,0.768915128880147,"LM_SR","2"
"NJ2020",2,1,"T0_T3","c_Viruses","VPC",-166311.300000001,-498933.900000002,NA,1,"LM_SR","3"
"NJ2020",2,1,"T0_T6","c_Viruses","VPC",370149.253333332,2220895.51999999,309725.644876617,0.588178106377476,"LM_SR","3"
"NJ2020",2,1,"T0_T17.5","c_Viruses","VPC",-217514.955802205,-3806511.72653859,156923.585664989,0.48996887056876,"LM_SR","3"
"NJ2020",2,1,"T0_T20.5","c_Viruses","VPC",1557.33744616322,31925.417646346,164307.468755261,2.99444666893853e-05,"LM_SR","3"
"NJ2020",2,1,"T0_T24","c_Viruses","VPC",508285.865502628,12198860.7720631,363738.811126483,0.328036653566823,"LM_SR","3"
"NJ2020",6,1,"T0_T3","c_Viruses","VPC",-254157.783333334,-762473.350000001,NA,1,"LM_SR","1"
"NJ2020",6,1,"T0_T6","c_Viruses","VPC",-693070.363333336,-4158422.18000001,253406.296213712,0.882079844125744,"LM_SR","1"
"NJ2020",6,1,"T0_T9","c_Viruses","VPC",-1824861.40733333,-16423752.666,663194.244510374,0.791044946131664,"LM_SR","1"
"NJ2020",6,1,"T0_T12","c_Viruses","VPC",-839168.443333332,-10070021.32,685909.912751131,0.33285910334004,"LM_SR","1"
"NJ2020",6,1,"T0_T24","c_Viruses","VPC",-253598.081083334,-6086353.94600001,341742.540526819,0.121009147858726,"LM_SR","1"
"NJ2020",6,1,"T0_T3","c_Viruses","VPC",-235394.456666666,-706183.369999999,NA,1,"LM_SR","2"
"NJ2020",6,1,"T0_T6","c_Viruses","VPC",-797547.973333334,-4785287.84000001,324559.484173394,0.857923137506737,"LM_SR","2"
"NJ2020",6,1,"T0_T9","c_Viruses","VPC",-285458.422,-2569125.798,329362.527642371,0.273036157085205,"LM_SR","2"
"NJ2020",6,1,"T0_T12","c_Viruses","VPC",-335756.929333333,-4029083.152,192362.170964852,0.503850637338113,"LM_SR","2"
"NJ2020",6,1,"T0_T24","c_Viruses","VPC",-354333.688583333,-8504008.526,83467.7117340553,0.818358283052482,"LM_SR","2"
"NJ2020",6,1,"T0_T3","c_Viruses","VPC",25586.3533333321,76759.0599999962,NA,1,"LM_SR","3"
"NJ2020",6,1,"T0_T6","c_Viruses","VPC",-925906.183333335,-5555437.10000001,549344.472176419,0.739639256932815,"LM_SR","3"
"NJ2020",6,1,"T0_T9","c_Viruses","VPC",-668827.292,-6019445.628,287029.130830333,0.730810211395113,"LM_SR","3"
"NJ2020",6,1,"T0_T12","c_Viruses","VPC",-525010.660666666,-6300127.92799999,185354.56598394,0.727838535254298,"LM_SR","3"
"NJ2020",6,1,"T0_T24","c_Viruses","VPC",-346700.42625,-8320810.23,95348.5923435204,0.767731969479598,"LM_SR","3"
"NJ2020",2,1,"T0_T3","c_Viruses","VPC",0,0,NA,NA,"VPCL_SR","1"
"NJ2020",2,1,"T0_T6","c_Viruses","VPC",6087846.48,18263539.44,NA,NA,"VPCL_SR","1"
"NJ2020",2,1,"T0_T17.5","c_Viruses","VPC",6087846.48,18263539.44,NA,NA,"VPCL_SR","1"
"NJ2020",2,1,"T0_T20.5","c_Viruses","VPC",6346588.485,38079530.91,NA,NA,"VPCL_SR","1"
"NJ2020",2,1,"T0_T24","c_Viruses","VPC",6139478.43076923,58505756.92,NA,NA,"VPCL_SR","1"
"NJ2020",2,1,"T0_T3","c_Viruses","VPC",14498.9366666675,43496.8100000024,NA,NA,"VPCL_SR","2"
"NJ2020",2,1,"T0_T6","c_Viruses","VPC",14498.9366666675,43496.8100000024,NA,NA,"VPCL_SR","2"
"NJ2020",2,1,"T0_T17.5","c_Viruses","VPC",570927.970507247,13008102.36,NA,NA,"VPCL_SR","2"
"NJ2020",2,1,"T0_T20.5","c_Viruses","VPC",570927.970507247,13008102.36,NA,NA,"VPCL_SR","2"
"NJ2020",2,1,"T0_T24","c_Viruses","VPC",2482415.78319531,35076972.29,NA,NA,"VPCL_SR","2"
"NJ2020",2,1,"T0_T3","c_Viruses","VPC",0,0,NA,NA,"VPCL_SR","3"
"NJ2020",2,1,"T0_T6","c_Viruses","VPC",906609.806666667,2719829.42,NA,NA,"VPCL_SR","3"
"NJ2020",2,1,"T0_T17.5","c_Viruses","VPC",906609.806666667,2719829.42,NA,NA,"VPCL_SR","3"
"NJ2020",2,1,"T0_T20.5","c_Viruses","VPC",1550639.65666667,9303837.94,NA,NA,"VPCL_SR","3"
"NJ2020",2,1,"T0_T24","c_Viruses","VPC",2372183.03948718,27665245.19,NA,NA,"VPCL_SR","3"
"NJ2020",6,1,"T0_T3","c_Viruses","VPC",0,0,NA,NA,"VPCL_SR","1"
"NJ2020",6,1,"T0_T6","c_Viruses","VPC",0,0,NA,NA,"VPCL_SR","1"
"NJ2020",6,1,"T0_T9","c_Viruses","VPC",0,0,NA,NA,"VPCL_SR","1"
"NJ2020",6,1,"T0_T12","c_Viruses","VPC",4235394.45666667,12706183.37,NA,NA,"VPCL_SR","1"
"NJ2020",6,1,"T0_T24","c_Viruses","VPC",4235394.45666667,12706183.37,NA,NA,"VPCL_SR","1"
"NJ2020",6,1,"T0_T3","c_Viruses","VPC",0,0,NA,NA,"VPCL_SR","2"
"NJ2020",6,1,"T0_T6","c_Viruses","VPC",0,0,NA,NA,"VPCL_SR","2"
"NJ2020",6,1,"T0_T9","c_Viruses","VPC",1096801.70333333,3290405.11,NA,NA,"VPCL_SR","2"
"NJ2020",6,1,"T0_T12","c_Viruses","VPC",1096801.70333333,3290405.11,NA,NA,"VPCL_SR","2"
"NJ2020",6,1,"T0_T24","c_Viruses","VPC",1096801.70333333,3290405.11,NA,NA,"VPCL_SR","2"
"NJ2020",6,1,"T0_T3","c_Viruses","VPC",25586.3533333329,76759.0599999987,NA,NA,"VPCL_SR","3"
"NJ2020",6,1,"T0_T6","c_Viruses","VPC",25586.3533333329,76759.0599999987,NA,NA,"VPCL_SR","3"
"NJ2020",6,1,"T0_T9","c_Viruses","VPC",136886.993333333,821321.960000001,NA,NA,"VPCL_SR","3"
"NJ2020",6,1,"T0_T12","c_Viruses","VPC",136886.993333333,821321.960000001,NA,NA,"VPCL_SR","3"
"NJ2020",6,1,"T0_T24","c_Viruses","VPC",136886.993333333,821321.960000001,NA,NA,"VPCL_SR","3"
"NJ2020",2,1,"T0_T3","c_V1","VPC",-617230.233333332,-1851690.7,NA,1,"LM_SR","1"
"NJ2020",2,1,"T0_T6","c_V1","VPC",2788924.65833334,16733547.95,1966544.44360531,0.667911984152095,"LM_SR","1"
"NJ2020",2,1,"T0_T17.5","c_V1","VPC",-204657.946695126,-3581514.0671647,842371.760364002,0.0286673544654264,"LM_SR","1"
"NJ2020",2,1,"T0_T20.5","c_V1","VPC",313289.55641189,6422435.90644375,595053.049068861,0.0845821263661061,"LM_SR","1"
"NJ2020",2,1,"T0_T24","c_V1","VPC",938474.369743758,22523384.8738502,594934.592197232,0.383507681926051,"LM_SR","1"
"NJ2020",2,1,"T0_T3","c_V1","VPC",8163.86999999973,24491.6099999992,NA,1,"LM_SR","2"
"NJ2020",2,1,"T0_T6","c_V1","VPC",34156.3349999985,204938.009999991,15006.7566646532,0.838199909001481,"LM_SR","2"
"NJ2020",2,1,"T0_T17.5","c_V1","VPC",811761.309477054,14205822.9158485,185803.643969535,0.905156923786726,"LM_SR","2"
"NJ2020",2,1,"T0_T20.5","c_V1","VPC",677014.764977252,13878802.6820337,138449.149688818,0.888525517588365,"LM_SR","2"
"NJ2020",2,1,"T0_T24","c_V1","VPC",1105765.64735874,26538375.5366097,307638.929591672,0.763585520606073,"LM_SR","2"
"NJ2020",2,1,"T0_T3","c_V1","VPC",-220583.843333332,-661751.529999996,NA,1,"LM_SR","3"
"NJ2020",2,1,"T0_T6","c_V1","VPC",409311.584999997,2455869.50999998,363670.295109567,0.558840601722929,"LM_SR","3"
"NJ2020",2,1,"T0_T17.5","c_V1","VPC",-175730.288715759,-3075280.05252579,162204.755051142,0.369825531623369,"LM_SR","3"
"NJ2020",2,1,"T0_T20.5","c_V1","VPC",-1042.67761298151,-21374.891066121,144741.696363386,1.72975268981731e-05,"LM_SR","3"
"NJ2020",2,1,"T0_T24","c_V1","VPC",481746.8256636,11561923.8159264,344045.078396289,0.328935779987099,"LM_SR","3"
"NJ2020",6,1,"T0_T3","c_V1","VPC",-148265.716666666,-444797.149999999,NA,1,"LM_SR","1"
"NJ2020",6,1,"T0_T6","c_V1","VPC",-607394.571666668,-3644367.43000001,265078.168026974,0.840010703620221,"LM_SR","1"
"NJ2020",6,1,"T0_T9","c_V1","VPC",-1576190.78176667,-14185717.0359,571759.261053941,0.791658144035701,"LM_SR","1"
"NJ2020",6,1,"T0_T12","c_V1","VPC",-712656.841366667,-8551882.0964,597940.777118632,0.321345414646333,"LM_SR","1"
"NJ2020",6,1,"T0_T24","c_V1","VPC",-217881.941833334,-5229166.60400001,295698.585320423,0.11951101061643,"LM_SR","1"
"NJ2020",6,1,"T0_T3","c_V1","VPC",-206212.879999999,-618638.639999997,NA,1,"LM_SR","2"
"NJ2020",6,1,"T0_T6","c_V1","VPC",-701284.940000003,-4207709.64000002,285829.987109261,0.857543375192876,"LM_SR","2"
"NJ2020",6,1,"T0_T9","c_V1","VPC",-284430.514,-2559874.626,272511.089312171,0.352623340014349,"LM_SR","2"
"NJ2020",6,1,"T0_T12","c_V1","VPC",-293559.113999999,-3522709.36799999,157422.600173404,0.536852536208238,"LM_SR","2"
"NJ2020",6,1,"T0_T24","c_V1","VPC",-328117.9995,-7874831.98800001,68892.147241813,0.850097738661256,"LM_SR","2"
"NJ2020",6,1,"T0_T3","c_V1","VPC",93857.5966666663,281572.789999999,NA,1,"LM_SR","3"
"NJ2020",6,1,"T0_T6","c_V1","VPC",-828253.938333335,-4969523.63000001,532381.342955108,0.707633780341139,"LM_SR","3"
"NJ2020",6,1,"T0_T9","c_V1","VPC",-597394.061333333,-5376546.552,272857.850296002,0.705599107176955,"LM_SR","3"
"NJ2020",6,1,"T0_T12","c_V1","VPC",-461083.686333333,-5533004.236,176098.386137594,0.695606134143779,"LM_SR","3"
"NJ2020",6,1,"T0_T24","c_V1","VPC",-343033.504833333,-8232804.116,83521.3490436128,0.808324125930551,"LM_SR","3"
"NJ2020",2,1,"T0_T3","c_V1","VPC",0,0,NA,NA,"VPCL_SR","1"
"NJ2020",2,1,"T0_T6","c_V1","VPC",6195079.55,18585238.65,NA,NA,"VPCL_SR","1"
"NJ2020",2,1,"T0_T17.5","c_V1","VPC",6195079.55,18585238.65,NA,NA,"VPCL_SR","1"
"NJ2020",2,1,"T0_T20.5","c_V1","VPC",6178646.17,37071877.02,NA,NA,"VPCL_SR","1"
"NJ2020",2,1,"T0_T24","c_V1","VPC",6104783.37807692,57679405.49,NA,NA,"VPCL_SR","1"
"NJ2020",2,1,"T0_T3","c_V1","VPC",8163.8699999998,24491.6099999994,NA,NA,"VPCL_SR","2"
"NJ2020",2,1,"T0_T6","c_V1","VPC",34156.3350000003,204938.010000002,NA,NA,"VPCL_SR","2"
"NJ2020",2,1,"T0_T17.5","c_V1","VPC",750519.190285714,13134085.83,NA,NA,"VPCL_SR","2"
"NJ2020",2,1,"T0_T20.5","c_V1","VPC",750519.190285714,13134085.83,NA,NA,"VPCL_SR","2"
"NJ2020",2,1,"T0_T24","c_V1","VPC",3511553.70085714,35088144.57,NA,NA,"VPCL_SR","2"
"NJ2020",2,1,"T0_T3","c_V1","VPC",0,0,NA,NA,"VPCL_SR","3"
"NJ2020",2,1,"T0_T6","c_V1","VPC",1039207.01333333,3117621.04,NA,NA,"VPCL_SR","3"
"NJ2020",2,1,"T0_T17.5","c_V1","VPC",1039207.01333333,3117621.04,NA,NA,"VPCL_SR","3"
"NJ2020",2,1,"T0_T20.5","c_V1","VPC",1417563.87166667,8505383.23,NA,NA,"VPCL_SR","3"
"NJ2020",2,1,"T0_T24","c_V1","VPC",2312207.42128205,26421471.93,NA,NA,"VPCL_SR","3"
"NJ2020",6,1,"T0_T3","c_V1","VPC",0,0,NA,NA,"VPCL_SR","1"
"NJ2020",6,1,"T0_T6","c_V1","VPC",0,0,NA,NA,"VPCL_SR","1"
"NJ2020",6,1,"T0_T9","c_V1","VPC",0,0,NA,NA,"VPCL_SR","1"
"NJ2020",6,1,"T0_T12","c_V1","VPC",3710275.13033333,11130825.391,NA,NA,"VPCL_SR","1"
"NJ2020",6,1,"T0_T24","c_V1","VPC",3710275.13033333,11130825.391,NA,NA,"VPCL_SR","1"
"NJ2020",6,1,"T0_T3","c_V1","VPC",0,0,NA,NA,"VPCL_SR","2"
"NJ2020",6,1,"T0_T6","c_V1","VPC",0,0,NA,NA,"VPCL_SR","2"
"NJ2020",6,1,"T0_T9","c_V1","VPC",853253.833333333,2559761.5,NA,NA,"VPCL_SR","2"
"NJ2020",6,1,"T0_T12","c_V1","VPC",853253.833333333,2559761.5,NA,NA,"VPCL_SR","2"
"NJ2020",6,1,"T0_T24","c_V1","VPC",853253.833333333,2559761.5,NA,NA,"VPCL_SR","2"
"NJ2020",6,1,"T0_T3","c_V1","VPC",93857.5966666664,281572.789999999,NA,NA,"VPCL_SR","3"
"NJ2020",6,1,"T0_T6","c_V1","VPC",93857.5966666664,281572.789999999,NA,NA,"VPCL_SR","3"
"NJ2020",6,1,"T0_T9","c_V1","VPC",171253.546666666,1027521.28,NA,NA,"VPCL_SR","3"
"NJ2020",6,1,"T0_T12","c_V1","VPC",171253.546666666,1027521.28,NA,NA,"VPCL_SR","3"
"NJ2020",6,1,"T0_T24","c_V1","VPC",171253.546666666,1027521.28,NA,NA,"VPCL_SR","3"
"NJ2020",2,1,"T0_T3","c_V2","VPC",-98489.9003333331,-295469.700999999,NA,1,"LM_SR","1"
"NJ2020",2,1,"T0_T6","c_V2","VPC",-99052.1586666669,-594312.952000001,324.620000103839,0.999989259660902,"LM_SR","1"
"NJ2020",2,1,"T0_T17.5","c_V2","VPC",-30973.0537111348,-542028.439944859,16264.5064650562,0.644538490457472,"LM_SR","1"
"NJ2020",2,1,"T0_T20.5","c_V2","VPC",24238.119019715,496881.439904156,35398.6744104992,0.135157351415879,"LM_SR","1"
"NJ2020",2,1,"T0_T24","c_V2","VPC",32106.4452605124,770554.686252299,25287.8200657924,0.287240034465741,"LM_SR","1"
"NJ2020",2,1,"T0_T3","c_V2","VPC",-20561.014,-61683.0420000001,NA,1,"LM_SR","2"
"NJ2020",2,1,"T0_T6","c_V2","VPC",-39849.6150000002,-239097.690000001,11136.2789796412,0.927560693951123,"LM_SR","2"
"NJ2020",2,1,"T0_T17.5","c_V2","VPC",-6418.31345357524,-112320.485437567,8375.13747084931,0.226992565211702,"LM_SR","2"
"NJ2020",2,1,"T0_T20.5","c_V2","VPC",28388.6479454049,581967.2828808,22036.2058555531,0.356174432590235,"LM_SR","2"
"NJ2020",2,1,"T0_T24","c_V2","VPC",38502.6762339027,924064.229613666,16856.6134548394,0.566030817818322,"LM_SR","2"
"NJ2020",2,1,"T0_T3","c_V2","VPC",45073.8719999998,135221.616,NA,1,"LM_SR","3"
"NJ2020",2,1,"T0_T6","c_V2","VPC",-45245.6483333337,-271473.890000002,52145.9993775276,0.429502325473502,"LM_SR","3"
"NJ2020",2,1,"T0_T17.5","c_V2","VPC",-38955.6774251156,-681724.354939524,11897.7181635994,0.842773209448281,"LM_SR","3"
"NJ2020",2,1,"T0_T20.5","c_V2","VPC",5377.62436912344,110241.299567031,28242.4651894274,0.0119409089211027,"LM_SR","3"
"NJ2020",2,1,"T0_T24","c_V2","VPC",26717.9281461892,641230.275508541,24496.6723487602,0.229223785836416,"LM_SR","3"
"NJ2020",6,1,"T0_T3","c_V2","VPC",-104508.388333333,-313525.164999999,NA,1,"LM_SR","1"
"NJ2020",6,1,"T0_T6","c_V2","VPC",-61272.1775000002,-367633.065000001,24962.4379633645,0.857650003274414,"LM_SR","1"
"NJ2020",6,1,"T0_T9","c_V2","VPC",-202693.021866667,-1824237.1968,82408.9987133805,0.751541162972938,"LM_SR","1"
"NJ2020",6,1,"T0_T12","c_V2","VPC",-97369.9030999999,-1168438.8372,77210.108180383,0.346459463893658,"LM_SR","1"
"NJ2020",6,1,"T0_T24","c_V2","VPC",-26607.6121083334,-638582.690600001,39179.5584862702,0.103380987972635,"LM_SR","1"
"NJ2020",6,1,"T0_T3","c_V2","VPC",-27813.730333333,-83441.190999999,NA,1,"LM_SR","2"
"NJ2020",6,1,"T0_T6","c_V2","VPC",-82801.8698333337,-496811.219000002,31747.4171425615,0.871834648404897,"LM_SR","2"
"NJ2020",6,1,"T0_T9","c_V2","VPC",10538.1027666667,94842.9249000005,55728.7764747054,0.0175646630079073,"LM_SR","2"
"NJ2020",6,1,"T0_T12","c_V2","VPC",-30517.3318,-366207.9816,39963.5051633593,0.162743372897693,"LM_SR","2"
"NJ2020",6,1,"T0_T24","c_V2","VPC",-23939.5067083334,-574548.161000001,17408.5747766623,0.321004371466726,"LM_SR","2"
"NJ2020",6,1,"T0_T3","c_V2","VPC",-73285.7979999996,-219857.393999999,NA,1,"LM_SR","3"
"NJ2020",6,1,"T0_T6","c_V2","VPC",-68374.007666667,-410244.046000002,2835.82347115316,0.998282764390345,"LM_SR","3"
"NJ2020",6,1,"T0_T9","c_V2","VPC",-55875.4822333333,-502879.3401,7326.6243901587,0.96675608256808,"LM_SR","3"
"NJ2020",6,1,"T0_T12","c_V2","VPC",-49771.0169666666,-597252.2036,5505.87326244764,0.964587052620719,"LM_SR","3"
"NJ2020",6,1,"T0_T24","c_V2","VPC",-4497.22508333338,-107933.402000001,13285.0924358696,0.0278505097796772,"LM_SR","3"
"NJ2020",2,1,"T0_T3","c_V2","VPC",0,0,NA,NA,"VPCL_SR","1"
"NJ2020",2,1,"T0_T6","c_V2","VPC",0,0,NA,NA,"VPCL_SR","1"
"NJ2020",2,1,"T0_T17.5","c_V2","VPC",0,0,NA,NA,"VPCL_SR","1"
"NJ2020",2,1,"T0_T20.5","c_V2","VPC",487496.632,1462489.896,NA,NA,"VPCL_SR","1"
"NJ2020",2,1,"T0_T24","c_V2","VPC",487496.632,1462489.896,NA,NA,"VPCL_SR","1"
"NJ2020",2,1,"T0_T3","c_V2","VPC",0,0,NA,NA,"VPCL_SR","2"
"NJ2020",2,1,"T0_T6","c_V2","VPC",0,0,NA,NA,"VPCL_SR","2"
"NJ2020",2,1,"T0_T17.5","c_V2","VPC",8791.86686956526,101106.469000001,NA,NA,"VPCL_SR","2"
"NJ2020",2,1,"T0_T20.5","c_V2","VPC",74083.5468275862,1074211.429,NA,NA,"VPCL_SR","2"
"NJ2020",2,1,"T0_T24","c_V2","VPC",64143.4128888889,1154581.432,NA,NA,"VPCL_SR","2"
"NJ2020",2,1,"T0_T3","c_V2","VPC",45073.8719999998,135221.615999999,NA,NA,"VPCL_SR","3"
"NJ2020",2,1,"T0_T6","c_V2","VPC",45073.8719999998,135221.615999999,NA,NA,"VPCL_SR","3"
"NJ2020",2,1,"T0_T17.5","c_V2","VPC",45073.8719999998,135221.615999999,NA,NA,"VPCL_SR","3"
"NJ2020",2,1,"T0_T20.5","c_V2","VPC",221227.537833333,1327365.227,NA,NA,"VPCL_SR","3"
"NJ2020",2,1,"T0_T24","c_V2","VPC",140957.803230769,1674692.89,NA,NA,"VPCL_SR","3"
"NJ2020",6,1,"T0_T3","c_V2","VPC",0,0,NA,NA,"VPCL_SR","1"
"NJ2020",6,1,"T0_T6","c_V2","VPC",0,0,NA,NA,"VPCL_SR","1"
"NJ2020",6,1,"T0_T9","c_V2","VPC",0,0,NA,NA,"VPCL_SR","1"
"NJ2020",6,1,"T0_T12","c_V2","VPC",465343.416333333,1396030.249,NA,NA,"VPCL_SR","1"
"NJ2020",6,1,"T0_T24","c_V2","VPC",465343.416333333,1396030.249,NA,NA,"VPCL_SR","1"
"NJ2020",6,1,"T0_T3","c_V2","VPC",0,0,NA,NA,"VPCL_SR","2"
"NJ2020",6,1,"T0_T6","c_V2","VPC",0,0,NA,NA,"VPCL_SR","2"
"NJ2020",6,1,"T0_T9","c_V2","VPC",246660.752,739982.256,NA,NA,"VPCL_SR","2"
"NJ2020",6,1,"T0_T12","c_V2","VPC",246660.752,739982.256,NA,NA,"VPCL_SR","2"
"NJ2020",6,1,"T0_T24","c_V2","VPC",124913.393833333,777974.684,NA,NA,"VPCL_SR","2"
"NJ2020",6,1,"T0_T3","c_V2","VPC",0,0,NA,NA,"VPCL_SR","3"
"NJ2020",6,1,"T0_T6","c_V2","VPC",0,0,NA,NA,"VPCL_SR","3"
"NJ2020",6,1,"T0_T9","c_V2","VPC",0,0,NA,NA,"VPCL_SR","3"
"NJ2020",6,1,"T0_T12","c_V2","VPC",0,0,NA,NA,"VPCL_SR","3"
"NJ2020",6,1,"T0_T24","c_V2","VPC",37724.3341666667,452692.01,NA,NA,"VPCL_SR","3"
"NJ2020",2,1,"T0_T3","c_V3","VPC",-25431.2522333333,-76293.7566999998,NA,1,"LM_SR","1"
"NJ2020",2,1,"T0_T6","c_V3","VPC",-16524.9518333334,-99149.7110000002,5142.05493342368,0.911721449857979,"LM_SR","1"
"NJ2020",2,1,"T0_T17.5","c_V3","VPC",498.688468303099,8727.04819530424,4230.2534149821,0.00690062764447181,"LM_SR","1"
"NJ2020",2,1,"T0_T20.5","c_V3","VPC",-3322.51492465877,-68111.5559555049,3450.9925233807,0.23604398753288,"LM_SR","1"
"NJ2020",2,1,"T0_T24","c_V3","VPC",-1689.30460584758,-40543.3105403418,2653.74143424218,0.0919878349417277,"LM_SR","1"
"NJ2020",2,1,"T0_T3","c_V3","VPC",26896.0800333334,80688.2401000003,NA,1,"LM_SR","2"
"NJ2020",2,1,"T0_T6","c_V3","VPC",12303.0882333333,73818.5293999998,8425.267744012,0.680752057230892,"LM_SR","2"
"NJ2020",2,1,"T0_T17.5","c_V3","VPC",-1421.75728388473,-24880.7524679828,3793.10669022509,0.0656366781187385,"LM_SR","2"
"NJ2020",2,1,"T0_T20.5","c_V3","VPC",-3991.77854340309,-81831.4601397634,2760.92335022002,0.410652443768627,"LM_SR","2"
"NJ2020",2,1,"T0_T24","c_V3","VPC",-3611.18116162944,-86668.3478791066,1944.87245882103,0.462913899700643,"LM_SR","2"
"NJ2020",2,1,"T0_T3","c_V3","VPC",9198.67133333338,27596.0140000001,NA,1,"LM_SR","3"
"NJ2020",2,1,"T0_T6","c_V3","VPC",6083.31798333327,36499.9078999996,1798.65009524326,0.919607618500626,"LM_SR","3"
"NJ2020",2,1,"T0_T17.5","c_V3","VPC",-2828.98962753469,-49507.318481857,2167.75084170063,0.459914158635818,"LM_SR","3"
"NJ2020",2,1,"T0_T20.5","c_V3","VPC",-2777.60899317561,-56940.9843601,1292.42464201117,0.606238633096575,"LM_SR","3"
"NJ2020",2,1,"T0_T24","c_V3","VPC",-178.887974178719,-4293.31138028926,1986.90979815296,0.00202239876624126,"LM_SR","3"
"NJ2020",6,1,"T0_T3","c_V3","VPC",-1383.67596666666,-4151.02789999999,NA,1,"LM_SR","1"
"NJ2020",6,1,"T0_T6","c_V3","VPC",-24403.6136166667,-146421.6817,13290.5671989559,0.77124478996373,"LM_SR","1"
"NJ2020",6,1,"T0_T9","c_V3","VPC",-45977.6037066667,-413798.43336,13801.2143703057,0.847308906512167,"LM_SR","1"
"NJ2020",6,1,"T0_T12","c_V3","VPC",-29141.6993633333,-349700.39236,12568.7601238547,0.641826194659273,"LM_SR","1"
"NJ2020",6,1,"T0_T24","c_V3","VPC",-9108.52717916667,-218604.6523,7941.28916184909,0.247493827610839,"LM_SR","1"
"NJ2020",6,1,"T0_T3","c_V3","VPC",-1367.8442,-4103.53259999999,NA,1,"LM_SR","2"
"NJ2020",6,1,"T0_T6","c_V3","VPC",-13461.1643,-80766.9858000002,6982.08161513129,0.788001943071363,"LM_SR","2"
"NJ2020",6,1,"T0_T9","c_V3","VPC",-11566.01126,-104094.10134,3308.63936048411,0.859352231241447,"LM_SR","2"
"NJ2020",6,1,"T0_T12","c_V3","VPC",-11680.4840066667,-140165.80808,1911.38679388152,0.925640083806718,"LM_SR","2"
"NJ2020",6,1,"T0_T24","c_V3","VPC",-2276.18247333333,-54628.37936,2838.14840095999,0.138524581865556,"LM_SR","2"
"NJ2020",6,1,"T0_T3","c_V3","VPC",5014.5531333334,15043.6594000002,NA,1,"LM_SR","3"
"NJ2020",6,1,"T0_T6","c_V3","VPC",-29278.2375333334,-175669.4252,19798.9519226635,0.686203809419018,"LM_SR","3"
"NJ2020",6,1,"T0_T9","c_V3","VPC",-15557.74854,-140019.73686,11880.6694053512,0.461611976263106,"LM_SR","3"
"NJ2020",6,1,"T0_T12","c_V3","VPC",-14155.9575733333,-169871.49088,6906.8884319322,0.583369337036749,"LM_SR","3"
"NJ2020",6,1,"T0_T24","c_V3","VPC",830.303409166658,19927.2818199998,5259.31325373308,0.00619238419638909,"LM_SR","3"
"NJ2020",2,1,"T0_T3","c_V3","VPC",0,0,NA,NA,"VPCL_SR","1"
"NJ2020",2,1,"T0_T6","c_V3","VPC",0,0,NA,NA,"VPCL_SR","1"
"NJ2020",2,1,"T0_T17.5","c_V3","VPC",6615.35632173913,76076.5977,NA,NA,"VPCL_SR","1"
"NJ2020",2,1,"T0_T20.5","c_V3","VPC",6615.35632173913,76076.5977,NA,NA,"VPCL_SR","1"
"NJ2020",2,1,"T0_T24","c_V3","VPC",18287.4678465838,180935.1255,NA,NA,"VPCL_SR","1"
"NJ2020",2,1,"T0_T3","c_V3","VPC",26896.0800333334,80688.2401000001,NA,NA,"VPCL_SR","2"
"NJ2020",2,1,"T0_T6","c_V3","VPC",26896.0800333334,80688.2401000001,NA,NA,"VPCL_SR","2"
"NJ2020",2,1,"T0_T17.5","c_V3","VPC",26896.0800333334,80688.2401000001,NA,NA,"VPCL_SR","2"
"NJ2020",2,1,"T0_T20.5","c_V3","VPC",26896.0800333334,80688.2401000001,NA,NA,"VPCL_SR","2"
"NJ2020",2,1,"T0_T24","c_V3","VPC",18368.2100880952,115129.4306,NA,NA,"VPCL_SR","2"
"NJ2020",2,1,"T0_T3","c_V3","VPC",9198.67133333332,27596.014,NA,NA,"VPCL_SR","3"
"NJ2020",2,1,"T0_T6","c_V3","VPC",6083.31798333333,36499.9079,NA,NA,"VPCL_SR","3"
"NJ2020",2,1,"T0_T17.5","c_V3","VPC",6083.31798333333,36499.9079,NA,NA,"VPCL_SR","3"
"NJ2020",2,1,"T0_T20.5","c_V3","VPC",3725.447175,40602.637,NA,NA,"VPCL_SR","3"
"NJ2020",2,1,"T0_T24","c_V3","VPC",10895.0139378205,138593.5222,NA,NA,"VPCL_SR","3"
"NJ2020",6,1,"T0_T3","c_V3","VPC",0,0,NA,NA,"VPCL_SR","1"
"NJ2020",6,1,"T0_T6","c_V3","VPC",0,0,NA,NA,"VPCL_SR","1"
"NJ2020",6,1,"T0_T9","c_V3","VPC",0,0,NA,NA,"VPCL_SR","1"
"NJ2020",6,1,"T0_T12","c_V3","VPC",59775.9081,179327.7243,NA,NA,"VPCL_SR","1"
"NJ2020",6,1,"T0_T24","c_V3","VPC",13960.5358866667,209408.0383,NA,NA,"VPCL_SR","1"
"NJ2020",6,1,"T0_T3","c_V3","VPC",0,0,NA,NA,"VPCL_SR","2"
"NJ2020",6,1,"T0_T6","c_V3","VPC",0,0,NA,NA,"VPCL_SR","2"
"NJ2020",6,1,"T0_T9","c_V3","VPC",0,0,NA,NA,"VPCL_SR","2"
"NJ2020",6,1,"T0_T12","c_V3","VPC",0,0,NA,NA,"VPCL_SR","2"
"NJ2020",6,1,"T0_T24","c_V3","VPC",7185.35543333333,86224.2652,NA,NA,"VPCL_SR","2"
"NJ2020",6,1,"T0_T3","c_V3","VPC",5014.55313333333,15043.6594,NA,NA,"VPCL_SR","3"
"NJ2020",6,1,"T0_T6","c_V3","VPC",5014.55313333333,15043.6594,NA,NA,"VPCL_SR","3"
"NJ2020",6,1,"T0_T9","c_V3","VPC",16451.1045666667,98706.6274,NA,NA,"VPCL_SR","3"
"NJ2020",6,1,"T0_T12","c_V3","VPC",16451.1045666667,98706.6274,NA,NA,"VPCL_SR","3"
"NJ2020",6,1,"T0_T24","c_V3","VPC",16005.9593472222,280094.6543,NA,NA,"VPCL_SR","3"
